pathogen,location,species,measure,report_date,value,outlier,quality_flag,sources,n_sources
Ebola Virus,"Affected Region, Congo",humans,confirmed_cases,2026-08-10,4200,False,good,https://www.union-bulletin.com/news/world/who-says-congos-fast-moving-ebola-outbreak-started-months-before-it-was-declared/article_018086d8-ad36-5457-ab03-d3b075341907.html,1
Ebola Virus,"Affected Region, Congo",humans,confirmed_deaths,2026-08-10,1900,False,good,https://www.union-bulletin.com/news/world/who-says-congos-fast-moving-ebola-outbreak-started-months-before-it-was-declared/article_018086d8-ad36-5457-ab03-d3b075341907.html,1
Ebola Virus,"Africa, Congo",humans,confirmed_cases,2026-08-06,3874,False,good,http://www.thegazette.com/news/world/who-chief-says-ebola-outbreak-is-outpacing-response-as-aid-workers-strike-over-pay/article_24c574c4-cc02-5e41-92a0-856b2ea53632.html,1
Ebola Virus,"Africa, Congo",humans,confirmed_deaths,2026-08-06,1751,False,good,http://www.thegazette.com/news/world/who-chief-says-ebola-outbreak-is-outpacing-response-as-aid-workers-strike-over-pay/article_24c574c4-cc02-5e41-92a0-856b2ea53632.html,1
Ebola Virus,"Africa, Democratic Republic of the Congo",humans,confirmed_cases,2026-08-06,3874,False,good,https://www.bssnews.net/news/412131,1
Ebola Virus,"Africa, Democratic Republic of the Congo",humans,confirmed_cases,2026-08-06,4000,False,good,https://www.zeit.de/politik/ausland/2026-08/abdul-el-sayed-michigan-us-senat-vorwahl-donald-trump,1
Ebola Virus,"Africa, Democratic Republic of the Congo",humans,confirmed_cases,2026-08-06,3973,False,good,https://www.infobae.com/america/mundo/2026/08/06/la-oms-afirmo-que-el-brote-de-ebola-en-africa-esta-superando-la-capacidad-de-respuesta-para-combatirlo/,1
Ebola Virus,"Africa, Democratic Republic of the Congo",humans,confirmed_cases,2026-08-06,3200,True,chi-sq,https://g1.globo.com/saude/noticia/2026/08/06/republica-democratica-do-congo-tem-mais-de-mil-novos-casos-de-ebola-em-10-dias.ghtml,1
Ebola Virus,"Africa, Democratic Republic of the Congo",humans,confirmed_cases,2026-08-12,4381,False,good,https://www.fox10phoenix.com/news/deadly-disease-outbreak-kills-2000-what-to-know,1
Ebola Virus,"Africa, Democratic Republic of the Congo",humans,confirmed_cases,2026-08-15,4556,False,good,https://euronews.al/alarm-nga-okb-ebola-vret-nje-person-ne-cdo-30-minuta-me-shume-se-2100-te-vdekur-brenda-tre-muajve-ne-kongo/; https://www.inewsgr.com/27/epidimia-ebola-sto-kongko-enas-thanatos-kathe-30-lepta--exaplonetai-tachytera-apo-opoiadipote-alli.htm; https://www.newsbomb.gr/kosmos/story/1756609/oie-i-epidimia-tou-empola-sti-ld-kongko-stoixizei-ti-zoi-se-enan-anthropo-kathe-30-lepta; https://zhurnal.mk/ebola-ne-kongo-mbi-2-mije-viktima-dhe-alarm-per-mungesen-e-ndihmes-nderkombetare/,4
Ebola Virus,"Africa, Democratic Republic of the Congo",humans,confirmed_deaths,2026-08-05,1700,False,good,https://intoleranciadiario.com/articles/internacional/2026/08/04/1056166-sin-llegar-al-punto-maximo-brote-de-ebola-supera-las-mil-700-muertes-en-el-congo.html,1
Ebola Virus,"Africa, Democratic Republic of the Congo",humans,confirmed_deaths,2026-08-06,1751,False,good,https://www.bssnews.net/news/412131,1
Ebola Virus,"Africa, Democratic Republic of the Congo",humans,confirmed_deaths,2026-08-06,1800,False,good,https://www.zeit.de/politik/ausland/2026-08/abdul-el-sayed-michigan-us-senat-vorwahl-donald-trump,1
Ebola Virus,"Africa, Democratic Republic of the Congo",humans,confirmed_deaths,2026-08-06,1801,False,good,https://www.infobae.com/america/mundo/2026/08/06/la-oms-afirmo-que-el-brote-de-ebola-en-africa-esta-superando-la-capacidad-de-respuesta-para-combatirlo/,1
Ebola Virus,"Africa, Democratic Republic of the Congo",humans,confirmed_deaths,2026-08-06,1405,True,chi-sq,https://g1.globo.com/saude/noticia/2026/08/06/republica-democratica-do-congo-tem-mais-de-mil-novos-casos-de-ebola-em-10-dias.ghtml,1
Ebola Virus,"Africa, Democratic Republic of the Congo",humans,confirmed_deaths,2026-08-07,5,True,chi-sq,https://allafrica.com/stories/202608070090.html,1
Ebola Virus,"Africa, Democratic Republic of the Congo",humans,confirmed_deaths,2026-08-15,2128,False,good,https://euronews.al/alarm-nga-okb-ebola-vret-nje-person-ne-cdo-30-minuta-me-shume-se-2100-te-vdekur-brenda-tre-muajve-ne-kongo/; https://www.inewsgr.com/27/epidimia-ebola-sto-kongko-enas-thanatos-kathe-30-lepta--exaplonetai-tachytera-apo-opoiadipote-alli.htm; https://www.newsbomb.gr/kosmos/story/1756609/oie-i-epidimia-tou-empola-sti-ld-kongko-stoixizei-ti-zoi-se-enan-anthropo-kathe-30-lepta; https://zhurnal.mk/ebola-ne-kongo-mbi-2-mije-viktima-dhe-alarm-per-mungesen-e-ndihmes-nderkombetare/,4
Ebola Virus,"Africa, Democratic Republic of the Congo",humans,suspected_cases,2026-08-07,5,False,good,https://allafrica.com/stories/202608070090.html,1
Ebola Virus,"Africa, Democratic Republic of the Congo",humans,suspected_deaths,2026-08-07,5,False,good,https://allafrica.com/stories/202608070090.html,1
Ebola Virus,"Bunia Province, Democratic Republic of the Congo",humans,confirmed_cases,2026-08-01,598,False,good,https://www.rtvslo.si/svet/who-izbruh-ebole-v-dr-kongu-najvecji-doslej/789727,1
Ebola Virus,"Bunia Province, Democratic Republic of the Congo",humans,confirmed_cases,2026-08-05,554,False,good,https://www.gosc.pl/doc/9835195.Lekarze-bez-Granic-epidemia-eboli-w-DRK-najwieksza-z-notowanych,1
Ebola Virus,"Butembo, Democratic Republic of the Congo",humans,confirmed_cases,2026-08-03,220,False,good,https://www.radiookapi.net/2026/08/03/actualite/sante/les-actes-de-resistance-aux-equipes-de-riposte-contre-ebola-se,1
Ebola Virus,"Butembo, Democratic Republic of the Congo",humans,confirmed_cases,2026-08-12,300,False,good,https://www.radiookapi.net/2026/08/12/actualite/sante/ebola-butembo-long-rehdo-appelle-les-autorites-sanctionner-la-resistance,1
Ebola Virus,"Butembo, Democratic Republic of the Congo",humans,confirmed_deaths,2026-08-12,209,False,good,https://www.radiookapi.net/2026/08/12/actualite/sante/ebola-butembo-long-rehdo-appelle-les-autorites-sanctionner-la-resistance,1
Ebola Virus,"Central Africa, Democratic Republic of the Congo",humans,confirmed_cases,2026-08-15,4449,False,good,https://www.dn.se/varlden/kongo-pa-vag-mot-varsta-ebolautbrottet-hittills/,1
Ebola Virus,"Central Africa, Democratic Republic of the Congo",humans,confirmed_deaths,2026-08-15,2061,False,good,https://www.dn.se/varlden/kongo-pa-vag-mot-varsta-ebolautbrottet-hittills/,1
Ebola Virus,"Central African Nation, Democratic Republic of the Congo",humans,confirmed_deaths,2026-08-17,2325,False,good,http://www.thegazette.com/news/world/congo-s-fast-moving-ebola-outbreak-becomes-the-countrys-worst-with-over-2-300-dead/article_b7a66066-8eed-55bb-9ddd-61ed4e5b36ec.html; https://www.ksat.com/health/2026/08/17/congos-fast-moving-ebola-outbreak-becomes-the-countrys-worst-with-over-2300-dead/,2
Ebola Virus,Congo,humans,confirmed_cases,2026-07-30,1521,True,chi-sq,https://www.nrk.no/artikkel/rykter-om-tomme-kister-utloste-vold-1523078,1
Ebola Virus,Congo,humans,confirmed_cases,2026-07-30,3442,False,good,https://theindianawaaz.com/congo-50-rise-in-ebola-deaths-in-a-week/,1
Ebola Virus,Congo,humans,confirmed_cases,2026-08-05,3874,False,good,https://isp.netscape.com:443/news/world/story/0001/20260805/555dadc59c3a976974bb0e492c8ad524; https://www.wgauradio.com/news/world/who-chief-arrives/K7TDUFARQM5DREMGGPG75RZWRU/,2
Ebola Virus,Congo,humans,confirmed_cases,2026-08-06,3874,False,good,http://www.thegazette.com/news/world/who-chief-says-ebola-outbreak-is-outpacing-response-as-aid-workers-strike-over-pay/article_24c574c4-cc02-5e41-92a0-856b2ea53632.html,1
Ebola Virus,Congo,humans,confirmed_cases,2026-08-10,4200,False,good,https://www.wsbradio.com/news/world/who-says-congos/6ZKFGWWD7IYU5GC5FMABFXY5UM/; https://www.wsls.com/news/world/2026/08/10/who-says-congos-ebola-outbreak-started-months-before-it-was-declared/,2
Ebola Virus,Congo,humans,confirmed_cases,2026-08-11,4381,False,good,https://www.naftemporiki.gr/kosmos/2149277/empola-sto-kongko-pano-apo-2-000-nekroi-ektos-elegchoy-i-epidimia/; https://www.newser.com/story/394438/congos-ebola-outbreak-is-picking-up-steam.html; https://www.wsbradio.com/news/world/congo-says-2000/46W2BJD7K4Y3NCC5FEJPNVTR7I/,3
Ebola Virus,Congo,humans,confirmed_cases,2026-08-12,344,True,chi-sq,https://www.vrt.be/vrtnws/nl/liveblog/whobaas-waarschuwt-dat-huidige-ebolauitbraak-op-weg-is-om-dode~1779777185712/,1
Ebola Virus,Congo,humans,confirmed_cases,2026-08-16,4945,False,good,https://ct24.ceskatelevize.cz/clanek/svet/soucasna-epidemie-eboly-v-kongu-je-nejsmrtelnejsi-v-historii-zeme-376660,1
Ebola Virus,Congo,humans,confirmed_cases,2026-08-17,2325,True,chi-sq,https://www.clickondetroit.com/health/2026/08/17/congos-fast-moving-ebola-outbreak-becomes-the-countrys-worst-with-over-2300-dead/,1
Ebola Virus,Congo,humans,confirmed_cases,2026-08-17,4500,False,good,https://www.dailykos.com/stories/2026/8/17/800085656/community/infectious-information-8-17-2026/,1
Ebola Virus,Congo,humans,confirmed_cases,2026-08-18,3605,True,chi-sq,https://runews24.ru/science/18/08/2026/vtoroj-po-masshtabu-ad-novyij-shtamm-ebolyi-za-10-nedel-sdelal-to-na-chto-staromu-potrebovalsya-god,1
Ebola Virus,Congo,humans,confirmed_cases,2026-08-18,4945,False,good,https://www.tv2.no/nyheter/mikrobiolog-om-ebola-utbruddet-viruset-muterer-hele-tiden/19136942/,1
Ebola Virus,Congo,humans,confirmed_deaths,2026-07-30,1521,False,good,https://theindianawaaz.com/congo-50-rise-in-ebola-deaths-in-a-week/; https://www.nrk.no/artikkel/rykter-om-tomme-kister-utloste-vold-1523078,2
Ebola Virus,Congo,humans,confirmed_deaths,2026-08-05,1751,False,good,https://isp.netscape.com:443/news/world/story/0001/20260805/555dadc59c3a976974bb0e492c8ad524; https://www.wgauradio.com/news/world/who-chief-arrives/K7TDUFARQM5DREMGGPG75RZWRU/,2
Ebola Virus,Congo,humans,confirmed_deaths,2026-08-06,1801,False,good,https://www.tu.no/nyhetsstudio/nattens-viktigste-nyheter/127430,1
Ebola Virus,Congo,humans,confirmed_deaths,2026-08-06,1751,False,good,http://www.thegazette.com/news/world/who-chief-says-ebola-outbreak-is-outpacing-response-as-aid-workers-strike-over-pay/article_24c574c4-cc02-5e41-92a0-856b2ea53632.html,1
Ebola Virus,Congo,humans,confirmed_deaths,2026-08-10,1900,False,good,https://www.wsls.com/news/world/2026/08/10/who-says-congos-ebola-outbreak-started-months-before-it-was-declared/,1
Ebola Virus,Congo,humans,confirmed_deaths,2026-08-11,2011,False,good,https://www.naftemporiki.gr/kosmos/2149277/empola-sto-kongko-pano-apo-2-000-nekroi-ektos-elegchoy-i-epidimia/; https://www.newser.com/story/394438/congos-ebola-outbreak-is-picking-up-steam.html; https://www.wsbradio.com/news/world/congo-says-2000/46W2BJD7K4Y3NCC5FEJPNVTR7I/,3
Ebola Virus,Congo,humans,confirmed_deaths,2026-08-12,60,True,chi-sq,https://www.vrt.be/vrtnws/nl/liveblog/whobaas-waarschuwt-dat-huidige-ebolauitbraak-op-weg-is-om-dode~1779777185712/,1
Ebola Virus,Congo,humans,confirmed_deaths,2026-08-16,2325,False,good,https://ct24.ceskatelevize.cz/clanek/svet/soucasna-epidemie-eboly-v-kongu-je-nejsmrtelnejsi-v-historii-zeme-376660,1
Ebola Virus,Congo,humans,confirmed_deaths,2026-08-17,2325,False,good,http://www.thegazette.com/news/world/congo-s-fast-moving-ebola-outbreak-becomes-the-countrys-worst-with-over-2-300-dead/article_b7a66066-8eed-55bb-9ddd-61ed4e5b36ec.html,1
Ebola Virus,Congo,humans,confirmed_deaths,2026-08-18,2000,True,chi-sq,https://runews24.ru/science/18/08/2026/vtoroj-po-masshtabu-ad-novyij-shtamm-ebolyi-za-10-nedel-sdelal-to-na-chto-staromu-potrebovalsya-god,1
Ebola Virus,Congo,humans,confirmed_deaths,2026-08-18,2325,False,good,https://www.tv2.no/nyheter/mikrobiolog-om-ebola-utbruddet-viruset-muterer-hele-tiden/19136942/,1
Ebola Virus,"Congo River, Democratic Republic of the Congo",humans,suspected_deaths,2026-08-06,1,False,good,https://www.africanews.com/2026/08/06/congo-isolates-200-river-boat-passengers-as-ebola-response-intensifies/,1
Ebola Virus,"DR Congo Province, Democratic Republic of the Congo",humans,confirmed_deaths,2026-08-17,2184,False,good,https://allafrica.com/stories/202608170167.html,1
Ebola Virus,Democratic Republic of the Congo,animals,suspected_cases,2026-08-12,2000,False,good,https://mymotherlode.com/news/world/11061651/who-says-congos-ebola-outbreak-is-on-track-to-surpass-the-deadliest-one-in-history.html,1
Ebola Virus,Democratic Republic of the Congo,humans,confirmed_cases,2026-07-30,2000,True,chi-sq,https://english.ahram.org.eg/Category/2/10/World/Congo-says-the-death-toll-in-fastestgrow.aspx,1
Ebola Virus,Democratic Republic of the Congo,humans,confirmed_cases,2026-07-30,3250,False,good,https://fr.allafrica.com/stories/202607300060.html,1
Ebola Virus,Democratic Republic of the Congo,humans,confirmed_cases,2026-07-30,246,True,chi-sq,https://www.dunya.com/dunya/bmden-korkutan-uyari-ebola-simdi-de-aclik-krizini-buyutuyor-haberi-834264,1
Ebola Virus,Democratic Republic of the Congo,humans,confirmed_cases,2026-07-30,3400,False,good,"https://news.bigmir.net/ua/world/10401539-ebola-v-kongo-kilkist-zhertv-perevischila-15-tisyachi-epidemiya-nabiraje-obertiv; https://www.freiepresse.de/wissenschaft/warum-der-ebola-ausbruch-zu-eskalieren-droht-artikel14352522; https://www.mannheimer-morgen.de/deutschland-welt_artikel,-wissenschaft-warum-der-ebola-ausbruch-zu-eskalieren-droht-_arid,2390738.html; https://www.nwzonline.de/wissenschaft-meldungen/lebensbedrohliche-krankheit-warum-der-ebola-ausbruch-zu-eskalieren-droht_a_4,3,1321638625.html",4
Ebola Virus,Democratic Republic of the Congo,humans,confirmed_cases,2026-07-30,1521,True,chi-sq,http://www.reflector.com/news/national/congo-says-the-death-toll-in-fastest-growing-ebola-outbreak-has-passed-1-500/article_d4a1846e-a5aa-5318-adba-1ccb5d856ca4.html; https://www.news4jax.com/news/world/2026/07/30/death-toll-tops-1500-in-fastest-growing-ebola-outbreak-in-history-congo-says/; https://www.sandiegouniontribune.com/2026/07/30/congo-ebola-death-toll-passes-1500/; https://www.wsbradio.com/news/world/death-toll-tops-1500/K236NODYWI2W3F4XGP6TV3A7FI/,4
Ebola Virus,Democratic Republic of the Congo,humans,confirmed_cases,2026-07-30,3442,False,good,http://radioamerica.net/el-mundo/mas-de-1-500-muertos-en-el-brote-de-ebola-de-mas-rapido-crecimiento-de-la-historia-dice-congo; https://hnonline.sk/svet/96294458-pocet-obeti-eboly-v-kongu-neustale-rastie-epidemia-si-uz-vyziadala-vyse-1500-obeti; https://hoytamaulipas.net/notas/623361/Ebola-golpea-al-Congo-mas-de-mil-500-muertos.html; https://kauno.diena.lt/naujienos/pasaulis/konfliktai-nelaimes/ebolos-epidemija-konge-toliau-sparciai-plinta-1768061; https://mignews.com/news/health/chislo-zhertv-krupnejshej-vspyshki-eboly-v-kongo-prevysilo-15-tysyachi-chelovek.html; https://sapo.pt/artigo/ebola-numero-de-mortos-supera-os-1-500-na-rdcongo-6a6b4b566f153e92ca54d03c; https://ua.korrespondent.net/world/4898642-epidemiia-nabyraie-obertiv-u-konho-ponad-1500-smertei-vid-eboly; https://wkjc.com/world/c67892427e9e408246d53bab250275e3; https://www.aljazeera.com/news/2026/7/30/congos-ebola-death-toll-passes-1500-as-it-struggles-to-halt-spread; https://www.aoinform.com/news/ehpidemija_nabiraet_oboroty_v_kongo_bolee_1500_smertej_ot_ehboly/2026-07-30-75317; https://www.canberratimes.com.au/story/9321134/deaths-in-fastest-growing-ebola-outbreak-pass-1500/; https://www.cidrap.umn.edu/ebola/africa-cdc-chief-says-no-magical-solution-intensifying-deadly-ebola-outbreak; https://www.deccanchronicle.com/world/congos-ebola-outbreak-turns-deadlier-as-death-toll-surpasses-1500-1975215; https://www.freiepresse.de/wissenschaft/mehr-als-1-500-tote-bei-ebola-ausbruch-im-kongo-artikel14352516; https://www.klix.ba/vijesti/svijet/broj-mrtvih-u-najbrze-rastucoj-epidemiji-ebole-u-kongu-premasio-1500/260730104; https://www.lrytas.lt/sveikata/medicinos-zinios/2026/07/30/news/ebolos-epidemija-konge-toliau-sparciai-plinta-43327836; https://www.newsbomb.gr/kosmos/story/1753368/kongko-kseperasan-tous-1-500-oi-nekroi-apo-ton-empola-oi-thanatoi-afksithikan-50-se-mia-evdomada; https://www.theadvocate.com.au/story/9321134/deaths-in-fastest-growing-ebola-outbreak-pass-1500/; https://www.ukrinform.ua/rubric-world/4149490-kilkist-zagiblih-vid-spalahu-eboli-v-dr-kongo-perevisila-1500.html; https://www.zeit.de/news/2026-07/30/mehr-als-1-500-tote-bei-ebola-ausbruch-im-kongo; https://yle.fi/a/74-20238693,21
Ebola Virus,Democratic Republic of the Congo,humans,confirmed_cases,2026-07-30,55,True,chi-sq,https://allafrica.com/stories/202607300028.html,1
Ebola Virus,Democratic Republic of the Congo,humans,confirmed_cases,2026-07-30,3200,False,good,https://allafrica.com/stories/202607300024.html; https://pmnewsnigeria.com/2026/07/30/wfp-seeks-urgent-funds-as-drc-ebola-cases-climb-past-3200/,2
Ebola Virus,Democratic Republic of the Congo,humans,confirmed_cases,2026-07-30,3360,False,good,https://wtop.com/world/2026/07/ebola-outbreak-is-worsening-food-insecurity-in-eastern-congo-un-agency-chief-warns/; https://www.manilatimes.net/2026/07/30/world/singapore-group-will-develop-most-promising-ebola-vaccine/2394784; https://www.notimerica.com/politica/noticia-onu-alerta-hambre-rdc-socava-capacidad-respuesta-brote-ebola-supera-1480-muertos-20260730063813.html; https://www.unionleader.com/news/health/ebola-vaccine-race-accelerates-as-congo-outbreak-outpaces-response/article_e45d6fb1-42a0-478c-acea-25dd0b3d4528.html; https://www.yahoo.com/news/science/articles/singapore-group-develop-most-promising-093848486.html,5
Ebola Virus,Democratic Republic of the Congo,humans,confirmed_cases,2026-07-31,3442,False,good,https://baocantho.com.vn/dich-ebola-so-ca-tu-vong-tiep-tuc-tang-a211143.html; https://www.hngn.com/articles/272298/20260728/drc-ebola-death-toll-surpasses-1000-fastest-fatal-surge-record-who-says.htm,2
Ebola Virus,Democratic Republic of the Congo,humans,confirmed_cases,2026-07-31,4,True,chi-sq,https://www.ledevoir.com/monde/afrique/998666/virus-ebola-rode-camps-surpeuples-congo,1
Ebola Virus,Democratic Republic of the Congo,humans,confirmed_cases,2026-07-31,2,True,chi-sq,https://www.ledevoir.com/monde/afrique/998666/virus-ebola-rode-camps-surpeuples-congo,1
Ebola Virus,Democratic Republic of the Congo,humans,confirmed_cases,2026-07-31,3360,False,good,https://www.aol.co.uk/articles/ebola-outbreak-drc-fastest-growing-080008000.html; https://www.blisty.cz/art/135076-vypuknuti-epidemie-eboly-v-konzske-demokraticke-republice-je-nejrychleji-se-sirici-v-historii-tohoto-viru.html; https://www.dailystar.co.uk/news/latest-news/fastest-growing-ebola-outbreak-virus-37502057; https://www.theguardian.com/global-development/2026/jul/31/ebola-outbreak-in-drc-the-fastest-growing-in-the-history-of-the-virus; https://www.thenews.com.pk/latest/1410845-fastest-growing-ebola-outbreak-on-record-spreads-across-eastern-dr-congo,5
Ebola Virus,Democratic Republic of the Congo,humans,confirmed_cases,2026-07-31,3400,False,good,https://www.t-online.de/gesundheit/aktuelles/id_101367142/ebola-im-kongo-experte-warnt-vor-ausbruch-historischen-ausmasses.html,1
Ebola Virus,Democratic Republic of the Congo,humans,confirmed_cases,2026-07-31,2000,True,chi-sq,https://allafrica.com/stories/202607310352.html; https://www.24hod.sk/2026-07-31/26/zdravie/,2
Ebola Virus,Democratic Republic of the Congo,humans,confirmed_cases,2026-07-31,1521,True,chi-sq,https://www.arkansasonline.com/news/2026/jul/31/congo-ebola-deaths-up-over-1500-as-responders/,1
Ebola Virus,Democratic Republic of the Congo,humans,confirmed_cases,2026-07-31,3553,False,good,https://us.cnn.com/2026/07/31/health/ebola-outbreak-congo,1
Ebola Virus,Democratic Republic of the Congo,humans,confirmed_cases,2026-07-31,101,True,chi-sq,https://www.ilpost.it/2026/05/26/ebola-repubblica-congo-violenze-aiuti/?homepagePosition=9.1&referrerPost=3640503,1
Ebola Virus,Democratic Republic of the Congo,humans,confirmed_cases,2026-07-31,3500,False,good,https://www.f5haber.com/dunya/kongo-demokratik-cumhuriyetinde-ebola-salgininda-vaka-sayisi-3-bin-500u-asti-6954319,1
Ebola Virus,Democratic Republic of the Congo,humans,confirmed_cases,2026-07-31,3532,False,good,"https://dominicanrepublicpost.com/dr-congo-ebola-epidemic-becomes-worlds-second-largest-outbreak/; https://lurer.com/article/744750/am; https://www.dailynews.co.th/news/6070421/; https://www.diepresse.com/40712418/ebola-ausbruch-in-dr-kongo-begann-bereits-im-jaenner; https://www.freemalaysiatoday.com/category/world/2026/07/31/ebola-outbreak-in-dr-congo-exceeds-3-500-cases; https://www.haberler.com/dunya/kongo-demokratik-cumhuriyeti-nde-ebola-salgininda-20106102-haberi/; https://www.laestrella.com.pa/mundo/ebola-en-rd-congo-la-segunda-epidemia-mas-grave-de-la-historia-ND24506946; https://www.teraz.sk/zahranicie/kdr-epidemia-eboly-je-v-sucasnosti-d/981821-clanok.html; https://www.terra.com.br/noticias/mundo/surto-de-ebola-no-congo-e-segundo-maior-ja-registrado-segundo-dados-recentes,acf785cb7cc2297d4d01d0d9321a25caba8pxg85.html; https://www.tu.no/nyhetsstudio/ebola-utbruddet-i-kongo-det-nest-stoerste-noensinne/126886",10
Ebola Virus,Democratic Republic of the Congo,humans,confirmed_cases,2026-08-01,3626,False,good,https://www.standardmedia.co.ke/health/health-science/article/2001554284/bundibugyo-outbreak-becomes-worlds-second-largest-ebola-outbreak,1
Ebola Virus,Democratic Republic of the Congo,humans,confirmed_cases,2026-08-01,3532,False,good,https://laverdad.com.mx/2026/08/brote-de-ebola-en-rd-congo-alcanza-cifras-alarmantes/; https://pelop.gr/empola-kongko-3532-krousmata-1556-thanatoi/; https://sana.sy/es/world/2325049/; https://sana.sy/health/2542211/; https://sofokleous10.gr/2026/08/01/%CF%80%CE%AC%CE%BD%CF%89-%CE%B1%CF%80%CF%8C-3-500-%CE%BA%CF%81%CE%BF%CF%8D%CF%83%CE%BC%CE%B1%CF%84%CE%B1-%CE%AD%CE%BC%CF%80%CE%BF%CE%BB%CE%B1-%CF%83%CF%84%CE%BF-%CE%BA%CE%BF%CE%BD%CE%B3%CE%BA%CF%8C/; https://unternehmen-heute.de/news.php?newsid=6706688; https://www.arkcity.net/actualite-internationale/ebola-rdc-epidemie-plus-rapide-jamais-enregistree-2026.html; https://www.capital.gr/diethni/4008768/empola-ta-krousmata-xeperasan-ta-3500-i-epidimia-sti-ld-kongko-einai-i-xeiroteri-stin-istoria-tis-xoras/; https://www.dakaractu.com/Ebola-flambee-sans-precedent-en-RDC-avec-plus-de-3-500-cas_a274551.html; https://www.foxnews.com/politics/bipartisan-pair-senators-urge-rubio-release-aid-african-women-children-risk-ebola; https://www.kotaradio.com/2026/08/01/bipartisan-pair-of-senators-urge-rubio-to-release-aid-to-african-women-children-at-risk-of-ebola/; https://www.ndarinfo.com/RDC-plus-de-3-500-cas-d-Ebola-une-flambee-sans-precedent_a45990.html; https://www.newsbomb.gr/kosmos/story/1753740/empola-ta-kroysmata-kseperasan-ta-3-500-sto-kongko; https://www.skai.gr/news/world/ta-krousmata-kseperasan-ta-3500-sti-ld-kongko; https://www.sofokleousin.gr/epixeiriseis/ygeia/empola-ta-krousmata-kseperasan-ta-3500-sti-ld-kongko; https://www.sudouest.fr/international/ebola-en-rdc-une-flambee-de-l-epidemie-sans-precedent-avec-pres-de-1-500-morts-et-plus-de-3-500-cas-30135718.php; https://www.topontiki.gr/2026/08/01/empola-xeperasan-ta-3-500-ta-krousmata-sti-ld-kongko/; https://www.yeniakit.com.tr/haber/dso-alarm-verdi-ebola-salgini-kontrolden-cikti-2015346.html,18
Ebola Virus,Democratic Republic of the Congo,humans,confirmed_cases,2026-08-01,3500,False,good,https://baomoi.com/chdc-congo-tro-thanh-noi-bung-phat-dich-ebola-lon-thu-hai-trong-lich-su-c55742442.epi; https://www.heraldk.com/article/2026080101292466846; https://www.skaikritis.gr/xeperasan-tis-3-500-ta-krousmata-ebola-sti-ld-kongko/,3
Ebola Virus,Democratic Republic of the Congo,humans,confirmed_cases,2026-08-01,3605,False,good,"http://www.bignewsnetwork.com/news/279218906/current-ebola-outbreak-largest-ever-recorded-in-dr-congo-who; https://dominicanrepublicpost.com/la-oms-alerta-de-la-intensificacion-de-la-epidemia-de-ebola-en-el-congo/; https://english.aawsat.com/world/5302382-who-ebola-outbreak-dr-congo-intensifying; https://haqqin.az/newsarchive/389843; https://listindiario.com/las-mundiales/20260801/oms-alerta-intensificacion-epidemia-ebola-congo_916254.html; https://novamakedonija.com.mk/svet/szo-predupreduva-epidemijata-na-ebola-vo-kongo-se-vloshuva-raste-rizikot-od-shirenje-vo-regionot/; https://observador.pt/2026/08/01/rdcongo-eleva-numero-de-mortos-para-1-587-e-confirma-3-605-casos-de-ebola/; https://profile.ru/news/abroad/voz-nazvala-krupnejshej-nyneshnjuju-vspyshku-eboly-v-drk-a999-1887020/; https://sapo.pt/artigo/rdcongo-eleva-numero-de-mortos-por-ebola-para-1-587-6a6e02413f3011d88fbb09d2; https://sol.iol.pt/internacional/noticias/surto-de-ebola-no-congo-ja-fez-1-587-mortos-e-torna-se-o-segundo-maior-da-historia/20260801/6a6e1c280cf2f6a1a1e72bc1; https://www.24sata.hr/news/who-epidemija-ebole-u-kongu-se-pogorsava-i-najgora-je-dosad-1144897; https://www.alnilin.com/13480771.htm; https://www.bazonline.ch/ebola-im-kongo-who-meldet-3605-faelle-655528510419; https://www.dan.co.me/globus/svijet/szo-ebola-u-kongu-van-kontrole-opasnost-od-sirenja-na-susjedne-zemlje/; https://www.dhnet.be/dernieres-depeches/2026/08/01/lepidemie-debola-en-rdc-sintensifie-a-un-rythme-exceptionnel-avertit-loms-RRSMSO4G7ZBEDAVM25DWRZUD6E/; https://www.diariodeburgos.es/noticia/z3d331f93-e275-4759-ae9483dce961aa54/202608/rdc-se-enfrenta-ya-al-brote-de-ebola-mas-grande-de-su-historia; https://www.diepresse.com/40753920/lage-verschaerft-sich-ebola-ausbruch-im-kongo-ist-nicht-unter-kontrolle; https://www.eluniversal.com.co/mundo/2026/08/01/aumenta-la-tragedia-por-el-ebola-en-rd-del-congo-suben-las-victimas-y-los-contagios/; https://www.faz.net/aktuell/gesellschaft/gesundheit/toedliches-virus-ebola-ausbruch-im-kongo-verschaerft-sich-accg-201087055.html; https://www.franceinfo.fr/sante/maladie/ebola/l-epidemie-d-ebola-en-republiquedemocratique-du-congo-s-intensifie-a-un-rythme-exceptionnel-avertit-l-oms_8131370.html; https://www.gea.de/welt/wissenschaft_artikel,-ebola-ausbruch-im-kongo-versch%C3%A4rft-sich-_arid,7163299.html; https://www.interfax.ru/world/1106950; https://www.larazon.es/sociedad/congo-enfrenta-brote-ebola-mas-grande-historia-pais_202608016a6e12fba046ad6ebc955b9b.html; https://www.lavozdegalicia.es/noticia/sociedad/2026/08/01/republica-democratica-congo-enfrenta-brote-ebola-grande-historia/00031785601803861562712.htm; https://www.ledevoir.com/monde/afrique/999191/epidemie-ebola-rdc-intensifie-rythme-exceptionnel-avertit-oms; https://www.news.de/gesundheit/859871290/ebola-ausbruch-im-kongo-verschaerft-sich-krankheit-news-der-dpa-aktuell-zu-gesundheit-un-und-wissenschaft/1/; https://www.notimerica.com/politica/noticia-rdc-enfrenta-ya-brote-ebola-mas-grande-historia-pais-1587-muertos-3600-casos-confirmados-20260801164740.html; https://www.ruhrnachrichten.de/dpa-infoline/ebola-ausbruch-im-kongo-verschaerft-sich-w1228654-2002169616/; https://www.shorouknews.com/news/view.aspx?cdate=01082026&id=151f3a60-244c-4949-8d98-0bb030e0cf47; https://www.the-star.co.ke/news/africa/2026-08-01-current-ebola-outbreak-worst-ever-in-dr-congo-who-says; https://www.vilaweb.cat/noticies/republica-democratica-congo-brot-ebola-mes-greu-historia/",31
Ebola Virus,Democratic Republic of the Congo,humans,confirmed_cases,2026-08-01,567,True,chi-sq,https://www.capital.gr/diethni/4008834/i-epidimia-empola-sto-kongko-exelissetai-sti-megaluteri-pou-exei-katagrafei-pote-sti-xora/,1
Ebola Virus,Democratic Republic of the Congo,humans,confirmed_cases,2026-08-01,3360,False,good,https://lecourrier.vn/ebola-flambee-sans-precedent-en-rdc-avec-plus-de-3500-cas/1352541.html,1
Ebola Virus,Democratic Republic of the Congo,humans,confirmed_cases,2026-08-01,3600,False,good,https://www.dostor.org/5654140,1
Ebola Virus,Democratic Republic of the Congo,humans,confirmed_cases,2026-08-01,1502,True,chi-sq,http://govoritmoskva.ru/news/500735/,1
Ebola Virus,Democratic Republic of the Congo,humans,confirmed_cases,2026-08-01,20,True,chi-sq,https://www.foxnews.com/politics/bipartisan-pair-senators-urge-rubio-release-aid-african-women-children-risk-ebola,1
Ebola Virus,Democratic Republic of the Congo,humans,confirmed_cases,2026-08-02,3442,False,good,https://www.elconfidencial.com/salud/2026-08-02/la-paradoja-del-nuevo-brote-de-ebola_4398626/,1
Ebola Virus,Democratic Republic of the Congo,humans,confirmed_cases,2026-08-02,3360,False,good,https://www.el-balad.com/17037886; https://www.irishtimes.com/world/africa/2026/08/02/ebola-outbreak-in-drc-the-fastest-growing-in-the-history-of-the-virus/,2
Ebola Virus,Democratic Republic of the Congo,humans,confirmed_cases,2026-08-02,3605,False,good,https://divany.hu/vilagom/tombol-ebola-jarvany-44-szazalekos-halalozasi-arany/; https://gate.ahram.org.eg/News/5881540.aspx; https://info.sibnet.ru/article/700059/; https://koran-jakarta.com/2026-08-02/who-wabah-ebola-di-rd-kongo-terbesar-dalam-sejarah; https://laopinion.co:443/mundo/aumentan-las-muertes-y-contagios-por-ebola-en-republica-democratica-del-congo; https://lecourrier.vn/rdc-lepidemie-actuelle-debola-devient-la-plus-importante-jamais-enregistree/1352573.html; https://manager.bg/%D1%81%D0%B2%D1%8F%D1%82/epidemiata-ot-ebola-v-dr-kongo-se-razrastva; https://news.webindia123.com/news/Articles/World/20260802/4482259.html; https://punchng.com/who-declares-dr-congos-ebola-outbreak-worst-on-record/; https://sana.sy/tr/international/2314523/; https://thefrontierpost.com/who-ebola-epidemic-in-dr-congo-intensifying-at-exceptional-pace/; https://theindianawaaz.com/ebola-outbreak-in-dr-congo-remains-out-of-control-who/; https://www.albayan.ae/news/world/1543756; https://www.almasryalyoum.com/news/details/4328410; https://www.bt.dk/udland/who-konstaterer-stoerste-udbrud-nogensinde; https://www.geotimes.ge/?m=5&news_id=128737&cat_id=23; https://www.newkerala.com/news/a/who-ebola-outbreak-dr-congo-spiralling-out-control-981.htm; https://www.okaz.com.sa/variety/na/2259557; https://www.rtl.de/news/ebola-ausbruch-im-kongo-who-warnt-lage-verschaerft-sich-id31149775.html; https://www.rtv.rs/sr_ci/svet/szo-broj-potvrdjenih-slucajeva-obolelih-od-ebole-u-svetu-dostigao-3.626_1733415.html; https://www.yahoo.com/news/world/articles/current-ebola-outbreak-worst-ever-161622537.html,21
Ebola Virus,Democratic Republic of the Congo,humans,confirmed_cases,2026-08-02,3532,False,good,https://koran-jakarta.com/2026-08-02/korban-terus-berjatuhan-ebola-di-kongo-kini-tembus-3500-kasus,1
Ebola Virus,Democratic Republic of the Congo,humans,confirmed_cases,2026-08-02,3674,False,good,https://sapo.pt/artigo/ebola-rdc-sobe-para-1-621-numero-de-mortos-desde-15-de-maio-6a6f46533f3011d88fe187e0; https://www.abc.com.py/internacionales/2026/08/02/la-rd-del-congo-eleva-a-1621-la-cifra-de-muertos-y-a-3674-los-casos-confirmados-de-ebola/; https://www.acorianooriental.pt/noticia/ebola-rdc-sobe-para-1-621-numero-de-mortos-desde-15-de-maio-379322,3
Ebola Virus,Democratic Republic of the Congo,humans,confirmed_cases,2026-08-02,3300,True,monotonicity,https://zizonline.com/ebola-outbreak-becomes-fastest-growing-on-record/,1
Ebola Virus,Democratic Republic of the Congo,humans,confirmed_cases,2026-08-03,3605,False,good,https://allafrica.com/stories/202608030264.html; https://alyaoum24.com/2036280.html; https://www.aerzteblatt.de/news/ebola-ausbruch-im-kongo-verscharft-sich-ba3bd568-e8ca-4a08-aed2-dfb90d0b7e9e; https://www.ilmattino.it/primopiano/esteri/epidemia_ebola_bundibugyo_congo_3605_casi-9688111.html; https://www.liputan6.com/global/read/8260461/wabah-ebola-terbesar-hantam-kongo-catatkan-1587-kematian; https://www.miragenews.com/dr-congo-new-center-opens-amid-ebola-outbreak-1720940/; https://www.newkerala.com/news/a/africa-cdc-hails-uganda-ebola-containment-564.htm; https://www.turktime.com/haber/ebola-salgini-giderek-siddetleniyor/751058; https://www.wsws.org/en/articles/2026/08/03/qoit-a03.html,9
Ebola Virus,Democratic Republic of the Congo,humans,confirmed_cases,2026-08-03,3700,False,good,https://www.diariosigloxxi.com/texto-ep/mostrar/20260803161827/aumentan-1650-muertos-3700-casos-confirmados-ebola-rdc,1
Ebola Virus,Democratic Republic of the Congo,humans,confirmed_cases,2026-08-03,3532,False,good,https://science.orf.at/stories/3236771/,1
Ebola Virus,Democratic Republic of the Congo,humans,confirmed_cases,2026-08-03,3748,False,good,https://ria.ru/20260803/ebola-2108702893.html; https://www.20minutos.es/internacional/brote-ebola-rd-congo-deja-ya-1-657-muertos-3-748-casos-confirmados_7022137_0.html; https://www.andaluciainformacion.es/articulo/mundo/rdcongo-aumentan-mas-1650-muertos-mas-3700-casos-confirmados-ebola-rdc/202608031717453447939.html; https://www.bursahakimiyet.com.tr/dunya/nadir-varyant-alarmi-vaka-sayisi-giderek-artiyor-tedavisi-yok-1682648; https://www.el-carabobeno.com/la-republica-democratica-del-congo-eleva-a-1-657-la-cifra-de-muertos-y-a-3-748-los-casos-confirmados-de-ebola/; https://www.elarsenal.net/la-republica-democratica-del-congo-eleva-a-1657-la-cifra-de-muertos-y-a-3748-los-casos-confirmados-de-ebola/; https://www.larazon.es/sociedad/brote-ebola-congo-sigue-alza-mas-1650-muertes-3700-casos-confirmados_202608036a70c382a046ad6ebc99b9f4.html; https://www.malatyaguncel.com/kongo-da-ebola-vaka-sayisi-3-bin-748-e-yukseldi-3105389h.htm; https://www.milliyet.com.tr/dunya/kongo-demokratik-cumhuriyetinde-ebola-vakalari-3-bin-748e-cikti-7634699; https://www.sozcu.com.tr/nadir-varyant-alarmi-vaka-sayisi-giderek-artiyor-p342097,10
Ebola Virus,Democratic Republic of the Congo,humans,confirmed_cases,2026-08-03,3674,False,good,http://www.nigeriasun.com/news/279220609/dr-congo-facing-largest-ever-ebola-outbreak-who,1
Ebola Virus,Democratic Republic of the Congo,humans,confirmed_cases,2026-08-03,1600,True,chi-sq,https://gate.ahram.org.eg/News/5882067.aspx,1
Ebola Virus,Democratic Republic of the Congo,humans,confirmed_cases,2026-08-03,2536,True,chi-sq,https://www.afro.com/health/this-years-ebola-outbreak-has-spread-faster-than-the-worst-on-record-59f51a27,1
Ebola Virus,Democratic Republic of the Congo,humans,confirmed_cases,2026-08-04,3695,False,good,"https://forsal.pl/kraj/aktualnosci/artykuly/11284424,czy-wirus-ebola-dotrze-do-polski-gis-zaleca-sledzenie-komunikatow-msz.html",1
Ebola Virus,Democratic Republic of the Congo,humans,confirmed_cases,2026-08-04,3802,False,good,https://dariknews.bg/novini/sviat/nad-1700-zhertvi-na-ebola-v-kongo-epidemiiata-se-razrastva-2462833; https://manager.bg/%D1%81%D0%B2%D1%8F%D1%82/epidemiata-ot-ebola-v-iztochno-kongo-otne-nad-1700-zivota-i-se-razrastva-s-rekordni-tempove; https://press24.mk/szo-bara-itna-megjunarodna-pomosh-epidemijata-na-ebola-vo-kongo-izleguva-od-kontrola/; https://ru.euronews.com/2026/08/04/who-seeks-ebola-support; https://timesofoman.com/article/175242-ebola-virus-claims-over-1700-lives-in-congo; https://tpo.nl/2026/08/04/ebola-uitbraak-congo-ituri-dodental/; https://vanguardia.com.mx/noticias/el-ebola-quita-la-vida-a-1700-personas-en-el-este-de-congo-es-el-brote-de-la-enfermedad-mas-rapido-del-que-se-tiene-registro-CE22625531; https://www.aftenposten.no/verden/i/QJ86WR/ebola-utbruddet-i-kongo-1707-doede; https://www.cadena3.com/noticia/mundo/el-brote-de-ebola-en-el-este-de-congo-cobra-1700-vidas-en-tiempo-record_580076; https://www.dostor.org/5656975; https://www.freemalaysiatoday.com/category/highlight/2026/08/05/who-pleads-for-more-support-to-tackle-ebola-outbreak; https://www.ksat.com/news/world/2026/08/04/ebola-kills-1700-in-eastern-congo-as-the-fastest-growing-outbreak-surges/; https://www.leprogres.fr/sante/2026/08/04/l-oms-appelle-a-un-plus-grand-soutien-pour-lutter-contre-l-epidemie-d-ebola-en-rdc; https://www.shorouknews.com/news/view.aspx?cdate=04082026&id=b8d6f0e2-19a0-4fe7-8e70-50e7e11ef61f; https://www.tdg.ch/ebola-loms-appelle-a-renforcer-laide-face-a-lepidemie-en-rdc-320558213402; https://www.wfmj.com/news/health/ebola-kills-1-700-in-eastern-congo-as-the-fastest-growing-outbreak-surges/article_8882ec42-57e9-5e96-8d00-0f0c641bf5ea.html; https://yle.fi/a/7-10103088,17
Ebola Virus,Democratic Republic of the Congo,humans,confirmed_cases,2026-08-04,3748,False,good,https://1news.az/news/20260804142023460-V-VOZ-zayavili-o-roste-chisla-umershikh-ot-Eboly-v-DRK-do-1-6-tys; https://ciudadccs.info/publicacion/47848-asciende-a-mil-657-fallecidos-en-el-congo-por-brote-de-ebola; https://elheraldodesaltillo.mx/2026/08/04/oms-intensifica-respuesta-ante-la-peor-epidemia-de-ebola-registrada-en-el-congo/; https://g1.globo.com/saude/noticia/2026/08/04/testes-de-tratamento-para-cepa-do-ebola-responsavel-por-surto-no-congo-sao-promissores-diz-oms.ghtml; https://unionradio.net/oms-ve-prometedores-avances-en-vacunas-y-tratamientos-contra-el-brote-de-ebola-en-la-rdc/; https://www.cnbcafrica.com/2026/treatment-trials-for-ebola-strain-behind-congo-outbreak-show-promise-who-says; https://www.leral.net/Ebola-l-epidemie-aurait-commence-plusieurs-mois-avant-sa-declaration-officielle-en-Ituri-etude_a403570.html; https://www.news24.com/world/who-pleads-for-more-support-to-tackle-ebola-outbreak-20260804-0907; https://www.newvision.co.ug/category/health/who-africa-cdc-hail-ugandas-ebola-response-wa-NV_238236_082026; https://www.okaz.com.sa/variety/na/2259822; https://www.redaccionmedica.com/politica/internacional/20260804/brotes-verdes-en-la-vacuna-contra-el-ebola-vamos-hacer-lo-posible-por-acelerar-plazos/348622_0.html; https://www.rtvusk.ba/clanak/who-najveca-epidemija-ebole-u-historiji-dr-konga-premasila-kapacitete-odgovora/16804; https://www.theglobeandmail.com/world/article-moderna-given-health-canada-clearance-to-start-first-human-trial-of/,13
Ebola Virus,Democratic Republic of the Congo,humans,confirmed_cases,2026-08-04,3605,False,good,https://fr.allafrica.com/stories/202608040120.html; https://pronedra.ru/ebola-vyhodit-iz-pod-kontrolya-v-demokraticheskoj-respublike-kongo-zafiksirovana-krupnejshaya-vspyshka-v-istorii-strany-827426.html; https://www.medicaldaily.com/who-drc-bundibugyo-ebola-largest-outbreak-ever-recorded-august-2026-476799; https://www.record.com.mx/historia/por-que-preocupa-el-brote-de-ebola-en-congo-la-oms-explica-que-ocurre-2026080419191546361,4
Ebola Virus,Democratic Republic of the Congo,humans,confirmed_cases,2026-08-04,3000,True,chi-sq,https://www.zocalo.com.mx/oms-ve-prometedores-avances-en-vacunas-y-tratamientos-contra-el-brote-de-ebola-en-la-rdc/,1
Ebola Virus,Democratic Republic of the Congo,humans,confirmed_cases,2026-08-04,3442,False,good,https://www.e-radio.gr/post/330065/ecdc-oi-7-loimwxeis-poy-parakoloythei-i-eyrwpi-ton-ioylio-toy-2026; https://www.thebest.gr/article/840342-oi-loimoxeis-pou-anisuchoun-tin-europi-ti-deichnei-i-nea-ekthesi-tou-ecdc,2
Ebola Virus,Democratic Republic of the Congo,humans,confirmed_cases,2026-08-04,1707,True,chi-sq,https://english.aawsat.com/world/5303223-ebola-kills-1700-eastern-congo-fastest-growing-outbreak-surges; https://www.examiner.com.au/story/9324058/ebola-kills-1700-in-eastern-congo-as-outbreak-surges/,2
Ebola Virus,Democratic Republic of the Congo,humans,confirmed_cases,2026-08-04,1600,True,chi-sq,https://www.shorouknews.com/news/view.aspx?cdate=04082026&id=311328a0-f3ec-4baa-afb5-c4f3c92a61d2,1
Ebola Virus,Democratic Republic of the Congo,humans,confirmed_cases,2026-08-05,3874,False,good,https://observador.pt/2026/08/05/epidemia-de-ebola-na-republica-democratica-do-congo-esta-a-propagar-se-mais-rapido-que-a-resposta/,1
Ebola Virus,Democratic Republic of the Congo,humans,confirmed_cases,2026-08-05,3748,False,good,https://avn.info.ve/oms-pide-mayor-apoyo-internacional-para-contener-el-brote-de-ebola-en-el-congo/,1
Ebola Virus,Democratic Republic of the Congo,humans,confirmed_cases,2026-08-05,554,True,chi-sq,https://www.gosc.pl/doc/9835195.Lekarze-bez-Granic-epidemia-eboli-w-DRK-najwieksza-z-notowanych,1
Ebola Virus,Democratic Republic of the Congo,humans,confirmed_cases,2026-08-05,1707,True,chi-sq,https://macaudailytimes.com.mo/ebola-kills-1700-in-eastern-congo-as-the-fastest-growing-outbreak-surges.html,1
Ebola Virus,Democratic Republic of the Congo,humans,confirmed_cases,2026-08-05,3800,False,good,https://intoleranciadiario.com/articles/internacional/2026/08/04/1056166-sin-llegar-al-punto-maximo-brote-de-ebola-supera-las-mil-700-muertes-en-el-congo.html,1
Ebola Virus,Democratic Republic of the Congo,humans,confirmed_cases,2026-08-05,3802,False,good,https://arabic.euronews.com/2026/08/05/moderna-has-started-human-trials-for-the-bundibugyo-ebola-vaccine-as-the-outbreak-in-congo; https://gr.euronews.com/2026/08/04/o-poy-zhta-perissoterh-sthri3h-gia-thn-antimetwpish-ths-epidhmias-empola; https://makfax.com.mk/svet/szo-najgolemata-epidemija-na-ebola-vo-istorijata-na-kongo-izleguva-od-kontrola/; https://tr.euronews.com/saglik/2026/08/05/moderna-bundibugyo-ebola-asisinin-insan-denemelerine-basladi-kongodaki-salgin-surerken; https://www.theyeshivaworld.com/news/general/2582241/ebola-outbreak-disease-kills-1700-in-eastern-congo-as-fastest-growing-epidemic-surges.html,5
Ebola Virus,Democratic Republic of the Congo,humans,confirmed_cases,2026-08-05,3605,False,good,https://www.breitbart.com/national-security/2026/08/03/maternal-mortality-doubles-in-dr-congo-as-ebola-keeps-women-from-hospitals/,1
Ebola Virus,Democratic Republic of the Congo,humans,confirmed_cases,2026-08-06,3874,False,good,https://www.bssnews.net/news/412131,1
Ebola Virus,Democratic Republic of the Congo,humans,confirmed_cases,2026-08-06,1801,True,chi-sq,https://sol.iol.pt/internacional/noticias/ebola-ja-matou-mais-de-1-800-pessoas-na-republica-democratica-do-congo/20260806/6a7464e30cf2b42132dbcf32,1
Ebola Virus,Democratic Republic of the Congo,humans,confirmed_cases,2026-08-06,3200,True,chi-sq,https://g1.globo.com/saude/noticia/2026/08/06/republica-democratica-do-congo-tem-mais-de-mil-novos-casos-de-ebola-em-10-dias.ghtml,1
Ebola Virus,Democratic Republic of the Congo,humans,confirmed_cases,2026-08-06,3973,False,good,https://bitlysdowssl-aws.com/2026/08/republica-democratica-del-congo-eleva-a-1-801-la-cifra-de-muertos-por-brote-de-ebola/; https://www.infobae.com/america/mundo/2026/08/06/la-oms-afirmo-que-el-brote-de-ebola-en-africa-esta-superando-la-capacidad-de-respuesta-para-combatirlo/; https://www.telesurtv.net/oms-gobierno-rdc-refuerza-respuesta-ebola/,3
Ebola Virus,Democratic Republic of the Congo,humans,confirmed_cases,2026-08-06,4000,False,good,https://www.zeit.de/politik/ausland/2026-08/abdul-el-sayed-michigan-us-senat-vorwahl-donald-trump,1
Ebola Virus,Democratic Republic of the Congo,humans,confirmed_cases,2026-08-07,4053,False,good,http://www.kenyastar.com/news/279225548/ebola-caseload-in-dr-congo-tops-4000; https://telegrafi.com/mbi-4-mije-raste-me-ebola-ne-kongo-shperthimi-i-dyte-me-i-madh-ne-histori/,2
Ebola Virus,Democratic Republic of the Congo,humans,confirmed_cases,2026-08-07,3973,False,good,https://news.mail.ru/society/71909538/,1
Ebola Virus,Democratic Republic of the Congo,humans,confirmed_cases,2026-08-07,4072,False,good,https://ipsnoticias.net/2026/08/el-ebola-llega-a-los-campamentos-de-refugiados-en-la-rdc/,1
Ebola Virus,Democratic Republic of the Congo,humans,confirmed_cases,2026-08-07,4000,False,good,https://en.tempo.co/read/2116929/africa-cdc-to-use-vaccine-for-zaire-ebola-strain-as-stop-gap; https://fr.allafrica.com/stories/202608070730.html,2
Ebola Virus,Democratic Republic of the Congo,humans,confirmed_cases,2026-08-08,4000,False,good,https://english.aawsat.com/world/5304645-who-urges-ervebo-vaccine-trial-dr-congo-ebola-outbreak,1
Ebola Virus,Democratic Republic of the Congo,humans,confirmed_cases,2026-08-08,4053,False,good,https://lurer.com/article/746072/am,1
Ebola Virus,Democratic Republic of the Congo,humans,confirmed_cases,2026-08-09,4100,False,good,https://intoleranciadiario.com/articles/internacional/2026/08/09/1056346-ebola-se-dispara-en-el-congo-casi-mil-900-muertos-y-mas-de-4-mil-100-casos.html,1
Ebola Virus,Democratic Republic of the Congo,humans,confirmed_cases,2026-08-09,4209,False,good,https://www.yucatan.com.mx/mundo/2026/08/09/el-ebola-ha-dejado-mas-de-1900-muertos-en-rd-del-congo-desde-el-mes-de-mayo.html,1
Ebola Virus,Democratic Republic of the Congo,humans,confirmed_cases,2026-08-09,3973,False,good,https://www.estrelladigital.es/articulo/mundo/oms-alerta-que-ebola-gana-terreno-congo-mas-rapido-que-respuesta-sanitaria/20260809113010449688.html,1
Ebola Virus,Democratic Republic of the Congo,humans,confirmed_cases,2026-08-10,4200,False,good,https://24sata.info/epidemija-ebole-u-kongu-pocela-mjesecima-prije-nego-sto-je-zvanicno-proglasena/; https://lurer.com/article/746487/am; https://www.dailysabah.com/world/africa/congos-ebola-outbreak-began-months-before-it-was-declared-who; https://www.wsls.com/news/world/2026/08/10/who-says-congos-ebola-outbreak-started-months-before-it-was-declared/,4
Ebola Virus,Democratic Republic of the Congo,humans,confirmed_cases,2026-08-10,4000,False,good,https://glavcom.ua/world/observe/spalakh-eboli-v-konho-perevishchiv-chotiri-tisjachi-khvorikh-virus-mih-mutuvati-1135843.html,1
Ebola Virus,Democratic Republic of the Congo,humans,confirmed_cases,2026-08-10,4120,False,good,https://eldia.com.do/la-republica-democratica-del-congo-sube-a-1-887-la-cifra-de-muertos-por-ebola-y-a-4-120-los-casos-confirmados/,1
Ebola Virus,Democratic Republic of the Congo,humans,confirmed_cases,2026-08-11,4294,False,good,http://www.bignewsnetwork.com/news/279234426/dr-congo-ebola-outbreak-is-the-us-panicking-with-new-travel-bans; https://operamundi.uol.com.br/africa/rd-congo-numero-de-mortos-pelo-surto-de-ebola-sobe-para-1-960/; https://www.bbc.com/persian/articles/c0jl672xjnwo,3
Ebola Virus,Democratic Republic of the Congo,humans,confirmed_cases,2026-08-11,2011,True,chi-sq,https://www.franceguyane.fr/actualite/international/rdc-lepidemie-debola-franchit-le-cap-des-2000-morts-1089185.php,1
Ebola Virus,Democratic Republic of the Congo,humans,confirmed_cases,2026-08-11,4381,False,good,https://fr.allafrica.com/stories/202608110526.html; https://kurir.mk/vesti/svet/dramatichen-rast-na-epidemijata-vo-kongo-brojot-na-zhrtvi-od-ebola-se-udvoi-dza-samo-tri-nedeli/; https://newsmonkey.be/ebola-uitbraak-in-congo-eist-al-meer-dan-2-000-levens/; https://politiken.dk/internationalt/art10942266/Over-2.000-ebolasmittede-er-d%C3%B8de-i-DR-Congo; https://ultimosegundo.ig.com.br/agencias/dw/2026-08-11/fora-de-controle--surto-de-ebola-ja-matou-mais-de-2-mil-na-rdc.html; https://unternehmen-heute.de/news.php?newsid=6707661; https://www.abc.com.py/internacionales/2026/08/11/epidemia-de-ebola-supera-los-2000-muertos-en-republica-democratica-del-congo/; https://www.businessnews.gr/epixeiriseis/ygeia/item/344042-ld-kongko-oi-thanatoi-apo-tin-epidimia-tou-empola-kseperasan-tous-2-000; https://www.channelafrica.co.za/channelafrica/news/ebola-deaths-surpass-2-000-in-drc/; https://www.cnbcafrica.com/2026/new-transmission-from-animals-likely-caused-congo-uganda-ebola-outbreak-study-says; https://www.greeleytribune.com/2026/08/11/congo-ebola-outbreak-fastest-growing/; https://www.kurv.com/congo-says-2000-people-have-died-in-its-ebola-outbreak-the-fastest-growing-on-record/,12
Ebola Virus,Democratic Republic of the Congo,humans,confirmed_cases,2026-08-12,4300,False,good,https://lepays.bf/barre-de-2-000-morts-liees-a-ebola-franchie-en-rdc-que-nous-reserve-demain/,1
Ebola Virus,Democratic Republic of the Congo,humans,confirmed_cases,2026-08-12,4500,False,good,https://fr.allafrica.com/stories/202608120579.html,1
Ebola Virus,Democratic Republic of the Congo,humans,confirmed_cases,2026-08-12,4000,True,monotonicity,https://www.democracynow.org/2026/8/12/headlines/drc_reports_more_than_4_000_confirmed_ebola_cases,1
Ebola Virus,Democratic Republic of the Congo,humans,confirmed_cases,2026-08-12,4449,False,good,http://www.sierraleonetimes.com/news/279237082/new-ebola-variant-linked-to-unknown-animal-source-study; https://lesoleil.sn/international/infos-afrique/ebola-en-rdc-loms-veut-inverser-la-tendance-en-trois-mois/; https://lurer.com/article/746755/am; https://www.newsbeast.gr/world/arthro/13290121/anisychia-gia-ti-nea-agnosti-metallaxi-bundibugyo-tou-ebola-xepernoun-tous-2-000-oi-nekroi-sto-kongko-enas-stous-dyo-pethainei; https://www.newsbomb.gr/kosmos/story/1756032/anisyxia-gia-nea-agnosti-metallaksi-tou-empola-se-kongko-kai-ougkanta-o-enas-stous-dyo-pethainei,5
Ebola Virus,Democratic Republic of the Congo,humans,confirmed_cases,2026-08-12,2011,True,chi-sq,https://fr.allafrica.com/view/group/main/main/id/00097735.html,1
Ebola Virus,Democratic Republic of the Congo,humans,confirmed_cases,2026-08-12,4381,False,good,http://europe.chinadaily.com.cn/a/202608/12/WS6a7bca27a310986e2b46a435.html; http://www.africaleader.com/news/279236728/ebola-virus-death-toll-crosses-2000-in-dr-congo-over-4000-cases-confirmed; https://cnnespanol.cnn.com/2026/08/11/mundo/rd-congo-brote-ebola-2000-muertos-ap; https://jowhar.com/dr-congo-ebola-outbreak-death-toll-surpasses-2000-officials-report/; https://lequotidien.lu/monde/rdc-lepidemie-debola-franchit-le-cap-des-2-000-morts/; https://pulsoslp.com.mx/mundo/el-ebola-alcanza-letalidad-de-459/2075430; https://vanguardia.com.mx/noticias/reporta-congo-que-hay-2-mil-muertos-en-su-brote-de-ebola-es-la-expansion-de-la-enfermedad-mas-rapida-conocida-JB22768067; https://www.fox10phoenix.com/news/deadly-disease-outbreak-kills-2000-what-to-know; https://www.fox13news.com/news/deadly-disease-outbreak-kills-2000-what-to-know; https://www.haberaktuel.com/kongoda-ebola-can-kaybi-2-bine-ulasti-3473748; https://www.redaccionmedica.com/politica/sanidad-hoy/20260812/un-estudio-apunta-la-transmision-animal-en-el-brote-de-ebola-rd-congo/349008_0.html,11
Ebola Virus,Democratic Republic of the Congo,humans,confirmed_cases,2026-08-13,4381,False,good,https://centralasia.media/news:2515814/,1
Ebola Virus,Democratic Republic of the Congo,humans,confirmed_cases,2026-08-13,4499,False,good,https://www.aktuality.sk/clanok/G6Z2evu/who-veri-v-zlom-v-boji-proti-ebole-v-kongu-do-troch-mesiacov-epidemia-vsak-trva-dalej/,1
Ebola Virus,Democratic Republic of the Congo,humans,confirmed_cases,2026-08-13,4449,False,good,https://www.africanews.com/2026/08/12/drc-world-health-organisation-chief-sounds-alarm-on-ebola-outbreak/,1
Ebola Virus,Democratic Republic of the Congo,humans,confirmed_cases,2026-08-13,1528,True,chi-sq,https://www.opinionnigeria.com/drcs-ebola-challenging-international-donors-by-kester-kenn-klomegah/,1
Ebola Virus,Democratic Republic of the Congo,humans,confirmed_cases,2026-08-13,4500,False,good,https://www.in.gr/2026/08/13/in-science/episthmes/fountonei-ekthetika-i-epidimia-empola-anamenetai-na-ginei-i-pio-foniki-olon-ton-epoxon/,1
Ebola Virus,Democratic Republic of the Congo,humans,confirmed_cases,2026-08-14,4449,False,good,http://www.bignewsnetwork.com/news/279241636/africa-cdc-backs-urgent-vaccine-deployment-to-contain-expanding-ebola-in-dr-congo; http://www.sierraleonetimes.com/news/279241505/africa-cdc-sounds-alarm-as-ebola-kills-over-2000-in-dr-congo; https://fr.allafrica.com/stories/202608140090.html; https://khovar.tj/rus/2026/08/masshtaby-vspyshki-eboly-v-demokraticheskoj-respublike-kongo-udvaivayutsya-kazhdye-20-dnej/,4
Ebola Virus,Democratic Republic of the Congo,humans,confirmed_cases,2026-08-14,4566,False,good,https://fr.allafrica.com/stories/202608140270.html; https://pt.euronews.com/saude/2026/08/14/surto-de-ebola-na-rdcongo-alastra-se-a-sexta-provincia-e-faz-crescer-receios-no-sudao-do-s; https://www.farodevigo.es/mundo/2026/08/14/ebola-extiende-sexta-provincia-rd-congo-133364640.html; https://www.sudouest.fr:443/sante/ebola/ebola-l-appel-du-conseil-international-des-infirmieres-a-remunerer-les-soignants-en-premiere-ligne-en-republique-democratique-du-congo-30255996.php,4
Ebola Virus,Democratic Republic of the Congo,humans,confirmed_cases,2026-08-14,4400,False,good,https://www.newstribune.com/news/2026/aug/14/ebola-driving-up-maternal-deaths-as-pregnant/,1
Ebola Virus,Democratic Republic of the Congo,humans,confirmed_cases,2026-08-14,4665,False,good,http://www.bignewsnetwork.com/news/279241633/ebola-outbreak-reaches-6th-province-in-dr-congo-as-cases-top-4600-official; https://www.diariosigloxxi.com/texto-ep/mostrar/20260814144825/muertos-ebola-rdc-rebasan-2100-hay-4600-casos-confirmados,2
Ebola Virus,Democratic Republic of the Congo,humans,confirmed_cases,2026-08-15,4500,False,good,https://politiken.dk/internationalt/art10948116/FN-Ebolaudbrud-i-DR-Congo-koster-et-menneske-livet-hver-halve-time; https://www.globalmedia.mx/articles/onu_alerta_que_ebola_mata_a_una_persona_cada_30_minutos_en_el_congo; https://www.kristeligt-dagblad.dk/udland/fn-ebolaudbrud-i-dr-congo-koster-et-menneske-livet-hver-halve-time; https://www.okaz.com.sa/variety/na/2261363,4
Ebola Virus,Democratic Republic of the Congo,humans,confirmed_cases,2026-08-15,4665,False,good,http://www.rnanews.com/une-sixieme-province-touchee-par-ebola-en-rdc-loms-renforce-la-riposte-regionale/,1
Ebola Virus,Democratic Republic of the Congo,humans,confirmed_cases,2026-08-15,4727,False,good,https://www.eluniversal.com.co/mundo/2026/08/15/ebola-deja-mas-de-2200-muertos-en-republica-democratica-del-congo/; https://www.europapress.es/internacional/noticia-muertos-ebola-rdc-rebasan-ya-2200-hay-mas-4700-casos-confirmados-20260815181845.html,2
Ebola Virus,Democratic Republic of the Congo,humans,confirmed_cases,2026-08-15,976,True,chi-sq,https://nepalnews.com/2026/08/15/ebola-outbreak-intensifies-in-congo/,1
Ebola Virus,Democratic Republic of the Congo,humans,confirmed_cases,2026-08-15,4566,False,good,https://www.denik.cz/zdravotnictvi/ebola-pravidla-lekari-bez-hranic-reena-sattar/; https://www.pressafrik.com/Ebola-en-RDC-un-deces-toutes-les-30-minutes-alerte-l-ONU_a309946.html; https://www.rewmi.com/ebola-en-rdc-un-deces-toutes-les-30-minutes-alerte-lonu/,3
Ebola Virus,Democratic Republic of the Congo,humans,confirmed_cases,2026-08-15,4449,False,good,https://sana.sy/health/2553729/; https://sana.sy/tr/miscellaneous/2317084/; https://www.dn.se/varlden/kongo-pa-vag-mot-varsta-ebolautbrottet-hittills/,3
Ebola Virus,Democratic Republic of the Congo,humans,confirmed_cases,2026-08-15,4556,False,good,https://euronews.al/alarm-nga-okb-ebola-vret-nje-person-ne-cdo-30-minuta-me-shume-se-2100-te-vdekur-brenda-tre-muajve-ne-kongo/; https://telegrafi.com/alarm-nga-okb-ebola-po-vret-nje-person-cdo-30-minuta/; https://www.iefimerida.gr/kosmos/empola-kongko-kapoios-pethainei-kathe-30-lepta; https://www.inewsgr.com/184/ebola-sti-ld-kongko-enas-anthropos-pethainei-kathe-30-lepta.htm; https://www.inewsgr.com/27/epidimia-ebola-sto-kongko-enas-thanatos-kathe-30-lepta--exaplonetai-tachytera-apo-opoiadipote-alli.htm; https://www.kathimerini.gr/world/564404305/kongko-enas-nekros-apo-empola-kathe-30-lepta/; https://www.lykavitos.gr/kongko-kalpazei-o-empola-skotonei-enan-anthropo-kathe-30-lepta; https://www.newsbomb.gr/kosmos/story/1756609/oie-i-epidimia-tou-empola-sti-ld-kongko-stoixizei-ti-zoi-se-enan-anthropo-kathe-30-lepta; https://www.voria.gr/article/kongko-enas-nekros-apo-empola-kathe-30-lepta; https://zhurnal.mk/ebola-ne-kongo-mbi-2-mije-viktima-dhe-alarm-per-mungesen-e-ndihmes-nderkombetare/,10
Ebola Virus,Democratic Republic of the Congo,humans,confirmed_cases,2026-08-16,2272,True,chi-sq,http://www.rnanews.com/le-bilan-de-lepidemie-debola-en-rdc-salourdit-a-2-272-morts/,1
Ebola Virus,Democratic Republic of the Congo,humans,confirmed_cases,2026-08-16,4449,True,monotonicity,https://sana.sy/en/health/2336663/,1
Ebola Virus,Democratic Republic of the Congo,humans,confirmed_cases,2026-08-16,2128,True,chi-sq,https://www.alquds.com/ar/posts/253999,1
Ebola Virus,Democratic Republic of the Congo,humans,confirmed_cases,2026-08-16,4727,False,good,http://www.bignewsnetwork.com/news/279244301/un-warns-ebola-claiming-one-life-every-30-minutes-in-drc,1
Ebola Virus,Democratic Republic of the Congo,humans,confirmed_cases,2026-08-16,4945,False,good,https://www.illawarramercury.com.au/story/9331359/dr-congo-ebola-outbreak-deadliest-in-countrys-history/; https://www.kristeligt-dagblad.dk/udland/ebolaudbrud-i-dr-congo-er-landets-mest-doedelige,2
Ebola Virus,Democratic Republic of the Congo,humans,confirmed_cases,2026-08-16,4843,False,good,https://maliactu.net/ebola-rdc-2272-morts-taux-letalite-alarmant/; https://www.publico.es/internacional/africa/republica-democratica-congo-aumenta-2-272-cifra-muertos-4-843-casos-confirmados-ebola.html,2
Ebola Virus,Democratic Republic of the Congo,humans,confirmed_cases,2026-08-17,4945,False,good,http://www.rnanews.com/ebola-devient-lepidemie-la-plus-meurtriere-de-lhistoire-de-la-rdc-un-mort-toutes-les-30-minutes/; https://assabeel.net/82071; https://bnonews.com/index.php/2026/08/dr-congo-ebola-outbreak-becomes-2nd-deadliest-on-record/; https://dominicanrepublicpost.com/ebola-outbreak-in-dr-congo-becomes-deadliest-in-countrys-history/; https://elkosmos.gr/i-epidimia-ebola-egine-i-pio-foniki-stin-istoria-tou-kongko; https://english.news.cn/20260817/5df7567215a346d882e31f79ec246751/c.html; https://fakti.bg/world/1074925-ebola-v-dr-kongo-s-rekordna-smartnost-jertvite-veche-sa-2325; https://gate.ahram.org.eg/News/5889903.aspx; https://glavnoe.in.ua/news/u-konho-spalah-eboly-stav-najsmertonosnishym-v-istoriyi-krayiny-ponad-23-tysyachi-zahyblyh; https://intoleranciadiario.com/articles/salud/2026/08/16/1056664-brote-de-ebola-en-rd-del-congo-es-el-mas-letal-en-la-historia-del-pais-hay-mas-de-2-mil-300-muertos.html; https://kurir.mk/vesti/svet/epidemijata-na-ebola-vo-kongo-stana-najsmrtonosna-vo-istorijata-na-dzemjata/; https://news.mail.ru/society/72023493/; https://novamakedonija.com.mk/svet/ebola-vo-kongo-odnese-2-325-zhivoti-najsmrtonosna-epidemija-vo-istorijata-na-zemjata/; https://operamundi.uol.com.br/africa/ebola-na-rd-do-congo-se-torna-surto-mais-mortal-na-historia-do-pais-diz-oms/; https://www.acritica.com/geral/surto-de-ebola-na-republica-do-congo-e-o-mais-mortal-do-pais-1.412526; https://www.adnsureste.info/la-epidemia-de-ebola-en-el-congo-es-la-mas-mortifera-de-la-historia-1030-h/; https://www.almanar.com.lb/article/1102782/; https://www.aol.co.uk/articles/ebola-outbreak-democratic-republic-congo-000957000.html; https://www.aol.co.uk/articles/ebola-why-treating-outbreak-global-173738000.html; https://www.bangkokpost.com/world/3303165/ebola-outbreak-now-dr-congos-deadliest-ever; https://www.boursorama.com/actualite-economique/actualites/rdc-l-epidemie-d-ebola-devient-la-plus-meurtriere-de-l-histoire-du-pays-74daf216261bb74ffe6ad444d9fd0599; https://www.cnn.com/2026/08/16/africa/drc-congo-ebola-deadliest-outbreak-latam-intl; https://www.dagelijksestandaard.nl/nieuws/ebola-uitbraak-congo-dodelijkste-ooit-in-het-land; https://www.dailysabah.com/world/africa/dr-congo-ebola-outbreak-deadliest-ever-in-countrys-history; https://www.enikos.gr/international/ld-kongko-2-325-nekroi-apo-ebola-rekor-thanaton-apo-tin-enarxi-tis-epidimias/2629867/; https://www.ensonhaber.com/kongo-demokratik-cumhuriyetindeki-ebola-salgini-ulke-tarihinin-en-olumcul-seviyesine-ulast-h1558193; https://www.estrelladigital.es/articulo/mundo/brote-ebola-rdc-es-mas-mortifero-historia-2325-muertos/20260817151433449975.html; https://www.expressen.se/nyheter/expressen-direkt/?post=419bc7b2-ba89-4eb4-a639-1dd0505c79c4; https://www.freemalaysiatoday.com/category/world/2026/08/17/ebola-outbreak-in-dr-congo-becomes-deadliest-in-country-s-history; https://www.haberaktuel.com/kongoda-ebola-salgini-rekor-olumcul-oldu-3474957; https://www.haberler.com/guncel/kongo-da-olu-sayisinin-2-300-u-asmasiyla-salgin-20151151-haberi/; https://www.independent.co.uk/world/ebola-outbreak-democratic-republic-of-congo-b3034202.html; https://www.irishtimes.com/world/africa/2026/08/17/latest-ebola-outbreak-becomes-deadliest-in-drcs-history/; https://www.jugantor.com/international/1141617; https://www.kibrispostasi.com/c37-DUNYA/n611000-kongo-demokratik-cumhuriyetindeki-ebola-salgini-ulke-tarihinin-en-olumcul-seviyesine-ulasti; https://www.midilibre.fr/2026/08/17/elle-tue-une-personne-toutes-les-30-minutes-lepidemie-debola-en-rdc-devient-la-plus-meurtriere-de-lhistoire-du-pays-13511936.php; https://www.miragenews.com/ebola-outbreak-deadliest-in-dr-congo-history-1728486/; https://www.nationalturk.com/dunya/ebola-kongo-demokratik-cumhuriyeti/; https://www.nettavisen.no/nyheter/2325-mennesker-er-dode-etter-a-ha-blitt-smittet-med-ebola-i-kongo/s/80-95-1329; https://www.novosti.rs/planeta/svet/1638487/najsmrtonosnija-epidemija-ebole-istoriji-kongo-nikad-tezoj-situaciji-preminulo-2-325-pacijenata-broj-zarazenih-porastao-4-945; https://www.rtve.es/noticias/20260817/brote-ebola-republica-democratica-congo-mas-mortifero-historia/17192780.shtml; https://www.samanyoluhaber.com/olumcul-ebola-salgini-yayiliyor-olum-orani-yuzde-47-tedavisi-yok/1491604; https://www.shorouknews.com/news/view.aspx?cdate=17082026&id=9c715247-ae5b-45e9-98ce-c100f6de9e6e; https://www.sn.at/politik/weltpolitik/toedlichster-ebola-ausbruch-in-der-geschichte-des-kongos-art-667845; https://www.tanjug.rs/svet/politika/274164/epidemija-ebole-u-dr-kongo-postala-najsmrtonosnija-u-istoriji-te-zemlje/vest; https://www.theguardian.com/world/2026/aug/17/ebola-outbreak-drc-democratic-republic-of-congo-deadliest-in-history; https://www.thehindu.com/sci-tech/health/how-congos-ebola-outbreak-became-the-second-most-lethal-on-record/article71357924.ece; https://www.upi.com/Top_News/World-News/2026/08/16/drc-Ebola-outbreak-update/4271786931290/; https://www.vrt.be/vrtnws/nl/2026/08/17/ebola-uitbraak-congo-dodelijkste-ooit-in-het-land/; https://yle.fi/a/7-10103654; https://zerkalo.az/nyneshnyaya-vspyshka-eboly-stala-samoj-smertonosnoj-v-istorii-kongo/,51
Ebola Virus,Democratic Republic of the Congo,humans,confirmed_cases,2026-08-17,4900,False,good,https://www.deutschlandfunk.de/zahl-der-ebola-toten-in-dr-kongo-auf-2-325-gestiegen-102.html,1
Ebola Virus,Democratic Republic of the Congo,humans,confirmed_cases,2026-08-17,4727,False,good,https://www.emaratalyoum.com/politics/news/2026-08-17-1.2074506,1
Ebola Virus,Democratic Republic of the Congo,humans,confirmed_cases,2026-08-17,2325,True,chi-sq,https://istoe.com.br/epidemia-ebola-rdc-mais-letal-historia; https://unn.ua/news/spalakh-eboly-u-konho-ofitsiino-stav-naismertonosnishym-perevyshchyvshy-mynulyi-pokaznyk-u-2299-zhertv,2
Ebola Virus,Democratic Republic of the Congo,humans,confirmed_cases,2026-08-17,4660,False,good,https://allafrica.com/stories/202608170066.html; https://allafrica.com/stories/202608170167.html,2
Ebola Virus,Democratic Republic of the Congo,humans,confirmed_cases,2026-08-18,4945,False,good,https://daidoanket.vn/cong-hoa-dan-chu-congo-ghi-nhan-dot-bung-phat-ebola-gay-tu-vong-nhieu-nhat-trong-lich-su.html; https://primicia.com.ve/mundo/el-brote-de-ebola-es-el-segundo-mas-letal-de-la-historia/; https://thanhnien.vn/dot-bung-phat-ebola-chet-choc-nhat-lich-su-chdc-congo-185260817223904527.htm; https://ultimosegundo.ig.com.br/agencias/dw/2026-08-17/epidemia-de-ebola-na-rdc-ja-e-a-mais-mortal-da-historia-do-pais.html; https://www.mundiario.com/articulo/sociedad/ebola-republica-democratica-congo-brote-mas-mortifero-historia-avanza/20260818022349435899.html,5
Ebola Virus,Democratic Republic of the Congo,humans,confirmed_deaths,2026-07-30,1207,False,good,https://fr.allafrica.com/stories/202607300060.html,1
Ebola Virus,Democratic Republic of the Congo,humans,confirmed_deaths,2026-07-30,1354,False,good,https://lesoleil.sn/le-decodeur/chronique/menaces-sanitaires-et-drames-securitaires-par-oumar-ndiaye/,1
Ebola Virus,Democratic Republic of the Congo,humans,confirmed_deaths,2026-07-30,1487,False,good,https://wtop.com/world/2026/07/ebola-outbreak-is-worsening-food-insecurity-in-eastern-congo-un-agency-chief-warns/; https://www.litaliano.it/il-vaccino-per-lebola-di-bundibugyo-al-via/; https://www.manilatimes.net/2026/07/30/world/singapore-group-will-develop-most-promising-ebola-vaccine/2394784; https://www.notimerica.com/politica/noticia-onu-alerta-hambre-rdc-socava-capacidad-respuesta-brote-ebola-supera-1480-muertos-20260730063813.html; https://www.unionleader.com/news/health/ebola-vaccine-race-accelerates-as-congo-outbreak-outpaces-response/article_e45d6fb1-42a0-478c-acea-25dd0b3d4528.html,5
Ebola Virus,Democratic Republic of the Congo,humans,confirmed_deaths,2026-07-30,55,True,chi-sq,https://allafrica.com/stories/202607300028.html,1
Ebola Virus,Democratic Republic of the Congo,humans,confirmed_deaths,2026-07-30,65,True,chi-sq,https://www.dunya.com/dunya/bmden-korkutan-uyari-ebola-simdi-de-aclik-krizini-buyutuyor-haberi-834264,1
Ebola Virus,Democratic Republic of the Congo,humans,confirmed_deaths,2026-07-30,1521,False,good,http://www.reflector.com/news/national/congo-says-the-death-toll-in-fastest-growing-ebola-outbreak-has-passed-1-500/article_d4a1846e-a5aa-5318-adba-1ccb5d856ca4.html; https://hnonline.sk/svet/96294458-pocet-obeti-eboly-v-kongu-neustale-rastie-epidemia-si-uz-vyziadala-vyse-1500-obeti; https://hoytamaulipas.net/notas/623361/Ebola-golpea-al-Congo-mas-de-mil-500-muertos.html; https://mignews.com/news/health/chislo-zhertv-krupnejshej-vspyshki-eboly-v-kongo-prevysilo-15-tysyachi-chelovek.html; https://news.bigmir.net/ua/world/10401539-ebola-v-kongo-kilkist-zhertv-perevischila-15-tisyachi-epidemiya-nabiraje-obertiv; https://sapo.pt/artigo/ebola-numero-de-mortos-supera-os-1-500-na-rdcongo-6a6b4b566f153e92ca54d03c; https://vanguardia.com.mx/noticias/los-casos-de-ebola-han-causado-la-muerte-de-mas-de-mil-500-personas-durante-el-brote-de-mas-rapido-crecimiento-en-el-congo-FH22523745; https://wkjc.com/world/c67892427e9e408246d53bab250275e3; https://www.aljazeera.com/news/2026/7/30/congos-ebola-death-toll-passes-1500-as-it-struggles-to-halt-spread; https://www.brandonsun.com/lifestyles/2026/07/30/death-toll-tops-1500-in-fastest-growing-ebola-outbreak-in-history-congo-says; https://www.canberratimes.com.au/story/9321134/deaths-in-fastest-growing-ebola-outbreak-pass-1500/; https://www.cidrap.umn.edu/ebola/africa-cdc-chief-says-no-magical-solution-intensifying-deadly-ebola-outbreak; https://www.dagelijksestandaard.nl/nieuws/ebola-eist-meer-dan-1500-levens-in-democratische-republiek-congo; https://www.elpasoinc.com/news/ap_wire/death-toll-tops-1-500-in-fastest-growing-ebola-outbreak-in-history-congo-says/article_d2266c6e-5428-5cd1-b91b-048fc956c823.html; https://www.freiepresse.de/wissenschaft/mehr-als-1-500-tote-bei-ebola-ausbruch-im-kongo-artikel14352516; https://www.gp.se/nyheter/varlden/kongo-kinshasa-over-1-500-har-avlidit-i-ebola.11df8398-ddb1-5bc8-a898-fd503e1ef820; https://www.lrytas.lt/sveikata/medicinos-zinios/2026/07/30/news/ebolos-epidemija-konge-toliau-sparciai-plinta-43327836; https://www.news4jax.com/news/world/2026/07/30/death-toll-tops-1500-in-fastest-growing-ebola-outbreak-in-history-congo-says/; https://www.newsbomb.gr/kosmos/story/1753368/kongko-kseperasan-tous-1-500-oi-nekroi-apo-ton-empola-oi-thanatoi-afksithikan-50-se-mia-evdomada; https://www.sandiegouniontribune.com/2026/07/30/congo-ebola-death-toll-passes-1500/; https://www.theadvocate.com.au/story/9321134/deaths-in-fastest-growing-ebola-outbreak-pass-1500/; https://www.tu.no/nyhetsstudio/ebola-har-krevd-over-1500-liv-i-kongo/126775; https://www.ukrinform.ua/rubric-world/4149490-kilkist-zagiblih-vid-spalahu-eboli-v-dr-kongo-perevisila-1500.html; https://www.wral.com/news/ap/269ea-death-toll-tops-1-500-in-fastest-growing-ebola-outbreak-in-history-congo-says/; https://www.wsbradio.com/news/world/death-toll-tops-1500/K236NODYWI2W3F4XGP6TV3A7FI/; https://yle.fi/a/74-20238693,26
Ebola Virus,Democratic Republic of the Congo,humans,confirmed_deaths,2026-07-30,50,True,chi-sq,https://www.democracynow.org/2026/7/30/headlines/un_warns_of_growing_hunger_crisis_in_eastern_congo_amid_ebola_outbreak,1
Ebola Virus,Democratic Republic of the Congo,humans,confirmed_deaths,2026-07-30,754,True,chi-sq,https://english.ahram.org.eg/Category/2/10/World/Congo-says-the-death-toll-in-fastestgrow.aspx,1
Ebola Virus,Democratic Republic of the Congo,humans,confirmed_deaths,2026-07-30,2,True,chi-sq,https://www.yahoo.com/news/science/articles/singapore-group-develop-most-promising-093848486.html,1
Ebola Virus,Democratic Republic of the Congo,humans,confirmed_deaths,2026-07-31,796,True,chi-sq,https://allafrica.com/stories/202607310352.html; https://www.24hod.sk/2026-07-31/26/zdravie/,2
Ebola Virus,Democratic Republic of the Congo,humans,confirmed_deaths,2026-07-31,1558,False,good,https://us.cnn.com/2026/07/31/health/ebola-outbreak-congo,1
Ebola Virus,Democratic Republic of the Congo,humans,confirmed_deaths,2026-07-31,1556,False,good,"https://dominicanrepublicpost.com/dr-congo-ebola-epidemic-becomes-worlds-second-largest-outbreak/; https://lurer.com/article/744750/am; https://sana.sy/en/health/2333331/; https://sana.sy/tr/international/2314157/; https://www.dailynews.co.th/news/6070421/; https://www.f5haber.com/dunya/kongo-demokratik-cumhuriyetinde-ebola-salgininda-vaka-sayisi-3-bin-500u-asti-6954319; https://www.freemalaysiatoday.com/category/world/2026/07/31/ebola-outbreak-in-dr-congo-exceeds-3-500-cases; https://www.haberler.com/dunya/kongo-demokratik-cumhuriyeti-nde-ebola-salgininda-20106102-haberi/; https://www.laestrella.com.pa/mundo/ebola-en-rd-congo-la-segunda-epidemia-mas-grave-de-la-historia-ND24506946; https://www.skai.gr/news/health/kongko-3532-krousmata-empola-i-deyteri-megalyteri-epidimia-tou-iou-sti-xora; https://www.teraz.sk/zahranicie/kdr-epidemia-eboly-je-v-sucasnosti-d/981821-clanok.html; https://www.terra.com.br/noticias/mundo/surto-de-ebola-no-congo-e-segundo-maior-ja-registrado-segundo-dados-recentes,acf785cb7cc2297d4d01d0d9321a25caba8pxg85.html; https://www.tu.no/nyhetsstudio/ebola-utbruddet-i-kongo-det-nest-stoerste-noensinne/126886",13
Ebola Virus,Democratic Republic of the Congo,humans,confirmed_deaths,2026-07-31,1500,False,good,https://timesofindia.indiatimes.com/etimes/wellness/dr-congo-ebola-second-deadliest-outbreak-death-toll-passes-1500-why-its-spreading-so-fast-the-warning-signs-and-the-vaccine-challenge/photostory/132757192.cms,1
Ebola Virus,Democratic Republic of the Congo,humans,confirmed_deaths,2026-07-31,1521,False,good,https://baocantho.com.vn/dich-ebola-so-ca-tu-vong-tiep-tuc-tang-a211143.html; https://www.arkansasonline.com/news/2026/jul/31/congo-ebola-deaths-up-over-1500-as-responders/; https://www.cidrap.umn.edu/childhood-vaccines/over-400-state-vaccine-bills-9-new-laws-2-fed-charters-and-1-step-closer-cdc; https://www.hngn.com/articles/272298/20260728/drc-ebola-death-toll-surpasses-1000-fastest-fatal-surge-record-who-says.htm; https://www.ksl.com:443/article/51603932/congo-says-the-death-toll-in-fastest-growing-ebola-outbreak-has-passed-1500,5
Ebola Virus,Democratic Republic of the Congo,humans,confirmed_deaths,2026-07-31,1487,False,good,"http://www.tz.de/wissen/rennen-um-impfstoff-gegen-neue-ebola-variante-erhaelt-finanzspritze-von-millionen-dollar-zr-94422844.html; https://www.aol.co.uk/articles/ebola-outbreak-drc-fastest-growing-080008000.html; https://www.blisty.cz/art/135076-vypuknuti-epidemie-eboly-v-konzske-demokraticke-republice-je-nejrychleji-se-sirici-v-historii-tohoto-viru.html; https://www.gdnonline.com:443/Details/1402152/Merck,-Wellcome-partner-with-global-health-group-to-make-Ebola-vaccine-for-clinical-trials; https://www.theguardian.com/global-development/2026/jul/31/ebola-outbreak-in-drc-the-fastest-growing-in-the-history-of-the-virus; https://www.thenews.com.pk/latest/1410845-fastest-growing-ebola-outbreak-on-record-spreads-across-eastern-dr-congo",6
Ebola Virus,Democratic Republic of the Congo,humans,confirmed_deaths,2026-08-01,1556,False,good,http://www.africaleader.com/news/279218384/congo-ebola-outbreak-becoms-second-largest-on-record; https://laverdad.com.mx/2026/08/brote-de-ebola-en-rd-congo-alcanza-cifras-alarmantes/; https://mansethaber.com/saglik/dso-duyurdu-nadir-ebola-turu-kontrolden-cikiyor; https://sana.sy/es/world/2325049/; https://sana.sy/health/2542211/; https://sofokleous10.gr/2026/08/01/%CF%80%CE%AC%CE%BD%CF%89-%CE%B1%CF%80%CF%8C-3-500-%CE%BA%CF%81%CE%BF%CF%8D%CF%83%CE%BC%CE%B1%CF%84%CE%B1-%CE%AD%CE%BC%CF%80%CE%BF%CE%BB%CE%B1-%CF%83%CF%84%CE%BF-%CE%BA%CE%BF%CE%BD%CE%B3%CE%BA%CF%8C/; https://unternehmen-heute.de/news.php?newsid=6706688; https://www.alquds.co.uk/%D8%A3%D9%83%D8%AB%D8%B1-%D9%85%D9%86-3500-%D8%A5%D8%B5%D8%A7%D8%A8%D8%A9-%D8%A8%D8%A5%D9%8A%D8%A8%D9%88%D9%84%D8%A7-%D9%81%D9%8A-%D8%A7%D9%84%D9%83%D9%88%D9%86%D8%BA%D9%88-%D8%A7%D9%84%D8%AF%D9%8A/; https://www.arkcity.net/actualite-internationale/ebola-rdc-epidemie-plus-rapide-jamais-enregistree-2026.html; https://www.capital.gr/diethni/4008768/empola-ta-krousmata-xeperasan-ta-3500-i-epidimia-sti-ld-kongko-einai-i-xeiroteri-stin-istoria-tis-xoras/; https://www.ceskenoviny.cz/zpravy/u-zeny-po-navratu-z-ugandy-je-podezreni-na-nakazu-je-na-bulovce-/2857481; https://www.dakaractu.com/Ebola-flambee-sans-precedent-en-RDC-avec-plus-de-3-500-cas_a274551.html; https://www.foxnews.com/politics/bipartisan-pair-senators-urge-rubio-release-aid-african-women-children-risk-ebola; https://www.heraldk.com/article/2026080101292466846; https://www.kotaradio.com/2026/08/01/bipartisan-pair-of-senators-urge-rubio-to-release-aid-to-african-women-children-at-risk-of-ebola/; https://www.ndarinfo.com/RDC-plus-de-3-500-cas-d-Ebola-une-flambee-sans-precedent_a45990.html; https://www.newsbomb.gr/kosmos/story/1753740/empola-ta-kroysmata-kseperasan-ta-3-500-sto-kongko; https://www.skai.gr/news/world/ta-krousmata-kseperasan-ta-3500-sti-ld-kongko; https://www.sofokleousin.gr/epixeiriseis/ygeia/empola-ta-krousmata-kseperasan-ta-3500-sti-ld-kongko; https://www.sudouest.fr/international/ebola-en-rdc-une-flambee-de-l-epidemie-sans-precedent-avec-pres-de-1-500-morts-et-plus-de-3-500-cas-30135718.php; https://www.topontiki.gr/2026/08/01/empola-xeperasan-ta-3-500-ta-krousmata-sti-ld-kongko/; https://www.yeniakit.com.tr/haber/dso-alarm-verdi-ebola-salgini-kontrolden-cikti-2015346.html,22
Ebola Virus,Democratic Republic of the Congo,humans,confirmed_deaths,2026-08-01,1500,False,good,https://baomoi.com/chdc-congo-tro-thanh-noi-bung-phat-dich-ebola-lon-thu-hai-trong-lich-su-c55742442.epi,1
Ebola Virus,Democratic Republic of the Congo,humans,confirmed_deaths,2026-08-01,2,True,chi-sq,https://www.foxnews.com/politics/bipartisan-pair-senators-urge-rubio-release-aid-african-women-children-risk-ebola,1
Ebola Virus,Democratic Republic of the Congo,humans,confirmed_deaths,2026-08-01,1487,False,good,https://lecourrier.vn/ebola-flambee-sans-precedent-en-rdc-avec-plus-de-3500-cas/1352541.html,1
Ebola Virus,Democratic Republic of the Congo,humans,confirmed_deaths,2026-08-01,296,True,chi-sq,https://www.capital.gr/diethni/4008834/i-epidimia-empola-sto-kongko-exelissetai-sti-megaluteri-pou-exei-katagrafei-pote-sti-xora/; https://www.diariodeburgos.es/noticia/z3d331f93-e275-4759-ae9483dce961aa54/202608/rdc-se-enfrenta-ya-al-brote-de-ebola-mas-grande-de-su-historia; https://www.larazon.es/sociedad/congo-enfrenta-brote-ebola-mas-grande-historia-pais_202608016a6e12fba046ad6ebc955b9b.html; https://www.vilaweb.cat/noticies/republica-democratica-congo-brot-ebola-mes-greu-historia/,4
Ebola Virus,Democratic Republic of the Congo,humans,confirmed_deaths,2026-08-01,1587,False,good,"http://govoritmoskva.ru/news/500735/; http://www.bignewsnetwork.com/news/279218906/current-ebola-outbreak-largest-ever-recorded-in-dr-congo-who; https://dominicanrepublicpost.com/la-oms-alerta-de-la-intensificacion-de-la-epidemia-de-ebola-en-el-congo/; https://english.aawsat.com/world/5302382-who-ebola-outbreak-dr-congo-intensifying; https://haqqin.az/newsarchive/389843; https://listindiario.com/las-mundiales/20260801/oms-alerta-intensificacion-epidemia-ebola-congo_916254.html; https://novamakedonija.com.mk/svet/szo-predupreduva-epidemijata-na-ebola-vo-kongo-se-vloshuva-raste-rizikot-od-shirenje-vo-regionot/; https://observador.pt/2026/08/01/rdcongo-eleva-numero-de-mortos-para-1-587-e-confirma-3-605-casos-de-ebola/; https://profile.ru/news/abroad/voz-nazvala-krupnejshej-nyneshnjuju-vspyshku-eboly-v-drk-a999-1887020/; https://sapo.pt/artigo/rdcongo-eleva-numero-de-mortos-por-ebola-para-1-587-6a6e02413f3011d88fbb09d2; https://sol.iol.pt/internacional/noticias/surto-de-ebola-no-congo-ja-fez-1-587-mortos-e-torna-se-o-segundo-maior-da-historia/20260801/6a6e1c280cf2f6a1a1e72bc1; https://www.24sata.hr/news/who-epidemija-ebole-u-kongu-se-pogorsava-i-najgora-je-dosad-1144897; https://www.alnilin.com/13480771.htm; https://www.bazonline.ch/ebola-im-kongo-who-meldet-3605-faelle-655528510419; https://www.dhnet.be/dernieres-depeches/2026/08/01/lepidemie-debola-en-rdc-sintensifie-a-un-rythme-exceptionnel-avertit-loms-RRSMSO4G7ZBEDAVM25DWRZUD6E/; https://www.diepresse.com/40753920/lage-verschaerft-sich-ebola-ausbruch-im-kongo-ist-nicht-unter-kontrolle; https://www.eluniversal.com.co/mundo/2026/08/01/aumenta-la-tragedia-por-el-ebola-en-rd-del-congo-suben-las-victimas-y-los-contagios/; https://www.faz.net/aktuell/gesellschaft/gesundheit/toedliches-virus-ebola-ausbruch-im-kongo-verschaerft-sich-accg-201087055.html; https://www.franceinfo.fr/sante/maladie/ebola/l-epidemie-d-ebola-en-republiquedemocratique-du-congo-s-intensifie-a-un-rythme-exceptionnel-avertit-l-oms_8131370.html; https://www.gea.de/welt/wissenschaft_artikel,-ebola-ausbruch-im-kongo-versch%C3%A4rft-sich-_arid,7163299.html; https://www.ledevoir.com/monde/afrique/999191/epidemie-ebola-rdc-intensifie-rythme-exceptionnel-avertit-oms; https://www.mk.ru/incident/2026/08/01/voz-sdelala-neuteshitelnye-vyvody-o-masshtabakh-epidemii-eboly.html; https://www.news.de/gesundheit/859871290/ebola-ausbruch-im-kongo-verschaerft-sich-krankheit-news-der-dpa-aktuell-zu-gesundheit-un-und-wissenschaft/1/; https://www.notimerica.com/politica/noticia-rdc-enfrenta-ya-brote-ebola-mas-grande-historia-pais-1587-muertos-3600-casos-confirmados-20260801164740.html; https://www.ruhrnachrichten.de/dpa-infoline/ebola-ausbruch-im-kongo-verschaerft-sich-w1228654-2002169616/; https://www.shorouknews.com/news/view.aspx?cdate=01082026&id=151f3a60-244c-4949-8d98-0bb030e0cf47; https://www.the-star.co.ke/news/africa/2026-08-01-current-ebola-outbreak-worst-ever-in-dr-congo-who-says",27
Ebola Virus,Democratic Republic of the Congo,humans,confirmed_deaths,2026-08-01,1311,True,monotonicity,https://www.lavozdegalicia.es/noticia/sociedad/2026/08/01/republica-democratica-congo-enfrenta-brote-ebola-grande-historia/00031785601803861562712.htm,1
Ebola Virus,Democratic Republic of the Congo,humans,confirmed_deaths,2026-08-02,1556,False,good,https://koran-jakarta.com/2026-08-02/korban-terus-berjatuhan-ebola-di-kongo-kini-tembus-3500-kasus,1
Ebola Virus,Democratic Republic of the Congo,humans,confirmed_deaths,2026-08-02,1621,False,good,https://sapo.pt/artigo/ebola-rdc-sobe-para-1-621-numero-de-mortos-desde-15-de-maio-6a6f46533f3011d88fe187e0; https://www.abc.com.py/internacionales/2026/08/02/la-rd-del-congo-eleva-a-1621-la-cifra-de-muertos-y-a-3674-los-casos-confirmados-de-ebola/; https://www.acorianooriental.pt/noticia/ebola-rdc-sobe-para-1-621-numero-de-mortos-desde-15-de-maio-379322,3
Ebola Virus,Democratic Republic of the Congo,humans,confirmed_deaths,2026-08-02,1487,False,good,https://www.el-balad.com/17037886; https://www.irishtimes.com/world/africa/2026/08/02/ebola-outbreak-in-drc-the-fastest-growing-in-the-history-of-the-virus/,2
Ebola Virus,Democratic Republic of the Congo,humans,confirmed_deaths,2026-08-02,296,True,chi-sq,https://news.webindia123.com/news/Articles/World/20260802/4482259.html; https://www.rtl.de/news/ebola-ausbruch-im-kongo-who-warnt-lage-verschaerft-sich-id31149775.html,2
Ebola Virus,Democratic Republic of the Congo,humans,confirmed_deaths,2026-08-02,1500,False,good,https://www.bbc.co.uk/news/articles/clyemjn44qqo; https://www.bbc.com/news/articles/clyemjn44qqo; https://zizonline.com/ebola-outbreak-becomes-fastest-growing-on-record/,3
Ebola Virus,Democratic Republic of the Congo,humans,confirmed_deaths,2026-08-02,1587,False,good,https://divany.hu/vilagom/tombol-ebola-jarvany-44-szazalekos-halalozasi-arany/; https://gate.ahram.org.eg/News/5881540.aspx; https://info.sibnet.ru/article/700059/; https://koran-jakarta.com/2026-08-02/who-wabah-ebola-di-rd-kongo-terbesar-dalam-sejarah; https://lecourrier.vn/rdc-lepidemie-actuelle-debola-devient-la-plus-importante-jamais-enregistree/1352573.html; https://manager.bg/%D1%81%D0%B2%D1%8F%D1%82/epidemiata-ot-ebola-v-dr-kongo-se-razrastva; https://punchng.com/who-declares-dr-congos-ebola-outbreak-worst-on-record/; https://sana.sy/tr/international/2314523/; https://thefrontierpost.com/who-ebola-epidemic-in-dr-congo-intensifying-at-exceptional-pace/; https://theindianawaaz.com/ebola-outbreak-in-dr-congo-remains-out-of-control-who/; https://www.albayan.ae/news/world/1543756; https://www.almasryalyoum.com/news/details/4328410; https://www.bt.dk/udland/who-konstaterer-stoerste-udbrud-nogensinde; https://www.geotimes.ge/?m=5&news_id=128737&cat_id=23; https://www.newkerala.com/news/a/who-ebola-outbreak-dr-congo-spiralling-out-control-981.htm; https://www.okaz.com.sa/variety/na/2259557; https://www.rtl.de/news/ebola-ausbruch-im-kongo-who-warnt-lage-verschaerft-sich-id31149775.html; https://www.rtv.rs/sr_ci/svet/szo-broj-potvrdjenih-slucajeva-obolelih-od-ebole-u-svetu-dostigao-3.626_1733415.html; https://www.yahoo.com/news/world/articles/current-ebola-outbreak-worst-ever-161622537.html,19
Ebola Virus,Democratic Republic of the Congo,humans,confirmed_deaths,2026-08-02,1521,False,good,https://www.elconfidencial.com/salud/2026-08-02/la-paradoja-del-nuevo-brote-de-ebola_4398626/,1
Ebola Virus,Democratic Republic of the Congo,humans,confirmed_deaths,2026-08-03,296,True,chi-sq,https://www.miragenews.com/dr-congo-new-center-opens-amid-ebola-outbreak-1720940/,1
Ebola Virus,Democratic Republic of the Congo,humans,confirmed_deaths,2026-08-03,1657,False,good,https://www.20minutos.es/internacional/brote-ebola-rd-congo-deja-ya-1-657-muertos-3-748-casos-confirmados_7022137_0.html; https://www.andaluciainformacion.es/articulo/mundo/rdcongo-aumentan-mas-1650-muertos-mas-3700-casos-confirmados-ebola-rdc/202608031717453447939.html; https://www.bursahakimiyet.com.tr/dunya/nadir-varyant-alarmi-vaka-sayisi-giderek-artiyor-tedavisi-yok-1682648; https://www.diariosigloxxi.com/texto-ep/mostrar/20260803161827/aumentan-1650-muertos-3700-casos-confirmados-ebola-rdc; https://www.el-carabobeno.com/la-republica-democratica-del-congo-eleva-a-1-657-la-cifra-de-muertos-y-a-3-748-los-casos-confirmados-de-ebola/; https://www.larazon.es/sociedad/brote-ebola-congo-sigue-alza-mas-1650-muertes-3700-casos-confirmados_202608036a70c382a046ad6ebc99b9f4.html; https://www.milliyet.com.tr/dunya/kongo-demokratik-cumhuriyetinde-ebola-vakalari-3-bin-748e-cikti-7634699; https://www.sozcu.com.tr/nadir-varyant-alarmi-vaka-sayisi-giderek-artiyor-p342097,8
Ebola Virus,Democratic Republic of the Congo,humans,confirmed_deaths,2026-08-03,1556,False,good,https://www.turktime.com/haber/ebola-salgini-giderek-siddetleniyor/751058,1
Ebola Virus,Democratic Republic of the Congo,humans,confirmed_deaths,2026-08-03,36,True,chi-sq,https://ria.ru/20260803/ebola-2108702893.html,1
Ebola Virus,Democratic Republic of the Congo,humans,confirmed_deaths,2026-08-03,1621,False,good,http://www.nigeriasun.com/news/279220609/dr-congo-facing-largest-ever-ebola-outbreak-who,1
Ebola Virus,Democratic Republic of the Congo,humans,confirmed_deaths,2026-08-03,1500,False,good,https://www.ratopati.com/story/581987/pregnant-women-avoid-going-to-hospitals-due-to-ebola-fears-maternal-mortality-rate-rises-in-congo,1
Ebola Virus,Democratic Republic of the Congo,humans,confirmed_deaths,2026-08-03,1600,False,good,https://gate.ahram.org.eg/News/5882067.aspx,1
Ebola Virus,Democratic Republic of the Congo,humans,confirmed_deaths,2026-08-03,1033,True,chi-sq,https://www.afro.com/health/this-years-ebola-outbreak-has-spread-faster-than-the-worst-on-record-59f51a27,1
Ebola Virus,Democratic Republic of the Congo,humans,confirmed_deaths,2026-08-03,1587,False,good,https://allafrica.com/stories/202608030264.html; https://alyaoum24.com/2036280.html; https://www.aerzteblatt.de/news/ebola-ausbruch-im-kongo-verscharft-sich-ba3bd568-e8ca-4a08-aed2-dfb90d0b7e9e; https://www.liputan6.com/global/read/8260461/wabah-ebola-terbesar-hantam-kongo-catatkan-1587-kematian; https://www.newkerala.com/news/a/africa-cdc-hails-uganda-ebola-containment-564.htm; https://www.wsws.org/en/articles/2026/08/03/qoit-a03.html,6
Ebola Virus,Democratic Republic of the Congo,humans,confirmed_deaths,2026-08-04,1657,False,good,https://1news.az/news/20260804142023460-V-VOZ-zayavili-o-roste-chisla-umershikh-ot-Eboly-v-DRK-do-1-6-tys; https://baotintuc.vn/the-gioi/dich-ebola-thu-nghiem-tien-lam-sang-vaccine-thuoc-dieu-tri-cho-ket-qua-kha-quan-20260805061422936.htm; https://g1.globo.com/saude/noticia/2026/08/04/testes-de-tratamento-para-cepa-do-ebola-responsavel-por-surto-no-congo-sao-promissores-diz-oms.ghtml; https://www.ara.cat/internacional/africa/brot-d-ebola-congo-ja-pitjor-historia-pais_1_5812790.html; https://www.cnbcafrica.com/2026/treatment-trials-for-ebola-strain-behind-congo-outbreak-show-promise-who-says; https://www.leral.net/Ebola-l-epidemie-aurait-commence-plusieurs-mois-avant-sa-declaration-officielle-en-Ituri-etude_a403570.html; https://www.news24.com/world/who-pleads-for-more-support-to-tackle-ebola-outbreak-20260804-0907; https://www.newvision.co.ug/category/health/who-africa-cdc-hail-ugandas-ebola-response-wa-NV_238236_082026; https://www.okaz.com.sa/variety/na/2259822; https://www.redaccionmedica.com/politica/internacional/20260804/brotes-verdes-en-la-vacuna-contra-el-ebola-vamos-hacer-lo-posible-por-acelerar-plazos/348622_0.html; https://www.rtvusk.ba/clanak/who-najveca-epidemija-ebole-u-historiji-dr-konga-premasila-kapacitete-odgovora/16804; https://www.theglobeandmail.com/world/article-moderna-given-health-canada-clearance-to-start-first-human-trial-of/; https://www.zocalo.com.mx/oms-ve-prometedores-avances-en-vacunas-y-tratamientos-contra-el-brote-de-ebola-en-la-rdc/,13
Ebola Virus,Democratic Republic of the Congo,humans,confirmed_deaths,2026-08-04,65,True,chi-sq,https://www.memurlar.net/haber/1174580/dso-kongo-demokratik-cumhuriyeti-ndeki-ebola-salgini-mudahale-kapasitesini-asti.html,1
Ebola Virus,Democratic Republic of the Congo,humans,confirmed_deaths,2026-08-04,296,True,chi-sq,https://www.record.com.mx/historia/por-que-preocupa-el-brote-de-ebola-en-congo-la-oms-explica-que-ocurre-2026080419191546361,1
Ebola Virus,Democratic Republic of the Congo,humans,confirmed_deaths,2026-08-04,1625,False,good,"https://forsal.pl/kraj/aktualnosci/artykuly/11284424,czy-wirus-ebola-dotrze-do-polski-gis-zaleca-sledzenie-komunikatow-msz.html",1
Ebola Virus,Democratic Republic of the Congo,humans,confirmed_deaths,2026-08-04,1500,False,good,https://www.chvnradio.com/articles/mission-aviation-fellowship-delivers-aid-despite-growing-ebola-crisis,1
Ebola Virus,Democratic Republic of the Congo,humans,confirmed_deaths,2026-08-04,930,True,chi-sq,https://allafrica.com/view/group/main/main/id/00097647.html,1
Ebola Virus,Democratic Republic of the Congo,humans,confirmed_deaths,2026-08-04,1707,False,good,https://english.aawsat.com/world/5303223-ebola-kills-1700-eastern-congo-fastest-growing-outbreak-surges; https://hojemacau.com.mo/2026/08/05/rdcongo-epidemia-de-ebola-ja-matou-mais-de-1-700-pessoas/; https://manager.bg/%D1%81%D0%B2%D1%8F%D1%82/epidemiata-ot-ebola-v-iztochno-kongo-otne-nad-1700-zivota-i-se-razrastva-s-rekordni-tempove; https://nypost.com/2026/08/04/world-news/ebola-kills-over-1700-as-fastest-growing-outbreak-in-eastern-congo/; https://press24.mk/szo-bara-itna-megjunarodna-pomosh-epidemijata-na-ebola-vo-kongo-izleguva-od-kontrola/; https://ru.euronews.com/2026/08/04/who-seeks-ebola-support; https://timesofoman.com/article/175242-ebola-virus-claims-over-1700-lives-in-congo; https://tpo.nl/2026/08/04/ebola-uitbraak-congo-ituri-dodental/; https://www.cadena3.com/noticia/mundo/el-brote-de-ebola-en-el-este-de-congo-cobra-1700-vidas-en-tiempo-record_580076; https://www.cas.sk/spravy/v-afrike-sa-siri-nebezpecny-virus-na-ktory-nie-je-liek-ani-vakcina-who-bije-na-poplach; https://www.dostor.org/5656975; https://www.elfinanciero.com.mx/mundo/2026/08/04/brote-de-ebola-no-se-detiene-en-republica-del-congo-hay-mas-de-170-mil-muertos/; https://www.examiner.com.au/story/9324058/ebola-kills-1700-in-eastern-congo-as-outbreak-surges/; https://www.freemalaysiatoday.com/category/highlight/2026/08/05/who-pleads-for-more-support-to-tackle-ebola-outbreak; https://www.ksat.com/news/world/2026/08/04/ebola-kills-1700-in-eastern-congo-as-the-fastest-growing-outbreak-surges/; https://www.leprogres.fr/sante/2026/08/04/l-oms-appelle-a-un-plus-grand-soutien-pour-lutter-contre-l-epidemie-d-ebola-en-rdc; https://www.orlandosentinel.com/2026/08/04/ebola-eastern-congo-outbreak-surges/; https://www.shorouknews.com/news/view.aspx?cdate=04082026&id=b8d6f0e2-19a0-4fe7-8e70-50e7e11ef61f; https://www.tdg.ch/ebola-loms-appelle-a-renforcer-laide-face-a-lepidemie-en-rdc-320558213402; https://www.teraz.sk/zahranicie/kdr-epidemia-eboly-si-doteraz-vyziad/982637-clanok.html; https://www.wral.com/news/ap/19ec3-ebola-kills-1-700-in-eastern-congo-as-the-fastest-growing-outbreak-surges/; https://yle.fi/a/7-10103088,22
Ebola Virus,Democratic Republic of the Congo,humans,confirmed_deaths,2026-08-04,1521,True,monotonicity,https://www.e-radio.gr/post/330065/ecdc-oi-7-loimwxeis-poy-parakoloythei-i-eyrwpi-ton-ioylio-toy-2026; https://www.thebest.gr/article/840342-oi-loimoxeis-pou-anisuchoun-tin-europi-ti-deichnei-i-nea-ekthesi-tou-ecdc,2
Ebola Virus,Democratic Republic of the Congo,humans,confirmed_deaths,2026-08-04,1587,False,good,https://elheraldodesaltillo.mx/2026/08/04/oms-intensifica-respuesta-ante-la-peor-epidemia-de-ebola-registrada-en-el-congo/; https://fr.allafrica.com/stories/202608040120.html; https://pronedra.ru/ebola-vyhodit-iz-pod-kontrolya-v-demokraticheskoj-respublike-kongo-zafiksirovana-krupnejshaya-vspyshka-v-istorii-strany-827426.html; https://www.medicaldaily.com/who-drc-bundibugyo-ebola-largest-outbreak-ever-recorded-august-2026-476799,4
Ebola Virus,Democratic Republic of the Congo,humans,confirmed_deaths,2026-08-05,1657,False,good,https://allafrica.com/stories/202608050022.html; https://avn.info.ve/oms-pide-mayor-apoyo-internacional-para-contener-el-brote-de-ebola-en-el-congo/,2
Ebola Virus,Democratic Republic of the Congo,humans,confirmed_deaths,2026-08-05,1700,False,good,https://intoleranciadiario.com/articles/internacional/2026/08/04/1056166-sin-llegar-al-punto-maximo-brote-de-ebola-supera-las-mil-700-muertes-en-el-congo.html; https://www.tagesschau.de/ausland/afrika/who-ebola-medikamente-102.html,2
Ebola Virus,Democratic Republic of the Congo,humans,confirmed_deaths,2026-08-05,1707,False,good,https://arabic.euronews.com/2026/08/05/moderna-has-started-human-trials-for-the-bundibugyo-ebola-vaccine-as-the-outbreak-in-congo; https://gr.euronews.com/2026/08/04/o-poy-zhta-perissoterh-sthri3h-gia-thn-antimetwpish-ths-epidhmias-empola; https://macaudailytimes.com.mo/ebola-kills-1700-in-eastern-congo-as-the-fastest-growing-outbreak-surges.html; https://makfax.com.mk/svet/szo-najgolemata-epidemija-na-ebola-vo-istorijata-na-kongo-izleguva-od-kontrola/; https://ru.euronews.com/health/2026/08/05/moderna-has-started-human-trials-for-the-bundibugyo-ebola-vaccine-as-the-outbreak-in-congo; https://tr.euronews.com/saglik/2026/08/05/moderna-bundibugyo-ebola-asisinin-insan-denemelerine-basladi-kongodaki-salgin-surerken; https://www.theyeshivaworld.com/news/general/2582241/ebola-outbreak-disease-kills-1700-in-eastern-congo-as-fastest-growing-epidemic-surges.html,7
Ebola Virus,Democratic Republic of the Congo,humans,confirmed_deaths,2026-08-05,1751,False,good,https://observador.pt/2026/08/05/epidemia-de-ebola-na-republica-democratica-do-congo-esta-a-propagar-se-mais-rapido-que-a-resposta/,1
Ebola Virus,Democratic Republic of the Congo,humans,confirmed_deaths,2026-08-05,296,True,chi-sq,https://www.breitbart.com/national-security/2026/08/03/maternal-mortality-doubles-in-dr-congo-as-ebola-keeps-women-from-hospitals/,1
Ebola Virus,Democratic Republic of the Congo,humans,confirmed_deaths,2026-08-06,1751,False,good,https://www.bssnews.net/news/412131,1
Ebola Virus,Democratic Republic of the Congo,humans,confirmed_deaths,2026-08-06,1405,True,monotonicity,https://g1.globo.com/saude/noticia/2026/08/06/republica-democratica-do-congo-tem-mais-de-mil-novos-casos-de-ebola-em-10-dias.ghtml,1
Ebola Virus,Democratic Republic of the Congo,humans,confirmed_deaths,2026-08-06,1801,False,good,https://bitlysdowssl-aws.com/2026/08/republica-democratica-del-congo-eleva-a-1-801-la-cifra-de-muertos-por-brote-de-ebola/; https://sol.iol.pt/internacional/noticias/ebola-ja-matou-mais-de-1-800-pessoas-na-republica-democratica-do-congo/20260806/6a7464e30cf2b42132dbcf32; https://www.infobae.com/america/mundo/2026/08/06/la-oms-afirmo-que-el-brote-de-ebola-en-africa-esta-superando-la-capacidad-de-respuesta-para-combatirlo/; https://www.telesurtv.net/oms-gobierno-rdc-refuerza-respuesta-ebola/,4
Ebola Virus,Democratic Republic of the Congo,humans,confirmed_deaths,2026-08-06,1800,False,good,https://www.zeit.de/politik/ausland/2026-08/abdul-el-sayed-michigan-us-senat-vorwahl-donald-trump,1
Ebola Virus,Democratic Republic of the Congo,humans,confirmed_deaths,2026-08-07,1800,False,good,https://fr.allafrica.com/stories/202608070730.html,1
Ebola Virus,Democratic Republic of the Congo,humans,confirmed_deaths,2026-08-07,1850,False,good,http://www.kenyastar.com/news/279225548/ebola-caseload-in-dr-congo-tops-4000; https://ayna.az/konqoda-ebolaya-4000-den-cox-yoluxma-qeyde-alinib; https://telegrafi.com/mbi-4-mije-raste-me-ebola-ne-kongo-shperthimi-i-dyte-me-i-madh-ne-histori/,3
Ebola Virus,Democratic Republic of the Congo,humans,confirmed_deaths,2026-08-07,1853,False,good,https://ipsnoticias.net/2026/08/el-ebola-llega-a-los-campamentos-de-refugiados-en-la-rdc/,1
Ebola Virus,Democratic Republic of the Congo,humans,confirmed_deaths,2026-08-07,1801,False,good,https://en.tempo.co/read/2116929/africa-cdc-to-use-vaccine-for-zaire-ebola-strain-as-stop-gap; https://news.mail.ru/society/71909538/,2
Ebola Virus,Democratic Republic of the Congo,humans,confirmed_deaths,2026-08-07,5,True,chi-sq,https://allafrica.com/stories/202608070090.html,1
Ebola Virus,Democratic Republic of the Congo,humans,confirmed_deaths,2026-08-08,1500,True,monotonicity,https://www.chvnradio.com/articles/from-legacy-loyalty-and-love-shared-heres-this-weeks-good-news,1
Ebola Virus,Democratic Republic of the Congo,humans,confirmed_deaths,2026-08-08,1850,False,good,https://english.aawsat.com/world/5304645-who-urges-ervebo-vaccine-trial-dr-congo-ebola-outbreak; https://lurer.com/article/746072/am,2
Ebola Virus,Democratic Republic of the Congo,humans,confirmed_deaths,2026-08-09,5,True,chi-sq,https://www.blisty.cz/art/135246-ebola-zasahla-uprchlicke-tabory-v-demokraticke-republice-kongo.html,1
Ebola Virus,Democratic Republic of the Congo,humans,confirmed_deaths,2026-08-09,1916,False,good,https://www.yucatan.com.mx/mundo/2026/08/09/el-ebola-ha-dejado-mas-de-1900-muertos-en-rd-del-congo-desde-el-mes-de-mayo.html,1
Ebola Virus,Democratic Republic of the Congo,humans,confirmed_deaths,2026-08-09,52,True,chi-sq,https://www.estrelladigital.es/articulo/mundo/oms-alerta-que-ebola-gana-terreno-congo-mas-rapido-que-respuesta-sanitaria/20260809113010449688.html,1
Ebola Virus,Democratic Republic of the Congo,humans,confirmed_deaths,2026-08-09,1900,False,good,https://intoleranciadiario.com/articles/internacional/2026/08/09/1056346-ebola-se-dispara-en-el-congo-casi-mil-900-muertos-y-mas-de-4-mil-100-casos.html,1
Ebola Virus,Democratic Republic of the Congo,humans,confirmed_deaths,2026-08-10,1900,False,good,https://24sata.info/epidemija-ebole-u-kongu-pocela-mjesecima-prije-nego-sto-je-zvanicno-proglasena/; https://lurer.com/article/746487/am; https://www.dailysabah.com/world/africa/congos-ebola-outbreak-began-months-before-it-was-declared-who; https://www.wsls.com/news/world/2026/08/10/who-says-congos-ebola-outbreak-started-months-before-it-was-declared/,4
Ebola Virus,Democratic Republic of the Congo,humans,confirmed_deaths,2026-08-10,1801,False,good,https://glavcom.ua/world/observe/spalakh-eboli-v-konho-perevishchiv-chotiri-tisjachi-khvorikh-virus-mih-mutuvati-1135843.html,1
Ebola Virus,Democratic Republic of the Congo,humans,confirmed_deaths,2026-08-10,1887,False,good,https://eldia.com.do/la-republica-democratica-del-congo-sube-a-1-887-la-cifra-de-muertos-por-ebola-y-a-4-120-los-casos-confirmados/,1
Ebola Virus,Democratic Republic of the Congo,humans,confirmed_deaths,2026-08-11,2011,False,good,https://fr.allafrica.com/stories/202608110526.html; https://kurir.mk/vesti/svet/dramatichen-rast-na-epidemijata-vo-kongo-brojot-na-zhrtvi-od-ebola-se-udvoi-dza-samo-tri-nedeli/; https://makfax.com.mk/svet/ebolata-brzo-se-shiri-vo-kongo-brojot-na-smrtni-sluchai-nadmina-2-000/; https://newsmonkey.be/ebola-uitbraak-in-congo-eist-al-meer-dan-2-000-levens/; https://politiken.dk/internationalt/art10942266/Over-2.000-ebolasmittede-er-d%C3%B8de-i-DR-Congo; https://ultimosegundo.ig.com.br/agencias/dw/2026-08-11/fora-de-controle--surto-de-ebola-ja-matou-mais-de-2-mil-na-rdc.html; https://unternehmen-heute.de/news.php?newsid=6707661; https://www.abc.com.py/internacionales/2026/08/11/epidemia-de-ebola-supera-los-2000-muertos-en-republica-democratica-del-congo/; https://www.businessnews.gr/epixeiriseis/ygeia/item/344042-ld-kongko-oi-thanatoi-apo-tin-epidimia-tou-empola-kseperasan-tous-2-000; https://www.channelafrica.co.za/channelafrica/news/ebola-deaths-surpass-2-000-in-drc/; https://www.franceguyane.fr/actualite/international/rdc-lepidemie-debola-franchit-le-cap-des-2000-morts-1089185.php; https://www.greeleytribune.com/2026/08/11/congo-ebola-outbreak-fastest-growing/; https://www.kurv.com/congo-says-2000-people-have-died-in-its-ebola-outbreak-the-fastest-growing-on-record/,13
Ebola Virus,Democratic Republic of the Congo,humans,confirmed_deaths,2026-08-11,1960,False,good,http://www.bignewsnetwork.com/news/279234426/dr-congo-ebola-outbreak-is-the-us-panicking-with-new-travel-bans; https://operamundi.uol.com.br/africa/rd-congo-numero-de-mortos-pelo-surto-de-ebola-sobe-para-1-960/; https://www.bbc.com/persian/articles/c0jl672xjnwo,3
Ebola Virus,Democratic Republic of the Congo,humans,confirmed_deaths,2026-08-12,2011,False,good,http://europe.chinadaily.com.cn/a/202608/12/WS6a7bca27a310986e2b46a435.html; http://www.africaleader.com/news/279236728/ebola-virus-death-toll-crosses-2000-in-dr-congo-over-4000-cases-confirmed; https://cnnespanol.cnn.com/2026/08/11/mundo/rd-congo-brote-ebola-2000-muertos-ap; https://fr.allafrica.com/view/group/main/main/id/00097735.html; https://jowhar.com/dr-congo-ebola-outbreak-death-toll-surpasses-2000-officials-report/; https://lequotidien.lu/monde/rdc-lepidemie-debola-franchit-le-cap-des-2-000-morts/; https://pulsoslp.com.mx/mundo/el-ebola-alcanza-letalidad-de-459/2075430; https://vanguardia.com.mx/noticias/reporta-congo-que-hay-2-mil-muertos-en-su-brote-de-ebola-es-la-expansion-de-la-enfermedad-mas-rapida-conocida-JB22768067; https://www.haberaktuel.com/kongoda-ebola-can-kaybi-2-bine-ulasti-3473748,9
Ebola Virus,Democratic Republic of the Congo,humans,confirmed_deaths,2026-08-12,2000,False,good,https://lajornadasanluis.com.mx/oms-en-alerta-brote-de-ebola-en-rd-del-congo-se-enfila-a-ser-el-mas-mortifero-en-la-historia/; https://lepays.bf/barre-de-2-000-morts-liees-a-ebola-franchie-en-rdc-que-nous-reserve-demain/,2
Ebola Virus,Democratic Republic of the Congo,humans,confirmed_deaths,2026-08-12,2061,False,good,http://www.sierraleonetimes.com/news/279237082/new-ebola-variant-linked-to-unknown-animal-source-study; https://lesoleil.sn/international/infos-afrique/ebola-en-rdc-loms-veut-inverser-la-tendance-en-trois-mois/; https://lurer.com/article/746755/am; https://www.newsbeast.gr/world/arthro/13290121/anisychia-gia-ti-nea-agnosti-metallaxi-bundibugyo-tou-ebola-xepernoun-tous-2-000-oi-nekroi-sto-kongko-enas-stous-dyo-pethainei; https://www.newsbomb.gr/kosmos/story/1756032/anisyxia-gia-nea-agnosti-metallaksi-tou-empola-se-kongko-kai-ougkanta-o-enas-stous-dyo-pethainei,5
Ebola Virus,Democratic Republic of the Congo,humans,confirmed_deaths,2026-08-13,2011,False,good,https://centralasia.media/news:2515814/,1
Ebola Virus,Democratic Republic of the Congo,humans,confirmed_deaths,2026-08-13,2061,False,good,https://www.africanews.com/2026/08/12/drc-world-health-organisation-chief-sounds-alarm-on-ebola-outbreak/; https://www.aktuality.sk/clanok/G6Z2evu/who-veri-v-zlom-v-boji-proti-ebole-v-kongu-do-troch-mesiacov-epidemia-vsak-trva-dalej/; https://www.franceinfo.fr/sante/maladie/ebola/pourquoi-l-epidemie-d-ebola-qui-se-repand-en-republique-democratique-du-congo-est-en-passe-de-devenir-la-plus-importante-de-l-histoire_8145854.html,3
Ebola Virus,Democratic Republic of the Congo,humans,confirmed_deaths,2026-08-14,2000,False,good,https://www.newstribune.com/news/2026/aug/14/ebola-driving-up-maternal-deaths-as-pregnant/,1
Ebola Virus,Democratic Republic of the Congo,humans,confirmed_deaths,2026-08-14,2013,False,good,https://www.miragenews.com/who-tests-ebola-vaccine-on-new-strain-1727445/,1
Ebola Virus,Democratic Republic of the Congo,humans,confirmed_deaths,2026-08-14,2184,False,good,http://www.bignewsnetwork.com/news/279241633/ebola-outbreak-reaches-6th-province-in-dr-congo-as-cases-top-4600-official; https://www.diariosigloxxi.com/texto-ep/mostrar/20260814144825/muertos-ebola-rdc-rebasan-2100-hay-4600-casos-confirmados,2
Ebola Virus,Democratic Republic of the Congo,humans,confirmed_deaths,2026-08-14,2061,False,good,http://www.bignewsnetwork.com/news/279241636/africa-cdc-backs-urgent-vaccine-deployment-to-contain-expanding-ebola-in-dr-congo; http://www.sierraleonetimes.com/news/279241505/africa-cdc-sounds-alarm-as-ebola-kills-over-2000-in-dr-congo; https://fr.allafrica.com/stories/202608140090.html; https://khovar.tj/rus/2026/08/masshtaby-vspyshki-eboly-v-demokraticheskoj-respublike-kongo-udvaivayutsya-kazhdye-20-dnej/,4
Ebola Virus,Democratic Republic of the Congo,humans,confirmed_deaths,2026-08-14,2128,False,good,https://fr.allafrica.com/stories/202608140270.html; https://pt.euronews.com/saude/2026/08/14/surto-de-ebola-na-rdcongo-alastra-se-a-sexta-provincia-e-faz-crescer-receios-no-sudao-do-s; https://www.sudouest.fr:443/sante/ebola/ebola-l-appel-du-conseil-international-des-infirmieres-a-remunerer-les-soignants-en-premiere-ligne-en-republique-democratique-du-congo-30255996.php,3
Ebola Virus,Democratic Republic of the Congo,humans,confirmed_deaths,2026-08-15,2000,False,good,https://www.pressafrik.com/Ebola-en-RDC-un-deces-toutes-les-30-minutes-alerte-l-ONU_a309946.html,1
Ebola Virus,Democratic Republic of the Congo,humans,confirmed_deaths,2026-08-15,2128,False,good,https://directinfo.webmanagercenter.com/2026/08/15/ebola-en-rdc-un-mort-toutes-les-30-minutes-alerte-lonu/; https://euronews.al/alarm-nga-okb-ebola-vret-nje-person-ne-cdo-30-minuta-me-shume-se-2100-te-vdekur-brenda-tre-muajve-ne-kongo/; https://politiken.dk/internationalt/art10948116/FN-Ebolaudbrud-i-DR-Congo-koster-et-menneske-livet-hver-halve-time; https://telegrafi.com/alarm-nga-okb-ebola-po-vret-nje-person-cdo-30-minuta/; https://www.denik.cz/zdravotnictvi/ebola-pravidla-lekari-bez-hranic-reena-sattar/; https://www.emaratalyoum.com/politics/news/2026-08-15-1.2074167; https://www.iefimerida.gr/kosmos/empola-kongko-kapoios-pethainei-kathe-30-lepta; https://www.inewsgr.com/27/epidimia-ebola-sto-kongko-enas-thanatos-kathe-30-lepta--exaplonetai-tachytera-apo-opoiadipote-alli.htm; https://www.kathimerini.gr/world/564404305/kongko-enas-nekros-apo-empola-kathe-30-lepta/; https://www.kristeligt-dagblad.dk/udland/fn-ebolaudbrud-i-dr-congo-koster-et-menneske-livet-hver-halve-time; https://www.lykavitos.gr/kongko-kalpazei-o-empola-skotonei-enan-anthropo-kathe-30-lepta; https://www.newsbomb.gr/kosmos/story/1756609/oie-i-epidimia-tou-empola-sti-ld-kongko-stoixizei-ti-zoi-se-enan-anthropo-kathe-30-lepta; https://www.okaz.com.sa/variety/na/2261363; https://www.rewmi.com/ebola-en-rdc-un-deces-toutes-les-30-minutes-alerte-lonu/; https://www.voria.gr/article/kongko-enas-nekros-apo-empola-kathe-30-lepta; https://zhurnal.mk/ebola-ne-kongo-mbi-2-mije-viktima-dhe-alarm-per-mungesen-e-ndihmes-nderkombetare/,16
Ebola Virus,Democratic Republic of the Congo,humans,confirmed_deaths,2026-08-15,2100,False,good,https://www.krwg.org/shows/newshour/clip/ebola-outbreak-1786741630,1
Ebola Virus,Democratic Republic of the Congo,humans,confirmed_deaths,2026-08-15,2184,False,good,http://www.rnanews.com/une-sixieme-province-touchee-par-ebola-en-rdc-loms-renforce-la-riposte-regionale/,1
Ebola Virus,Democratic Republic of the Congo,humans,confirmed_deaths,2026-08-15,2214,False,good,https://nepalnews.com/2026/08/15/ebola-outbreak-intensifies-in-congo/,1
Ebola Virus,Democratic Republic of the Congo,humans,confirmed_deaths,2026-08-15,261,True,chi-sq,https://sana.sy/tr/miscellaneous/2317084/,1
Ebola Virus,Democratic Republic of the Congo,humans,confirmed_deaths,2026-08-15,2061,False,good,https://sana.sy/health/2553729/; https://www.dn.se/varlden/kongo-pa-vag-mot-varsta-ebolautbrottet-hittills/,2
Ebola Virus,Democratic Republic of the Congo,humans,confirmed_deaths,2026-08-16,2325,False,good,https://www.illawarramercury.com.au/story/9331359/dr-congo-ebola-outbreak-deadliest-in-countrys-history/; https://www.kristeligt-dagblad.dk/udland/ebolaudbrud-i-dr-congo-er-landets-mest-doedelige,2
Ebola Virus,Democratic Republic of the Congo,humans,confirmed_deaths,2026-08-16,2061,False,good,https://sana.sy/en/health/2336663/,1
Ebola Virus,Democratic Republic of the Congo,humans,confirmed_deaths,2026-08-16,2100,False,good,https://www.catholicworldreport.com/2026/08/15/faith-over-fear-the-churchs-response-to-the-drcs-escalating-ebola-crisis/,1
Ebola Virus,Democratic Republic of the Congo,humans,confirmed_deaths,2026-08-16,2128,False,good,https://www.alquds.com/ar/posts/253999,1
Ebola Virus,Democratic Republic of the Congo,humans,confirmed_deaths,2026-08-16,2214,False,good,http://www.bignewsnetwork.com/news/279244301/un-warns-ebola-claiming-one-life-every-30-minutes-in-drc,1
Ebola Virus,Democratic Republic of the Congo,humans,confirmed_deaths,2026-08-16,2272,False,good,http://www.rnanews.com/le-bilan-de-lepidemie-debola-en-rdc-salourdit-a-2-272-morts/; https://maliactu.net/ebola-rdc-2272-morts-taux-letalite-alarmant/,2
Ebola Virus,Democratic Republic of the Congo,humans,confirmed_deaths,2026-08-17,2325,False,good,http://www.rnanews.com/ebola-devient-lepidemie-la-plus-meurtriere-de-lhistoire-de-la-rdc-un-mort-toutes-les-30-minutes/; https://assabeel.net/82071; https://bnonews.com/index.php/2026/08/dr-congo-ebola-outbreak-becomes-2nd-deadliest-on-record/; https://dominicanrepublicpost.com/ebola-outbreak-in-dr-congo-becomes-deadliest-in-countrys-history/; https://drimble.nl/buitenlands-nieuws/107721700/ebola-uitbraak-met-2325-doden-dodelijkste-ooit-in-congo.html; https://elkosmos.gr/i-epidimia-ebola-egine-i-pio-foniki-stin-istoria-tou-kongko; https://english.news.cn/20260817/5df7567215a346d882e31f79ec246751/c.html; https://english.news.cn/20260817/7782ab5358a34e54a54a0c7a9aa4607a/c.html; https://english.news.cn/africa/20260817/79a5f14de85340a6a6f2d258bd27611d/c.html; https://fakti.bg/world/1074925-ebola-v-dr-kongo-s-rekordna-smartnost-jertvite-veche-sa-2325; https://gate.ahram.org.eg/News/5889903.aspx; https://glavnoe.in.ua/news/u-konho-spalah-eboly-stav-najsmertonosnishym-v-istoriyi-krayiny-ponad-23-tysyachi-zahyblyh; https://kurir.mk/vesti/svet/epidemijata-na-ebola-vo-kongo-stana-najsmrtonosna-vo-istorijata-na-dzemjata/; https://news.mail.ru/society/72023493/; https://novamakedonija.com.mk/svet/ebola-vo-kongo-odnese-2-325-zhivoti-najsmrtonosna-epidemija-vo-istorijata-na-zemjata/; https://operamundi.uol.com.br/africa/ebola-na-rd-do-congo-se-torna-surto-mais-mortal-na-historia-do-pais-diz-oms/; https://unn.ua/news/spalakh-eboly-u-konho-ofitsiino-stav-naismertonosnishym-perevyshchyvshy-mynulyi-pokaznyk-u-2299-zhertv; https://www.acritica.com/geral/surto-de-ebola-na-republica-do-congo-e-o-mais-mortal-do-pais-1.412526; https://www.adnsureste.info/la-epidemia-de-ebola-en-el-congo-es-la-mas-mortifera-de-la-historia-1030-h/; https://www.almanar.com.lb/article/1102782/; https://www.bangkokpost.com/world/3303165/ebola-outbreak-now-dr-congos-deadliest-ever; https://www.boursorama.com/actualite-economique/actualites/rdc-l-epidemie-d-ebola-devient-la-plus-meurtriere-de-l-histoire-du-pays-74daf216261bb74ffe6ad444d9fd0599; https://www.cnn.com/2026/08/16/africa/drc-congo-ebola-deadliest-outbreak-latam-intl; https://www.dagelijksestandaard.nl/nieuws/ebola-uitbraak-congo-dodelijkste-ooit-in-het-land; https://www.dailysabah.com/world/africa/dr-congo-ebola-outbreak-deadliest-ever-in-countrys-history; https://www.deutschlandfunk.de/zahl-der-ebola-toten-in-dr-kongo-auf-2-325-gestiegen-102.html; https://www.enikos.gr/international/ld-kongko-2-325-nekroi-apo-ebola-rekor-thanaton-apo-tin-enarxi-tis-epidimias/2629867/; https://www.estrelladigital.es/articulo/mundo/brote-ebola-rdc-es-mas-mortifero-historia-2325-muertos/20260817151433449975.html; https://www.freemalaysiatoday.com/category/world/2026/08/17/ebola-outbreak-in-dr-congo-becomes-deadliest-in-country-s-history; https://www.haberaktuel.com/kongoda-ebola-salgini-rekor-olumcul-oldu-3474957; https://www.irishtimes.com/world/africa/2026/08/17/latest-ebola-outbreak-becomes-deadliest-in-drcs-history/; https://www.jugantor.com/international/1141617; https://www.midilibre.fr/2026/08/17/elle-tue-une-personne-toutes-les-30-minutes-lepidemie-debola-en-rdc-devient-la-plus-meurtriere-de-lhistoire-du-pays-13511936.php; https://www.miragenews.com/ebola-outbreak-deadliest-in-dr-congo-history-1728486/; https://www.nettavisen.no/nyheter/2325-mennesker-er-dode-etter-a-ha-blitt-smittet-med-ebola-i-kongo/s/80-95-1329; https://www.rtve.es/noticias/20260817/brote-ebola-republica-democratica-congo-mas-mortifero-historia/17192780.shtml; https://www.shorouknews.com/news/view.aspx?cdate=17082026&id=9c715247-ae5b-45e9-98ce-c100f6de9e6e; https://www.tanjug.rs/svet/politika/274164/epidemija-ebole-u-dr-kongo-postala-najsmrtonosnija-u-istoriji-te-zemlje/vest; https://www.theguardian.com/world/2026/aug/17/ebola-outbreak-drc-democratic-republic-of-congo-deadliest-in-history; https://www.thehindu.com/sci-tech/health/how-congos-ebola-outbreak-became-the-second-most-lethal-on-record/article71357924.ece; https://www.upi.com/Top_News/World-News/2026/08/16/drc-Ebola-outbreak-update/4271786931290/; https://www.vrt.be/vrtnws/nl/2026/08/17/ebola-uitbraak-congo-dodelijkste-ooit-in-het-land/; https://yle.fi/a/7-10103654; https://zerkalo.az/nyneshnyaya-vspyshka-eboly-stala-samoj-smertonosnoj-v-istorii-kongo/,44
Ebola Virus,Democratic Republic of the Congo,humans,confirmed_deaths,2026-08-17,2184,False,good,https://allafrica.com/stories/202608170167.html; https://baocantho.com.vn/moi-30-phut-lai-co-1-nguoi-chet-vi-ebola-a212715.html,2
Ebola Virus,Democratic Republic of the Congo,humans,confirmed_deaths,2026-08-17,2000,True,monotonicity,https://www.lalibre.be/international/afrique/2026/08/17/lepidemie-debola-au-congo-est-la-plus-meurtriere-jamais-enregistree-dans-le-pays-RNGZ52XBMJCTTNOFZ63RXPPIPQ/,1
Ebola Virus,Democratic Republic of the Congo,humans,confirmed_deaths,2026-08-17,2300,False,good,https://brf.be/international/2100865/,1
Ebola Virus,Democratic Republic of the Congo,humans,confirmed_deaths,2026-08-17,304,True,chi-sq,https://www.cidrap.umn.edu/ebola/ebola-outbreak-now-deadliest-ever-dr-congo-death-rate-reaches-46,1
Ebola Virus,Democratic Republic of the Congo,humans,confirmed_deaths,2026-08-18,2180,False,good,https://baomoi.com/tin-lien-quan-t49379132.epi,1
Ebola Virus,Democratic Republic of the Congo,humans,confirmed_deaths,2026-08-18,2325,False,good,https://baomoi.com/dich-ebola-lay-lan-nhanh-tai-cong-hoa-dan-chu-congo-c55853767.epi; https://daidoanket.vn/cong-hoa-dan-chu-congo-ghi-nhan-dot-bung-phat-ebola-gay-tu-vong-nhieu-nhat-trong-lich-su.html,2
Ebola Virus,Democratic Republic of the Congo,humans,suspected_cases,2026-07-30,246,False,good,https://www.dunya.com/dunya/bmden-korkutan-uyari-ebola-simdi-de-aclik-krizini-buyutuyor-haberi-834264; https://www.ensonhaber.com/kongoda-ebola-salgini-10-milyon-insan-aclik-rski-altinda-h1553719; https://www.haberler.com/guncel/wfp-kongo-demokratik-cumhuriyeti-ndeki-ebola-20102005-haberi/,3
Ebola Virus,Democratic Republic of the Congo,humans,suspected_cases,2026-07-30,3442,True,monotonicity,https://www.cidrap.umn.edu/ebola/africa-cdc-chief-says-no-magical-solution-intensifying-deadly-ebola-outbreak,1
Ebola Virus,Democratic Republic of the Congo,humans,suspected_cases,2026-07-30,55,True,monotonicity,https://allafrica.com/stories/202607300028.html,1
Ebola Virus,Democratic Republic of the Congo,humans,suspected_cases,2026-07-31,246,True,monotonicity,https://www.f5haber.com/dunya/kongo-demokratik-cumhuriyetinde-ebola-salgininda-vaka-sayisi-3-bin-500u-asti-6954319,1
Ebola Virus,Democratic Republic of the Congo,humans,suspected_cases,2026-07-31,900,True,monotonicity,https://www.ilpost.it/2026/05/26/ebola-repubblica-congo-violenze-aiuti/?homepagePosition=9.1&referrerPost=3640503,1
Ebola Virus,Democratic Republic of the Congo,humans,suspected_cases,2026-08-01,20,True,monotonicity,https://sol.iol.pt/internacional/noticias/surto-de-ebola-no-congo-ja-fez-1-587-mortos-e-torna-se-o-segundo-maior-da-historia/20260801/6a6e1c280cf2f6a1a1e72bc1,1
Ebola Virus,Democratic Republic of the Congo,humans,suspected_cases,2026-08-01,3605,True,monotonicity,https://www.eluniversal.com.co/mundo/2026/08/01/aumenta-la-tragedia-por-el-ebola-en-rd-del-congo-suben-las-victimas-y-los-contagios/,1
Ebola Virus,Democratic Republic of the Congo,humans,suspected_cases,2026-08-01,2,True,monotonicity,https://www.foxnews.com/politics/bipartisan-pair-senators-urge-rubio-release-aid-african-women-children-risk-ebola,1
Ebola Virus,Democratic Republic of the Congo,humans,suspected_cases,2026-08-01,3532,True,monotonicity,https://sana.sy/es/world/2325049/; https://sana.sy/health/2542211/; https://www.ndarinfo.com/RDC-plus-de-3-500-cas-d-Ebola-une-flambee-sans-precedent_a45990.html,3
Ebola Virus,Democratic Republic of the Congo,humans,suspected_cases,2026-08-02,2,True,monotonicity,https://www.aljazeera.com/news/2026/8/2/how-virunga-park-protects-people-and-gorillas-from-ebola-in-eastern-drc,1
Ebola Virus,Democratic Republic of the Congo,humans,suspected_cases,2026-08-03,500,True,monotonicity,https://science.orf.at/stories/3236771/; https://www.news.at/technik/studie-ebola-ausbruch-in-dr-kongo-begann-bereits-im-janner,2
Ebola Virus,Democratic Republic of the Congo,humans,suspected_cases,2026-08-03,246,False,good,https://www.bursahakimiyet.com.tr/dunya/nadir-varyant-alarmi-vaka-sayisi-giderek-artiyor-tedavisi-yok-1682648; https://www.malatyaguncel.com/kongo-da-ebola-vaka-sayisi-3-bin-748-e-yukseldi-3105389h.htm; https://www.milliyet.com.tr/dunya/kongo-demokratik-cumhuriyetinde-ebola-vakalari-3-bin-748e-cikti-7634699; https://www.sozcu.com.tr/nadir-varyant-alarmi-vaka-sayisi-giderek-artiyor-p342097,4
Ebola Virus,Democratic Republic of the Congo,humans,suspected_cases,2026-08-04,246,False,good,https://www.birgun.net/haber/dso-kongo-demokratik-cumhuriyeti-ndeki-ebola-salgini-mudahale-kapasitesini-asti-727440%20target=_blank%20class=stretched-link; https://www.haberturk.com/saglik/dso-duyurdu-ebola-salgini-mudahale-kapasitesini-asti-haberler-3903326; https://www.memurlar.net/haber/1174580/dso-kongo-demokratik-cumhuriyeti-ndeki-ebola-salgini-mudahale-kapasitesini-asti.html; https://www.yeniasya.com.tr/dunya/dso-ebola-salgini-icin-acil-mali-ve-operasyonel-destek-cagrisi-yapti_624871; https://www.yenisafak.com/dunya/dso-kongo-demokratik-cumhuriyetindeki-ebola-salgini-mudahale-kapasitesini-asti-4845513,5
Ebola Virus,Democratic Republic of the Congo,humans,suspected_cases,2026-08-04,2,False,good,https://vanguardia.com.mx/noticias/el-ebola-quita-la-vida-a-1700-personas-en-el-este-de-congo-es-el-brote-de-la-enfermedad-mas-rapido-del-que-se-tiene-registro-CE22625531; https://www.ksat.com/news/world/2026/08/04/ebola-kills-1700-in-eastern-congo-as-the-fastest-growing-outbreak-surges/; https://www.wfmj.com/news/health/ebola-kills-1-700-in-eastern-congo-as-the-fastest-growing-outbreak-surges/article_8882ec42-57e9-5e96-8d00-0f0c641bf5ea.html; https://www.wral.com/news/ap/19ec3-ebola-kills-1-700-in-eastern-congo-as-the-fastest-growing-outbreak-surges/,4
Ebola Virus,Democratic Republic of the Congo,humans,suspected_cases,2026-08-04,227,False,good,https://www.news24.com/world/who-pleads-for-more-support-to-tackle-ebola-outbreak-20260804-0907,1
Ebola Virus,Democratic Republic of the Congo,humans,suspected_cases,2026-08-04,275,False,good,https://ru.euronews.com/2026/08/04/who-seeks-ebola-support; https://www.freemalaysiatoday.com/category/highlight/2026/08/05/who-pleads-for-more-support-to-tackle-ebola-outbreak; https://yle.fi/a/7-10103088,3
Ebola Virus,Democratic Republic of the Congo,humans,suspected_cases,2026-08-05,2,True,monotonicity,https://www.theyeshivaworld.com/news/general/2582241/ebola-outbreak-disease-kills-1700-in-eastern-congo-as-fastest-growing-epidemic-surges.html,1
Ebola Virus,Democratic Republic of the Congo,humans,suspected_cases,2026-08-05,275,False,good,https://gr.euronews.com/2026/08/04/o-poy-zhta-perissoterh-sthri3h-gia-thn-antimetwpish-ths-epidhmias-empola,1
Ebola Virus,Democratic Republic of the Congo,humans,suspected_cases,2026-08-07,500,False,good,https://telegrafi.com/mbi-4-mije-raste-me-ebola-ne-kongo-shperthimi-i-dyte-me-i-madh-ne-histori/,1
Ebola Virus,Democratic Republic of the Congo,humans,suspected_cases,2026-08-07,5,True,monotonicity,https://allafrica.com/stories/202608070090.html,1
Ebola Virus,Democratic Republic of the Congo,humans,suspected_cases,2026-08-08,500,False,good,https://lurer.com/article/746072/am,1
Ebola Virus,Democratic Republic of the Congo,humans,suspected_cases,2026-08-09,5,True,monotonicity,https://www.blisty.cz/art/135246-ebola-zasahla-uprchlicke-tabory-v-demokraticke-republice-kongo.html,1
Ebola Virus,Democratic Republic of the Congo,humans,suspected_cases,2026-08-11,500,False,good,https://www.channelafrica.co.za/channelafrica/news/ebola-deaths-surpass-2-000-in-drc/,1
Ebola Virus,Democratic Republic of the Congo,humans,suspected_cases,2026-08-12,5,True,monotonicity,https://fr.allafrica.com/view/group/main/main/id/00097735.html,1
Ebola Virus,Democratic Republic of the Congo,humans,suspected_cases,2026-08-17,4727,True,monotonicity,https://www.emaratalyoum.com/politics/news/2026-08-17-1.2074506,1
Ebola Virus,Democratic Republic of the Congo,humans,suspected_cases,2026-08-17,306,True,monotonicity,https://bnonews.com/index.php/2026/08/dr-congo-ebola-outbreak-becomes-2nd-deadliest-on-record/,1
Ebola Virus,Democratic Republic of the Congo,humans,suspected_cases,2026-08-17,246,False,good,https://www.nationalturk.com/dunya/ebola-kongo-demokratik-cumhuriyeti/; https://www.samanyoluhaber.com/olumcul-ebola-salgini-yayiliyor-olum-orani-yuzde-47-tedavisi-yok/1491604; https://www.upi.com/Top_News/World-News/2026/08/16/drc-Ebola-outbreak-update/4271786931290/,3
Ebola Virus,Democratic Republic of the Congo,humans,suspected_deaths,2026-07-30,65,False,good,https://www.dunya.com/dunya/bmden-korkutan-uyari-ebola-simdi-de-aclik-krizini-buyutuyor-haberi-834264,1
Ebola Virus,Democratic Republic of the Congo,humans,suspected_deaths,2026-07-30,55,True,monotonicity,https://allafrica.com/stories/202607300028.html,1
Ebola Virus,Democratic Republic of the Congo,humans,suspected_deaths,2026-07-31,1521,True,monotonicity,https://www.arkansasonline.com/news/2026/jul/31/congo-ebola-deaths-up-over-1500-as-responders/,1
Ebola Virus,Democratic Republic of the Congo,humans,suspected_deaths,2026-07-31,220,True,monotonicity,https://www.ilpost.it/2026/05/26/ebola-repubblica-congo-violenze-aiuti/?homepagePosition=9.1&referrerPost=3640503,1
Ebola Virus,Democratic Republic of the Congo,humans,suspected_deaths,2026-08-01,2,True,monotonicity,https://www.foxnews.com/politics/bipartisan-pair-senators-urge-rubio-release-aid-african-women-children-risk-ebola,1
Ebola Virus,Democratic Republic of the Congo,humans,suspected_deaths,2026-08-02,2,False,good,https://sapo.pt/artigo/ebola-rdc-sobe-para-1-621-numero-de-mortos-desde-15-de-maio-6a6f46533f3011d88fe187e0; https://www.aljazeera.com/news/2026/8/2/how-virunga-park-protects-people-and-gorillas-from-ebola-in-eastern-drc,2
Ebola Virus,Democratic Republic of the Congo,humans,suspected_deaths,2026-08-03,65,False,good,https://www.bursahakimiyet.com.tr/dunya/nadir-varyant-alarmi-vaka-sayisi-giderek-artiyor-tedavisi-yok-1682648,1
Ebola Virus,Democratic Republic of the Congo,humans,suspected_deaths,2026-08-03,2,True,monotonicity,https://www.wsws.org/en/articles/2026/08/03/qoit-a03.html,1
Ebola Virus,Democratic Republic of the Congo,humans,suspected_deaths,2026-08-04,139,True,monotonicity,https://g1.globo.com/sp/santos-regiao/porto-mar/noticia/2026/08/04/porto-de-santos-reforca-protecao-contra-o-virus-ebola-apos-surto-no-congo-saiba-mais.ghtml,1
Ebola Virus,Democratic Republic of the Congo,humans,suspected_deaths,2026-08-04,65,False,good,https://www.birgun.net/haber/dso-kongo-demokratik-cumhuriyeti-ndeki-ebola-salgini-mudahale-kapasitesini-asti-727440%20target=_blank%20class=stretched-link; https://www.memurlar.net/haber/1174580/dso-kongo-demokratik-cumhuriyeti-ndeki-ebola-salgini-mudahale-kapasitesini-asti.html; https://www.yeniasya.com.tr/dunya/dso-ebola-salgini-icin-acil-mali-ve-operasyonel-destek-cagrisi-yapti_624871,3
Ebola Virus,Democratic Republic of the Congo,humans,suspected_deaths,2026-08-04,275,False,good,https://www.freemalaysiatoday.com/category/highlight/2026/08/05/who-pleads-for-more-support-to-tackle-ebola-outbreak,1
Ebola Virus,Democratic Republic of the Congo,humans,suspected_deaths,2026-08-05,275,False,good,https://gr.euronews.com/2026/08/04/o-poy-zhta-perissoterh-sthri3h-gia-thn-antimetwpish-ths-epidhmias-empola,1
Ebola Virus,Democratic Republic of the Congo,humans,suspected_deaths,2026-08-07,5,True,monotonicity,https://allafrica.com/stories/202608070090.html,1
Ebola Virus,Democratic Republic of the Congo,humans,suspected_deaths,2026-08-09,5,True,monotonicity,https://www.blisty.cz/art/135246-ebola-zasahla-uprchlicke-tabory-v-demokraticke-republice-kongo.html,1
Ebola Virus,Democratic Republic of the Congo,humans,suspected_deaths,2026-08-11,2011,False,good,https://fr.allafrica.com/stories/202608110526.html; https://www.businessnews.gr/epixeiriseis/ygeia/item/344042-ld-kongko-oi-thanatoi-apo-tin-epidimia-tou-empola-kseperasan-tous-2-000,2
Ebola Virus,Democratic Republic of the Congo,humans,suspected_deaths,2026-08-12,2011,False,good,https://cnnespanol.cnn.com/2026/08/11/mundo/rd-congo-brote-ebola-2000-muertos-ap; https://jowhar.com/dr-congo-ebola-outbreak-death-toll-surpasses-2000-officials-report/; https://vanguardia.com.mx/noticias/reporta-congo-que-hay-2-mil-muertos-en-su-brote-de-ebola-es-la-expansion-de-la-enfermedad-mas-rapida-conocida-JB22768067,3
Ebola Virus,Democratic Republic of the Congo,humans,suspected_deaths,2026-08-12,2000,False,good,https://lepays.bf/barre-de-2-000-morts-liees-a-ebola-franchie-en-rdc-que-nous-reserve-demain/,1
Ebola Virus,Democratic Republic of the Congo,humans,suspected_deaths,2026-08-13,2061,False,good,https://www.franceinfo.fr/sante/maladie/ebola/pourquoi-l-epidemie-d-ebola-qui-se-repand-en-republique-democratique-du-congo-est-en-passe-de-devenir-la-plus-importante-de-l-histoire_8145854.html,1
Ebola Virus,Democratic Republic of the Congo,humans,suspected_deaths,2026-08-15,2128,False,good,https://euronews.al/alarm-nga-okb-ebola-vret-nje-person-ne-cdo-30-minuta-me-shume-se-2100-te-vdekur-brenda-tre-muajve-ne-kongo/,1
Ebola Virus,Democratic Republic of the Congo,humans,suspected_deaths,2026-08-17,2325,False,good,https://www.estrelladigital.es/articulo/mundo/brote-ebola-rdc-es-mas-mortifero-historia-2325-muertos/20260817151433449975.html; https://www.midilibre.fr/2026/08/17/elle-tue-une-personne-toutes-les-30-minutes-lepidemie-debola-en-rdc-devient-la-plus-meurtriere-de-lhistoire-du-pays-13511936.php,2
Ebola Virus,Democratic Republic of the Congo,humans,suspected_deaths,2026-08-17,304,True,monotonicity,https://www.cidrap.umn.edu/ebola/ebola-outbreak-now-deadliest-ever-dr-congo-death-rate-reaches-46,1
Ebola Virus,"Displaced Persons Camps, Democratic Republic of the Congo",humans,confirmed_cases,2026-08-12,19,False,good,https://fr.allafrica.com/view/group/main/main/id/00097735.html,1
Ebola Virus,"Displaced Persons Camps, Democratic Republic of the Congo",humans,confirmed_deaths,2026-08-12,5,False,good,https://fr.allafrica.com/view/group/main/main/id/00097735.html,1
Ebola Virus,"Displaced Persons Camps, Democratic Republic of the Congo",humans,suspected_cases,2026-08-12,19,False,good,https://fr.allafrica.com/view/group/main/main/id/00097735.html,1
Ebola Virus,"Displaced Persons Camps, Democratic Republic of the Congo",humans,suspected_deaths,2026-08-12,5,False,good,https://fr.allafrica.com/view/group/main/main/id/00097735.html,1
Ebola Virus,"East DRC, Democratic Republic of the Congo",humans,confirmed_cases,2026-08-11,4381,False,good,https://www.abc.com.py/internacionales/2026/08/11/epidemia-de-ebola-supera-los-2000-muertos-en-republica-democratica-del-congo/,1
Ebola Virus,"East DRC, Democratic Republic of the Congo",humans,confirmed_cases,2026-08-12,4381,False,good,https://lequotidien.lu/monde/rdc-lepidemie-debola-franchit-le-cap-des-2-000-morts/,1
Ebola Virus,"East DRC, Democratic Republic of the Congo",humans,confirmed_deaths,2026-08-12,2011,False,good,https://lequotidien.lu/monde/rdc-lepidemie-debola-franchit-le-cap-des-2-000-morts/,1
Ebola Virus,"Eastern Province, Democratic Republic of the Congo",humans,confirmed_cases,2026-08-12,4381,False,good,https://cnnespanol.cnn.com/2026/08/11/mundo/rd-congo-brote-ebola-2000-muertos-ap; https://vanguardia.com.mx/noticias/reporta-congo-que-hay-2-mil-muertos-en-su-brote-de-ebola-es-la-expansion-de-la-enfermedad-mas-rapida-conocida-JB22768067,2
Ebola Virus,"Eastern Province, Democratic Republic of the Congo",humans,confirmed_deaths,2026-08-12,2011,False,good,https://cnnespanol.cnn.com/2026/08/11/mundo/rd-congo-brote-ebola-2000-muertos-ap; https://vanguardia.com.mx/noticias/reporta-congo-que-hay-2-mil-muertos-en-su-brote-de-ebola-es-la-expansion-de-la-enfermedad-mas-rapida-conocida-JB22768067,2
Ebola Virus,"Eastern Provinces, Democratic Republic of the Congo",humans,confirmed_cases,2026-08-02,3360,False,good,https://www.el-balad.com/17037886,1
Ebola Virus,"Eastern Provinces, Democratic Republic of the Congo",humans,confirmed_cases,2026-08-04,3802,False,good,https://hojemacau.com.mo/2026/08/05/rdcongo-epidemia-de-ebola-ja-matou-mais-de-1-700-pessoas/,1
Ebola Virus,"Eastern Provinces, Democratic Republic of the Congo",humans,confirmed_cases,2026-08-11,4381,False,good,https://www.abc.com.py/internacionales/2026/08/11/epidemia-de-ebola-supera-los-2000-muertos-en-republica-democratica-del-congo/,1
Ebola Virus,"Eastern Provinces, Democratic Republic of the Congo",humans,confirmed_cases,2026-08-12,4381,False,good,https://cnnespanol.cnn.com/2026/08/11/mundo/rd-congo-brote-ebola-2000-muertos-ap; https://lequotidien.lu/monde/rdc-lepidemie-debola-franchit-le-cap-des-2-000-morts/; https://vanguardia.com.mx/noticias/reporta-congo-que-hay-2-mil-muertos-en-su-brote-de-ebola-es-la-expansion-de-la-enfermedad-mas-rapida-conocida-JB22768067,3
Ebola Virus,"Eastern Provinces, Democratic Republic of the Congo",humans,confirmed_deaths,2026-08-02,1487,False,good,https://www.el-balad.com/17037886,1
Ebola Virus,"Eastern Provinces, Democratic Republic of the Congo",humans,confirmed_deaths,2026-08-04,1707,False,good,https://hojemacau.com.mo/2026/08/05/rdcongo-epidemia-de-ebola-ja-matou-mais-de-1-700-pessoas/,1
Ebola Virus,"Eastern Provinces, Democratic Republic of the Congo",humans,confirmed_deaths,2026-08-12,2011,False,good,https://cnnespanol.cnn.com/2026/08/11/mundo/rd-congo-brote-ebola-2000-muertos-ap; https://lequotidien.lu/monde/rdc-lepidemie-debola-franchit-le-cap-des-2-000-morts/; https://vanguardia.com.mx/noticias/reporta-congo-que-hay-2-mil-muertos-en-su-brote-de-ebola-es-la-expansion-de-la-enfermedad-mas-rapida-conocida-JB22768067,3
Ebola Virus,"Eastern and central provinces, Democratic Republic of the Congo",humans,confirmed_cases,2026-08-09,4100,False,good,https://intoleranciadiario.com/articles/internacional/2026/08/09/1056346-ebola-se-dispara-en-el-congo-casi-mil-900-muertos-y-mas-de-4-mil-100-casos.html,1
Ebola Virus,"Eastern provinces, Democratic Republic of the Congo",humans,confirmed_cases,2026-07-31,3360,False,good,https://www.aol.co.uk/articles/ebola-outbreak-drc-fastest-growing-080008000.html,1
Ebola Virus,"Eastern provinces, Democratic Republic of the Congo",humans,confirmed_cases,2026-08-01,3532,False,good,https://laverdad.com.mx/2026/08/brote-de-ebola-en-rd-congo-alcanza-cifras-alarmantes/; https://unternehmen-heute.de/news.php?newsid=6706688,2
Ebola Virus,"Eastern provinces, Democratic Republic of the Congo",humans,confirmed_cases,2026-08-01,3176,True,monotonicity,https://www.vilaweb.cat/noticies/republica-democratica-congo-brot-ebola-mes-greu-historia/,1
Ebola Virus,"Eastern provinces, Democratic Republic of the Congo",humans,confirmed_cases,2026-08-02,3360,False,good,https://www.el-balad.com/17037886,1
Ebola Virus,"Eastern provinces, Democratic Republic of the Congo",humans,confirmed_cases,2026-08-04,3802,False,good,https://hojemacau.com.mo/2026/08/05/rdcongo-epidemia-de-ebola-ja-matou-mais-de-1-700-pessoas/,1
Ebola Virus,"Eastern provinces, Democratic Republic of the Congo",humans,confirmed_cases,2026-08-11,4381,False,good,https://www.abc.com.py/internacionales/2026/08/11/epidemia-de-ebola-supera-los-2000-muertos-en-republica-democratica-del-congo/,1
Ebola Virus,"Eastern provinces, Democratic Republic of the Congo",humans,confirmed_cases,2026-08-12,4381,False,good,https://cnnespanol.cnn.com/2026/08/11/mundo/rd-congo-brote-ebola-2000-muertos-ap; https://lequotidien.lu/monde/rdc-lepidemie-debola-franchit-le-cap-des-2-000-morts/; https://vanguardia.com.mx/noticias/reporta-congo-que-hay-2-mil-muertos-en-su-brote-de-ebola-es-la-expansion-de-la-enfermedad-mas-rapida-conocida-JB22768067,3
Ebola Virus,"Eastern provinces, Democratic Republic of the Congo",humans,confirmed_deaths,2026-07-31,1487,False,good,https://www.aol.co.uk/articles/ebola-outbreak-drc-fastest-growing-080008000.html,1
Ebola Virus,"Eastern provinces, Democratic Republic of the Congo",humans,confirmed_deaths,2026-08-01,1556,False,good,https://www.dakaractu.com/Ebola-flambee-sans-precedent-en-RDC-avec-plus-de-3-500-cas_a274551.html; https://www.ndarinfo.com/RDC-plus-de-3-500-cas-d-Ebola-une-flambee-sans-precedent_a45990.html,2
Ebola Virus,"Eastern provinces, Democratic Republic of the Congo",humans,confirmed_deaths,2026-08-01,1311,True,monotonicity,https://www.lavozdegalicia.es/noticia/sociedad/2026/08/01/republica-democratica-congo-enfrenta-brote-ebola-grande-historia/00031785601803861562712.htm,1
Ebola Virus,"Eastern provinces, Democratic Republic of the Congo",humans,confirmed_deaths,2026-08-02,1487,False,good,https://www.el-balad.com/17037886,1
Ebola Virus,"Eastern provinces, Democratic Republic of the Congo",humans,confirmed_deaths,2026-08-04,1707,False,good,https://hojemacau.com.mo/2026/08/05/rdcongo-epidemia-de-ebola-ja-matou-mais-de-1-700-pessoas/,1
Ebola Virus,"Eastern provinces, Democratic Republic of the Congo",humans,confirmed_deaths,2026-08-12,2011,False,good,https://cnnespanol.cnn.com/2026/08/11/mundo/rd-congo-brote-ebola-2000-muertos-ap; https://lequotidien.lu/monde/rdc-lepidemie-debola-franchit-le-cap-des-2-000-morts/; https://vanguardia.com.mx/noticias/reporta-congo-que-hay-2-mil-muertos-en-su-brote-de-ebola-es-la-expansion-de-la-enfermedad-mas-rapida-conocida-JB22768067,3
Ebola Virus,France,humans,confirmed_cases,2026-07-31,1,False,good,https://www.24hod.sk/2026-07-31/26/zdravie/,1
Ebola Virus,France,humans,confirmed_cases,2026-08-02,1,False,good,https://www.rtv.rs/sr_ci/svet/szo-broj-potvrdjenih-slucajeva-obolelih-od-ebole-u-svetu-dostigao-3.626_1733415.html; https://www.yahoo.com/news/world/articles/current-ebola-outbreak-worst-ever-161622537.html,2
Ebola Virus,France,humans,confirmed_cases,2026-08-14,1,False,good,https://www.miragenews.com/who-tests-ebola-vaccine-on-new-strain-1727445/,1
Ebola Virus,France,humans,confirmed_cases,2026-08-15,1,False,good,https://www.denik.cz/zdravotnictvi/ebola-pravidla-lekari-bez-hranic-reena-sattar/,1
Ebola Virus,France,humans,confirmed_cases,2026-08-17,1,False,good,https://bnonews.com/index.php/2026/08/dr-congo-ebola-outbreak-becomes-2nd-deadliest-on-record/,1
Ebola Virus,"France, Democratic Republic of the Congo",humans,suspected_cases,2026-08-04,5,False,good,https://nos.nl/artikel/2625476-dodental-door-ebola-in-congo-in-korte-tijd-snel-gestegen-naar-ruim-1700,1
Ebola Virus,"Guinea, Democratic Republic of the Congo",humans,confirmed_deaths,2026-08-07,1850,False,good,https://ayna.az/konqoda-ebolaya-4000-den-cox-yoluxma-qeyde-alinib,1
Ebola Virus,"Ituri Province, Democratic Republic of the Congo",humans,confirmed_cases,2026-07-30,20,True,chi-sq,https://www.yahoo.com/news/science/articles/singapore-group-develop-most-promising-093848486.html,1
Ebola Virus,"Ituri Province, Democratic Republic of the Congo",humans,confirmed_cases,2026-07-30,2901,False,good,https://fr.allafrica.com/stories/202607300060.html,1
Ebola Virus,"Ituri Province, Democratic Republic of the Congo",humans,confirmed_cases,2026-07-30,17,True,chi-sq,https://www.nrk.no/artikkel/rykter-om-tomme-kister-utloste-vold-1523078,1
Ebola Virus,"Ituri Province, Democratic Republic of the Congo",humans,confirmed_cases,2026-07-31,3553,True,monotonicity,https://us.cnn.com/2026/07/31/health/ebola-outbreak-congo,1
Ebola Virus,"Ituri Province, Democratic Republic of the Congo",humans,confirmed_cases,2026-08-01,3176,False,good,https://www.diariodeburgos.es/noticia/z3d331f93-e275-4759-ae9483dce961aa54/202608/rdc-se-enfrenta-ya-al-brote-de-ebola-mas-grande-de-su-historia; https://www.vilaweb.cat/noticies/republica-democratica-congo-brot-ebola-mes-greu-historia/,2
Ebola Virus,"Ituri Province, Democratic Republic of the Congo",humans,confirmed_cases,2026-08-04,41,True,chi-sq,https://www.radiookapi.net/2026/08/04/actualite/sante/ituri-ebola-continue-de-faire-des-ravages-tchomia-avec-un-taux-de,1
Ebola Virus,"Ituri Province, Democratic Republic of the Congo",humans,confirmed_cases,2026-08-04,3748,False,good,https://unionradio.net/oms-ve-prometedores-avances-en-vacunas-y-tratamientos-contra-el-brote-de-ebola-en-la-rdc/,1
Ebola Virus,"Ituri Province, Democratic Republic of the Congo",humans,confirmed_cases,2026-08-12,4381,False,good,https://www.haberaktuel.com/kongoda-ebola-can-kaybi-2-bine-ulasti-3473748,1
Ebola Virus,"Ituri Province, Democratic Republic of the Congo",humans,confirmed_cases,2026-08-13,1528,True,monotonicity,https://www.opinionnigeria.com/drcs-ebola-challenging-international-donors-by-kester-kenn-klomegah/,1
Ebola Virus,"Ituri Province, Democratic Republic of the Congo",humans,confirmed_deaths,2026-07-30,1487,False,good,https://www.notimerica.com/politica/noticia-onu-alerta-hambre-rdc-socava-capacidad-respuesta-brote-ebola-supera-1480-muertos-20260730063813.html,1
Ebola Virus,"Ituri Province, Democratic Republic of the Congo",humans,confirmed_deaths,2026-07-30,2,True,chi-sq,https://www.yahoo.com/news/science/articles/singapore-group-develop-most-promising-093848486.html,1
Ebola Virus,"Ituri Province, Democratic Republic of the Congo",humans,confirmed_deaths,2026-07-30,1207,True,monotonicity,https://fr.allafrica.com/stories/202607300060.html,1
Ebola Virus,"Ituri Province, Democratic Republic of the Congo",humans,confirmed_deaths,2026-08-07,5,True,chi-sq,https://allafrica.com/stories/202608070090.html,1
Ebola Virus,"Ituri Province, Democratic Republic of the Congo",humans,confirmed_deaths,2026-08-12,2011,False,good,https://cnnespanol.cnn.com/2026/08/11/mundo/rd-congo-brote-ebola-2000-muertos-ap; https://www.haberaktuel.com/kongoda-ebola-can-kaybi-2-bine-ulasti-3473748,2
Ebola Virus,"Ituri Province, Democratic Republic of the Congo",humans,suspected_cases,2026-07-30,246,False,good,https://www.dunya.com/dunya/bmden-korkutan-uyari-ebola-simdi-de-aclik-krizini-buyutuyor-haberi-834264; https://www.ensonhaber.com/kongoda-ebola-salgini-10-milyon-insan-aclik-rski-altinda-h1553719; https://www.haberler.com/guncel/wfp-kongo-demokratik-cumhuriyeti-ndeki-ebola-20102005-haberi/,3
Ebola Virus,"Ituri Province, Democratic Republic of the Congo",humans,suspected_cases,2026-08-02,2,True,chi-sq,https://www.aljazeera.com/news/2026/8/2/how-virunga-park-protects-people-and-gorillas-from-ebola-in-eastern-drc,1
Ebola Virus,"Ituri Province, Democratic Republic of the Congo",humans,suspected_cases,2026-08-03,246,False,good,https://www.bursahakimiyet.com.tr/dunya/nadir-varyant-alarmi-vaka-sayisi-giderek-artiyor-tedavisi-yok-1682648; https://www.milliyet.com.tr/dunya/kongo-demokratik-cumhuriyetinde-ebola-vakalari-3-bin-748e-cikti-7634699,2
Ebola Virus,"Ituri Province, Democratic Republic of the Congo",humans,suspected_cases,2026-08-04,246,False,good,https://www.birgun.net/haber/dso-kongo-demokratik-cumhuriyeti-ndeki-ebola-salgini-mudahale-kapasitesini-asti-727440%20target=_blank%20class=stretched-link; https://www.yeniasya.com.tr/dunya/dso-ebola-salgini-icin-acil-mali-ve-operasyonel-destek-cagrisi-yapti_624871; https://www.yenisafak.com/dunya/dso-kongo-demokratik-cumhuriyetindeki-ebola-salgini-mudahale-kapasitesini-asti-4845513,3
Ebola Virus,"Ituri Province, Democratic Republic of the Congo",humans,suspected_cases,2026-08-04,2,True,chi-sq,https://www.orlandosentinel.com/2026/08/04/ebola-eastern-congo-outbreak-surges/,1
Ebola Virus,"Ituri Province, Democratic Republic of the Congo",humans,suspected_cases,2026-08-07,5,True,chi-sq,https://allafrica.com/stories/202608070090.html,1
Ebola Virus,"Ituri Province, Democratic Republic of the Congo",humans,suspected_cases,2026-08-07,500,False,good,https://telegrafi.com/mbi-4-mije-raste-me-ebola-ne-kongo-shperthimi-i-dyte-me-i-madh-ne-histori/,1
Ebola Virus,"Ituri Province, Democratic Republic of the Congo",humans,suspected_cases,2026-08-11,500,False,good,https://www.channelafrica.co.za/channelafrica/news/ebola-deaths-surpass-2-000-in-drc/,1
Ebola Virus,"Ituri Province, Democratic Republic of the Congo",humans,suspected_cases,2026-08-17,246,True,monotonicity,https://www.samanyoluhaber.com/olumcul-ebola-salgini-yayiliyor-olum-orani-yuzde-47-tedavisi-yok/1491604,1
Ebola Virus,"Ituri Province, Democratic Republic of the Congo",humans,suspected_deaths,2026-08-02,2,False,good,https://www.aljazeera.com/news/2026/8/2/how-virunga-park-protects-people-and-gorillas-from-ebola-in-eastern-drc,1
Ebola Virus,"Ituri Province, Democratic Republic of the Congo",humans,suspected_deaths,2026-08-07,5,False,good,https://allafrica.com/stories/202608070090.html,1
Ebola Virus,"Kampala, Uganda",humans,confirmed_cases,2026-08-17,20,False,good,https://news.mail.ru/society/72023493/,1
Ebola Virus,"Kampala, Uganda",humans,suspected_cases,2026-08-17,20,False,good,https://www.ensonhaber.com/kongo-demokratik-cumhuriyetindeki-ebola-salgini-ulke-tarihinin-en-olumcul-seviyesine-ulast-h1558193; https://www.kibrispostasi.com/c37-DUNYA/n611000-kongo-demokratik-cumhuriyetindeki-ebola-salgini-ulke-tarihinin-en-olumcul-seviyesine-ulasti,2
Ebola Virus,"Kinshasa, Democratic Republic of the Congo",humans,confirmed_cases,2026-08-04,2344,False,good,https://allafrica.com/view/group/main/main/id/00097647.html,1
Ebola Virus,"Kinshasa, Democratic Republic of the Congo",humans,confirmed_deaths,2026-08-04,930,False,good,https://allafrica.com/view/group/main/main/id/00097647.html,1
Ebola Virus,"Multiple Health Zone, Democratic Republic of the Congo",humans,confirmed_cases,2026-08-09,99,False,good,https://www.estrelladigital.es/articulo/mundo/oms-alerta-que-ebola-gana-terreno-congo-mas-rapido-que-respuesta-sanitaria/20260809113010449688.html,1
Ebola Virus,"Multiple Health Zone, Democratic Republic of the Congo",humans,confirmed_cases,2026-08-12,4449,False,good,https://www.newsbomb.gr/kosmos/story/1756032/anisyxia-gia-nea-agnosti-metallaksi-tou-empola-se-kongko-kai-ougkanta-o-enas-stous-dyo-pethainei,1
Ebola Virus,"Multiple Health Zone, Democratic Republic of the Congo",humans,confirmed_deaths,2026-08-09,52,False,good,https://www.estrelladigital.es/articulo/mundo/oms-alerta-que-ebola-gana-terreno-congo-mas-rapido-que-respuesta-sanitaria/20260809113010449688.html,1
Ebola Virus,"Multiple Health Zones In Five Provinces Of DR Congo, Democratic Republic of the Congo",humans,confirmed_cases,2026-08-12,4449,False,good,http://www.sierraleonetimes.com/news/279237082/new-ebola-variant-linked-to-unknown-animal-source-study,1
Ebola Virus,"Multiple Health Zones In Five Provinces Of DR Congo, Democratic Republic of the Congo",humans,confirmed_deaths,2026-08-12,2061,False,good,http://www.sierraleonetimes.com/news/279237082/new-ebola-variant-linked-to-unknown-animal-source-study,1
Ebola Virus,"Multiple Province, Democratic Republic of the Congo",humans,confirmed_cases,2026-08-09,3973,False,good,https://www.estrelladigital.es/articulo/mundo/oms-alerta-que-ebola-gana-terreno-congo-mas-rapido-que-respuesta-sanitaria/20260809113010449688.html,1
Ebola Virus,"Multiple Province, Democratic Republic of the Congo",humans,confirmed_deaths,2026-08-07,1853,False,good,https://ipsnoticias.net/2026/08/el-ebola-llega-a-los-campamentos-de-refugiados-en-la-rdc/,1
Ebola Virus,"Multiple Province, Democratic Republic of the Congo",humans,confirmed_deaths,2026-08-09,1801,False,good,https://www.estrelladigital.es/articulo/mundo/oms-alerta-que-ebola-gana-terreno-congo-mas-rapido-que-respuesta-sanitaria/20260809113010449688.html,1
Ebola Virus,"Multiple Province, Democratic Republic of the Congo",humans,confirmed_deaths,2026-08-14,2061,False,good,http://www.sierraleonetimes.com/news/279241505/africa-cdc-sounds-alarm-as-ebola-kills-over-2000-in-dr-congo,1
Ebola Virus,"Multiple Province, Democratic Republic of the Congo",humans,suspected_cases,2026-08-11,500,False,good,https://www.channelafrica.co.za/channelafrica/news/ebola-deaths-surpass-2-000-in-drc/,1
Ebola Virus,Multiple Provinces In Congo East,humans,confirmed_deaths,2026-08-17,33,False,good,http://www.thegazette.com/news/world/congo-s-fast-moving-ebola-outbreak-becomes-the-countrys-worst-with-over-2-300-dead/article_b7a66066-8eed-55bb-9ddd-61ed4e5b36ec.html,1
Ebola Virus,"Multiple Provinces In DR Congo, Democratic Republic of the Congo",humans,confirmed_cases,2026-08-15,4500,False,good,https://www.kristeligt-dagblad.dk/udland/fn-ebolaudbrud-i-dr-congo-koster-et-menneske-livet-hver-halve-time,1
Ebola Virus,"Multiple Provinces In DR Congo, Democratic Republic of the Congo",humans,confirmed_deaths,2026-08-15,2128,False,good,https://www.kristeligt-dagblad.dk/udland/fn-ebolaudbrud-i-dr-congo-koster-et-menneske-livet-hver-halve-time,1
Ebola Virus,Multiple Provinces Of DR Congo Democratic Republic of the Congo,humans,confirmed_cases,2026-08-12,4449,False,good,http://www.sierraleonetimes.com/news/279237082/new-ebola-variant-linked-to-unknown-animal-source-study,1
Ebola Virus,Multiple Provinces Of DR Congo Democratic Republic of the Congo,humans,confirmed_deaths,2026-08-12,2061,False,good,http://www.sierraleonetimes.com/news/279237082/new-ebola-variant-linked-to-unknown-animal-source-study,1
Ebola Virus,"Multiple areas, Democratic Republic of the Congo",humans,confirmed_cases,2026-07-30,3360,False,good,https://wtop.com/world/2026/07/ebola-outbreak-is-worsening-food-insecurity-in-eastern-congo-un-agency-chief-warns/,1
Ebola Virus,"Multiple areas, Democratic Republic of the Congo",humans,confirmed_cases,2026-08-04,3748,False,good,https://www.rtvusk.ba/clanak/who-najveca-epidemija-ebole-u-historiji-dr-konga-premasila-kapacitete-odgovora/16804,1
Ebola Virus,"Multiple areas, Democratic Republic of the Congo",humans,confirmed_cases,2026-08-09,99,True,chi-sq,https://www.estrelladigital.es/articulo/mundo/oms-alerta-que-ebola-gana-terreno-congo-mas-rapido-que-respuesta-sanitaria/20260809113010449688.html,1
Ebola Virus,"Multiple areas, Democratic Republic of the Congo",humans,confirmed_cases,2026-08-09,3973,False,good,https://www.estrelladigital.es/articulo/mundo/oms-alerta-que-ebola-gana-terreno-congo-mas-rapido-que-respuesta-sanitaria/20260809113010449688.html,1
Ebola Virus,"Multiple areas, Democratic Republic of the Congo",humans,confirmed_cases,2026-08-11,4381,False,good,https://makfax.com.mk/svet/ebolata-brzo-se-shiri-vo-kongo-brojot-na-smrtni-sluchai-nadmina-2-000/; https://www.greeleytribune.com/2026/08/11/congo-ebola-outbreak-fastest-growing/,2
Ebola Virus,"Multiple areas, Democratic Republic of the Congo",humans,confirmed_cases,2026-08-12,4449,False,good,https://www.newsbomb.gr/kosmos/story/1756032/anisyxia-gia-nea-agnosti-metallaksi-tou-empola-se-kongko-kai-ougkanta-o-enas-stous-dyo-pethainei,1
Ebola Virus,"Multiple areas, Democratic Republic of the Congo",humans,confirmed_cases,2026-08-14,4449,False,good,https://fr.allafrica.com/stories/202608140090.html,1
Ebola Virus,"Multiple areas, Democratic Republic of the Congo",humans,confirmed_cases,2026-08-15,4500,False,good,https://www.kristeligt-dagblad.dk/udland/fn-ebolaudbrud-i-dr-congo-koster-et-menneske-livet-hver-halve-time,1
Ebola Virus,"Multiple areas, Democratic Republic of the Congo",humans,confirmed_cases,2026-08-16,4727,False,good,http://www.bignewsnetwork.com/news/279244301/un-warns-ebola-claiming-one-life-every-30-minutes-in-drc,1
Ebola Virus,"Multiple areas, Democratic Republic of the Congo",humans,confirmed_deaths,2026-07-30,1487,False,good,https://wtop.com/world/2026/07/ebola-outbreak-is-worsening-food-insecurity-in-eastern-congo-un-agency-chief-warns/,1
Ebola Virus,"Multiple areas, Democratic Republic of the Congo",humans,confirmed_deaths,2026-08-03,44,True,chi-sq,https://gate.ahram.org.eg/News/5882067.aspx,1
Ebola Virus,"Multiple areas, Democratic Republic of the Congo",humans,confirmed_deaths,2026-08-04,1657,False,good,https://www.rtvusk.ba/clanak/who-najveca-epidemija-ebole-u-historiji-dr-konga-premasila-kapacitete-odgovora/16804,1
Ebola Virus,"Multiple areas, Democratic Republic of the Congo",humans,confirmed_deaths,2026-08-07,1853,False,good,https://ipsnoticias.net/2026/08/el-ebola-llega-a-los-campamentos-de-refugiados-en-la-rdc/,1
Ebola Virus,"Multiple areas, Democratic Republic of the Congo",humans,confirmed_deaths,2026-08-09,52,True,chi-sq,https://www.estrelladigital.es/articulo/mundo/oms-alerta-que-ebola-gana-terreno-congo-mas-rapido-que-respuesta-sanitaria/20260809113010449688.html,1
Ebola Virus,"Multiple areas, Democratic Republic of the Congo",humans,confirmed_deaths,2026-08-09,1801,False,good,https://www.estrelladigital.es/articulo/mundo/oms-alerta-que-ebola-gana-terreno-congo-mas-rapido-que-respuesta-sanitaria/20260809113010449688.html,1
Ebola Virus,"Multiple areas, Democratic Republic of the Congo",humans,confirmed_deaths,2026-08-11,2011,False,good,https://www.greeleytribune.com/2026/08/11/congo-ebola-outbreak-fastest-growing/,1
Ebola Virus,"Multiple areas, Democratic Republic of the Congo",humans,confirmed_deaths,2026-08-13,2061,False,good,https://www.africanews.com/2026/08/12/drc-world-health-organisation-chief-sounds-alarm-on-ebola-outbreak/,1
Ebola Virus,"Multiple areas, Democratic Republic of the Congo",humans,confirmed_deaths,2026-08-14,2061,False,good,http://www.sierraleonetimes.com/news/279241505/africa-cdc-sounds-alarm-as-ebola-kills-over-2000-in-dr-congo; https://fr.allafrica.com/stories/202608140090.html,2
Ebola Virus,"Multiple areas, Democratic Republic of the Congo",humans,confirmed_deaths,2026-08-15,2128,False,good,https://www.kristeligt-dagblad.dk/udland/fn-ebolaudbrud-i-dr-congo-koster-et-menneske-livet-hver-halve-time,1
Ebola Virus,"Multiple areas, Democratic Republic of the Congo",humans,confirmed_deaths,2026-08-17,33,True,chi-sq,http://www.thegazette.com/news/world/congo-s-fast-moving-ebola-outbreak-becomes-the-countrys-worst-with-over-2-300-dead/article_b7a66066-8eed-55bb-9ddd-61ed4e5b36ec.html,1
Ebola Virus,"Multiple areas, Democratic Republic of the Congo",humans,suspected_cases,2026-08-11,500,False,good,https://www.channelafrica.co.za/channelafrica/news/ebola-deaths-surpass-2-000-in-drc/,1
Ebola Virus,"Multiple provinces, Democratic Republic of the Congo",humans,confirmed_cases,2026-08-11,4381,False,good,https://makfax.com.mk/svet/ebolata-brzo-se-shiri-vo-kongo-brojot-na-smrtni-sluchai-nadmina-2-000/; https://www.greeleytribune.com/2026/08/11/congo-ebola-outbreak-fastest-growing/,2
Ebola Virus,"Multiple provinces, Democratic Republic of the Congo",humans,confirmed_cases,2026-08-14,4449,False,good,https://fr.allafrica.com/stories/202608140090.html,1
Ebola Virus,"Multiple provinces, Democratic Republic of the Congo",humans,confirmed_cases,2026-08-16,4727,False,good,http://www.bignewsnetwork.com/news/279244301/un-warns-ebola-claiming-one-life-every-30-minutes-in-drc,1
Ebola Virus,"Multiple provinces, Democratic Republic of the Congo",humans,confirmed_deaths,2026-08-11,2011,False,good,https://www.greeleytribune.com/2026/08/11/congo-ebola-outbreak-fastest-growing/,1
Ebola Virus,"Multiple provinces, Democratic Republic of the Congo",humans,confirmed_deaths,2026-08-13,2061,False,good,https://www.africanews.com/2026/08/12/drc-world-health-organisation-chief-sounds-alarm-on-ebola-outbreak/,1
Ebola Virus,"Multiple provinces, Democratic Republic of the Congo",humans,confirmed_deaths,2026-08-14,2061,False,good,https://fr.allafrica.com/stories/202608140090.html,1
Ebola Virus,"Multiple, Democratic Republic of the Congo",humans,confirmed_cases,2026-07-31,3360,False,good,https://www.dailystar.co.uk/news/latest-news/fastest-growing-ebola-outbreak-virus-37502057,1
Ebola Virus,"Multiple, Democratic Republic of the Congo",humans,confirmed_cases,2026-08-01,3532,True,monotonicity,https://lecourrier.vn/ebola-flambee-sans-precedent-en-rdc-avec-plus-de-3500-cas/1352541.html,1
Ebola Virus,"Multiple, Democratic Republic of the Congo",humans,confirmed_cases,2026-08-01,3176,False,good,https://www.larazon.es/sociedad/congo-enfrenta-brote-ebola-mas-grande-historia-pais_202608016a6e12fba046ad6ebc955b9b.html; https://www.vilaweb.cat/noticies/republica-democratica-congo-brot-ebola-mes-greu-historia/,2
Ebola Virus,"Multiple, Democratic Republic of the Congo",humans,confirmed_cases,2026-08-02,3300,False,good,https://zizonline.com/ebola-outbreak-becomes-fastest-growing-on-record/,1
Ebola Virus,"Multiple, Democratic Republic of the Congo",humans,confirmed_cases,2026-08-02,3360,False,good,https://www.el-balad.com/17037886,1
Ebola Virus,"Multiple, Democratic Republic of the Congo",humans,confirmed_cases,2026-08-04,3748,False,good,https://www.rtvusk.ba/clanak/who-najveca-epidemija-ebole-u-historiji-dr-konga-premasila-kapacitete-odgovora/16804,1
Ebola Virus,"Multiple, Democratic Republic of the Congo",humans,confirmed_cases,2026-08-09,99,True,chi-sq,https://www.estrelladigital.es/articulo/mundo/oms-alerta-que-ebola-gana-terreno-congo-mas-rapido-que-respuesta-sanitaria/20260809113010449688.html,1
Ebola Virus,"Multiple, Democratic Republic of the Congo",humans,confirmed_cases,2026-08-09,3973,False,good,https://www.estrelladigital.es/articulo/mundo/oms-alerta-que-ebola-gana-terreno-congo-mas-rapido-que-respuesta-sanitaria/20260809113010449688.html,1
Ebola Virus,"Multiple, Democratic Republic of the Congo",humans,confirmed_cases,2026-08-11,4381,False,good,https://makfax.com.mk/svet/ebolata-brzo-se-shiri-vo-kongo-brojot-na-smrtni-sluchai-nadmina-2-000/; https://www.greeleytribune.com/2026/08/11/congo-ebola-outbreak-fastest-growing/,2
Ebola Virus,"Multiple, Democratic Republic of the Congo",humans,confirmed_cases,2026-08-12,4449,False,good,https://www.newsbomb.gr/kosmos/story/1756032/anisyxia-gia-nea-agnosti-metallaksi-tou-empola-se-kongko-kai-ougkanta-o-enas-stous-dyo-pethainei,1
Ebola Virus,"Multiple, Democratic Republic of the Congo",humans,confirmed_cases,2026-08-14,4449,False,good,https://fr.allafrica.com/stories/202608140090.html,1
Ebola Virus,"Multiple, Democratic Republic of the Congo",humans,confirmed_cases,2026-08-16,4727,False,good,http://www.bignewsnetwork.com/news/279244301/un-warns-ebola-claiming-one-life-every-30-minutes-in-drc,1
Ebola Virus,"Multiple, Democratic Republic of the Congo",humans,confirmed_deaths,2026-08-01,1556,False,good,https://lecourrier.vn/ebola-flambee-sans-precedent-en-rdc-avec-plus-de-3500-cas/1352541.html; https://unternehmen-heute.de/news.php?newsid=6706688,2
Ebola Virus,"Multiple, Democratic Republic of the Congo",humans,confirmed_deaths,2026-08-01,1311,True,monotonicity,https://www.larazon.es/sociedad/congo-enfrenta-brote-ebola-mas-grande-historia-pais_202608016a6e12fba046ad6ebc955b9b.html; https://www.vilaweb.cat/noticies/republica-democratica-congo-brot-ebola-mes-greu-historia/,2
Ebola Virus,"Multiple, Democratic Republic of the Congo",humans,confirmed_deaths,2026-08-02,1500,False,good,https://zizonline.com/ebola-outbreak-becomes-fastest-growing-on-record/,1
Ebola Virus,"Multiple, Democratic Republic of the Congo",humans,confirmed_deaths,2026-08-03,44,True,chi-sq,https://gate.ahram.org.eg/News/5882067.aspx,1
Ebola Virus,"Multiple, Democratic Republic of the Congo",humans,confirmed_deaths,2026-08-04,1657,False,good,https://www.rtvusk.ba/clanak/who-najveca-epidemija-ebole-u-historiji-dr-konga-premasila-kapacitete-odgovora/16804,1
Ebola Virus,"Multiple, Democratic Republic of the Congo",humans,confirmed_deaths,2026-08-07,1853,False,good,https://ipsnoticias.net/2026/08/el-ebola-llega-a-los-campamentos-de-refugiados-en-la-rdc/,1
Ebola Virus,"Multiple, Democratic Republic of the Congo",humans,confirmed_deaths,2026-08-09,52,True,chi-sq,https://www.estrelladigital.es/articulo/mundo/oms-alerta-que-ebola-gana-terreno-congo-mas-rapido-que-respuesta-sanitaria/20260809113010449688.html,1
Ebola Virus,"Multiple, Democratic Republic of the Congo",humans,confirmed_deaths,2026-08-09,1801,False,good,https://www.estrelladigital.es/articulo/mundo/oms-alerta-que-ebola-gana-terreno-congo-mas-rapido-que-respuesta-sanitaria/20260809113010449688.html,1
Ebola Virus,"Multiple, Democratic Republic of the Congo",humans,confirmed_deaths,2026-08-11,2011,False,good,https://www.greeleytribune.com/2026/08/11/congo-ebola-outbreak-fastest-growing/,1
Ebola Virus,"Multiple, Democratic Republic of the Congo",humans,confirmed_deaths,2026-08-13,2061,False,good,https://www.africanews.com/2026/08/12/drc-world-health-organisation-chief-sounds-alarm-on-ebola-outbreak/,1
Ebola Virus,"Multiple, Democratic Republic of the Congo",humans,confirmed_deaths,2026-08-14,2061,False,good,http://www.sierraleonetimes.com/news/279241505/africa-cdc-sounds-alarm-as-ebola-kills-over-2000-in-dr-congo; https://fr.allafrica.com/stories/202608140090.html,2
Ebola Virus,"Multiple, Democratic Republic of the Congo",humans,suspected_cases,2026-08-11,500,False,good,https://www.channelafrica.co.za/channelafrica/news/ebola-deaths-surpass-2-000-in-drc/,1
Ebola Virus,"North Kivu Province, Democratic Republic of the Congo",humans,confirmed_cases,2026-07-30,3442,False,good,https://hoytamaulipas.net/notas/623361/Ebola-golpea-al-Congo-mas-de-mil-500-muertos.html,1
Ebola Virus,"North Kivu Province, Democratic Republic of the Congo",humans,confirmed_cases,2026-07-31,3532,False,good,https://dominicanrepublicpost.com/dr-congo-ebola-epidemic-becomes-worlds-second-largest-outbreak/,1
Ebola Virus,"North Kivu Province, Democratic Republic of the Congo",humans,confirmed_cases,2026-08-01,3605,False,good,https://listindiario.com/las-mundiales/20260801/oms-alerta-intensificacion-epidemia-ebola-congo_916254.html; https://sapo.pt/artigo/rdcongo-eleva-numero-de-mortos-por-ebola-para-1-587-6a6e02413f3011d88fbb09d2,2
Ebola Virus,"North Kivu Province, Democratic Republic of the Congo",humans,confirmed_cases,2026-08-02,3674,False,good,https://sapo.pt/artigo/ebola-rdc-sobe-para-1-621-numero-de-mortos-desde-15-de-maio-6a6f46533f3011d88fe187e0,1
Ebola Virus,"North Kivu Province, Democratic Republic of the Congo",humans,confirmed_cases,2026-08-02,3605,True,chi-sq,https://sana.sy/tr/international/2314523/,1
Ebola Virus,"North Kivu Province, Democratic Republic of the Congo",humans,confirmed_cases,2026-08-03,220,True,chi-sq,https://www.radiookapi.net/2026/08/03/actualite/sante/les-actes-de-resistance-aux-equipes-de-riposte-contre-ebola-se,1
Ebola Virus,"North Kivu Province, Democratic Republic of the Congo",humans,confirmed_cases,2026-08-03,3748,False,good,https://www.sozcu.com.tr/nadir-varyant-alarmi-vaka-sayisi-giderek-artiyor-p342097,1
Ebola Virus,"North Kivu Province, Democratic Republic of the Congo",humans,confirmed_cases,2026-08-05,554,True,chi-sq,https://www.gosc.pl/doc/9835195.Lekarze-bez-Granic-epidemia-eboli-w-DRK-najwieksza-z-notowanych,1
Ebola Virus,"North Kivu Province, Democratic Republic of the Congo",humans,confirmed_cases,2026-08-09,4209,False,good,https://www.yucatan.com.mx/mundo/2026/08/09/el-ebola-ha-dejado-mas-de-1900-muertos-en-rd-del-congo-desde-el-mes-de-mayo.html,1
Ebola Virus,"North Kivu Province, Democratic Republic of the Congo",humans,confirmed_cases,2026-08-11,4381,False,good,https://politiken.dk/internationalt/art10942266/Over-2.000-ebolasmittede-er-d%C3%B8de-i-DR-Congo,1
Ebola Virus,"North Kivu Province, Democratic Republic of the Congo",humans,confirmed_cases,2026-08-11,4294,True,chi-sq,https://operamundi.uol.com.br/africa/rd-congo-numero-de-mortos-pelo-surto-de-ebola-sobe-para-1-960/,1
Ebola Virus,"North Kivu Province, Democratic Republic of the Congo",humans,confirmed_cases,2026-08-12,4449,False,good,https://www.lavanguardia.com/internacional/20260812/11612648/ebola-causado-muerte-mas-300-ninos-congo.html,1
Ebola Virus,"North Kivu Province, Democratic Republic of the Congo",humans,confirmed_cases,2026-08-12,300,True,chi-sq,https://www.radiookapi.net/2026/08/12/actualite/sante/ebola-butembo-long-rehdo-appelle-les-autorites-sanctionner-la-resistance,1
Ebola Virus,"North Kivu Province, Democratic Republic of the Congo",humans,confirmed_cases,2026-08-15,4727,False,good,http://www.nigeriasun.com/news/279243286/dr-congo-ebola-outbreak-spreads-to-6th-province-amid-warnings-of-prolonged-transmission,1
Ebola Virus,"North Kivu Province, Democratic Republic of the Congo",humans,confirmed_deaths,2026-08-02,1587,False,good,https://sana.sy/tr/international/2314523/,1
Ebola Virus,"North Kivu Province, Democratic Republic of the Congo",humans,confirmed_deaths,2026-08-03,1657,False,good,https://www.sozcu.com.tr/nadir-varyant-alarmi-vaka-sayisi-giderek-artiyor-p342097,1
Ebola Virus,"North Kivu Province, Democratic Republic of the Congo",humans,confirmed_deaths,2026-08-04,44,True,chi-sq,https://elheraldodesaltillo.mx/2026/08/04/oms-intensifica-respuesta-ante-la-peor-epidemia-de-ebola-registrada-en-el-congo/,1
Ebola Virus,"North Kivu Province, Democratic Republic of the Congo",humans,confirmed_deaths,2026-08-11,2011,False,good,https://fr.allafrica.com/stories/202608110526.html; https://politiken.dk/internationalt/art10942266/Over-2.000-ebolasmittede-er-d%C3%B8de-i-DR-Congo,2
Ebola Virus,"North Kivu Province, Democratic Republic of the Congo",humans,confirmed_deaths,2026-08-11,1960,False,good,https://operamundi.uol.com.br/africa/rd-congo-numero-de-mortos-pelo-surto-de-ebola-sobe-para-1-960/,1
Ebola Virus,"North Kivu Province, Democratic Republic of the Congo",humans,confirmed_deaths,2026-08-12,2061,False,good,https://www.lavanguardia.com/internacional/20260812/11612648/ebola-causado-muerte-mas-300-ninos-congo.html,1
Ebola Virus,"North Kivu Province, Democratic Republic of the Congo",humans,confirmed_deaths,2026-08-12,209,True,chi-sq,https://www.radiookapi.net/2026/08/12/actualite/sante/ebola-butembo-long-rehdo-appelle-les-autorites-sanctionner-la-resistance,1
Ebola Virus,"North Kivu Province, Democratic Republic of the Congo",humans,confirmed_deaths,2026-08-15,2214,False,good,http://www.nigeriasun.com/news/279243286/dr-congo-ebola-outbreak-spreads-to-6th-province-amid-warnings-of-prolonged-transmission,1
Ebola Virus,"North Kivu Province, Democratic Republic of the Congo",humans,confirmed_deaths,2026-08-17,2325,False,good,https://english.news.cn/20260817/5df7567215a346d882e31f79ec246751/c.html,1
Ebola Virus,"North Kivu Province, Democratic Republic of the Congo",humans,confirmed_deaths,2026-08-17,6,True,chi-sq,https://allafrica.com/stories/202608170066.html,1
Ebola Virus,"North Kivu Province, Democratic Republic of the Congo",humans,suspected_cases,2026-08-02,2,False,good,https://www.aljazeera.com/news/2026/8/2/how-virunga-park-protects-people-and-gorillas-from-ebola-in-eastern-drc,1
Ebola Virus,"North Kivu Province, Democratic Republic of the Congo",humans,suspected_cases,2026-08-04,227,False,good,https://www.news24.com/world/who-pleads-for-more-support-to-tackle-ebola-outbreak-20260804-0907,1
Ebola Virus,"North Kivu Province, Democratic Republic of the Congo",humans,suspected_cases,2026-08-04,275,False,good,https://ru.euronews.com/2026/08/04/who-seeks-ebola-support,1
Ebola Virus,"Northeastern provinces, Democratic Republic of the Congo",humans,confirmed_cases,2026-08-11,4381,False,good,https://www.abc.com.py/internacionales/2026/08/11/epidemia-de-ebola-supera-los-2000-muertos-en-republica-democratica-del-congo/,1
Ebola Virus,"Refugee Camps, Democratic Republic of the Congo",humans,confirmed_cases,2026-08-12,19,False,good,https://fr.allafrica.com/view/group/main/main/id/00097735.html,1
Ebola Virus,"Refugee Camps, Democratic Republic of the Congo",humans,confirmed_deaths,2026-08-09,5,False,good,https://www.blisty.cz/art/135246-ebola-zasahla-uprchlicke-tabory-v-demokraticke-republice-kongo.html,1
Ebola Virus,"Refugee Camps, Democratic Republic of the Congo",humans,confirmed_deaths,2026-08-12,5,False,good,https://fr.allafrica.com/view/group/main/main/id/00097735.html,1
Ebola Virus,"Refugee Camps, Democratic Republic of the Congo",humans,suspected_cases,2026-08-12,19,False,good,https://fr.allafrica.com/view/group/main/main/id/00097735.html,1
Ebola Virus,"Refugee Camps, Democratic Republic of the Congo",humans,suspected_deaths,2026-08-12,5,False,good,https://fr.allafrica.com/view/group/main/main/id/00097735.html,1
Ebola Virus,Republic of the Congo,humans,confirmed_cases,2026-08-03,3700,False,good,https://www.andaluciainformacion.es/articulo/mundo/rdcongo-aumentan-mas-1650-muertos-mas-3700-casos-confirmados-ebola-rdc/202608031717453447939.html,1
Ebola Virus,Republic of the Congo,humans,confirmed_cases,2026-08-13,1528,True,monotonicity,https://www.opinionnigeria.com/drcs-ebola-challenging-international-donors-by-kester-kenn-klomegah/,1
Ebola Virus,"South Kivu Province, Democratic Republic of the Congo",humans,confirmed_cases,2026-07-30,3360,True,chi-sq,https://www.notimerica.com/politica/noticia-onu-alerta-hambre-rdc-socava-capacidad-respuesta-brote-ebola-supera-1480-muertos-20260730063813.html,1
Ebola Virus,"South Kivu Province, Democratic Republic of the Congo",humans,confirmed_cases,2026-07-30,3442,False,good,https://hoytamaulipas.net/notas/623361/Ebola-golpea-al-Congo-mas-de-mil-500-muertos.html,1
Ebola Virus,"South Kivu Province, Democratic Republic of the Congo",humans,confirmed_cases,2026-08-11,4381,False,good,https://politiken.dk/internationalt/art10942266/Over-2.000-ebolasmittede-er-d%C3%B8de-i-DR-Congo,1
Ebola Virus,"South Kivu Province, Democratic Republic of the Congo",humans,confirmed_cases,2026-08-15,4727,False,good,https://nepalnews.com/2026/08/15/ebola-outbreak-intensifies-in-congo/,1
Ebola Virus,"South Kivu Province, Democratic Republic of the Congo",humans,confirmed_deaths,2026-08-09,5,False,good,https://www.blisty.cz/art/135246-ebola-zasahla-uprchlicke-tabory-v-demokraticke-republice-kongo.html,1
Ebola Virus,"South Kivu Province, Democratic Republic of the Congo",humans,confirmed_deaths,2026-08-11,2011,False,good,https://politiken.dk/internationalt/art10942266/Over-2.000-ebolasmittede-er-d%C3%B8de-i-DR-Congo,1
Ebola Virus,"Sub-Saharan Africa, Democratic Republic of the Congo",humans,confirmed_cases,2026-08-06,1801,False,good,https://sol.iol.pt/internacional/noticias/ebola-ja-matou-mais-de-1-800-pessoas-na-republica-democratica-do-congo/20260806/6a7464e30cf2b42132dbcf32,1
Ebola Virus,"Sub-Saharan Africa, Democratic Republic of the Congo",humans,confirmed_deaths,2026-08-06,1801,False,good,https://sol.iol.pt/internacional/noticias/ebola-ja-matou-mais-de-1-800-pessoas-na-republica-democratica-do-congo/20260806/6a7464e30cf2b42132dbcf32,1
Ebola Virus,"Sub-Saharan Africa, Morocco",humans,confirmed_deaths,2026-08-17,2184,False,good,https://allafrica.com/stories/202608170167.html,1
Ebola Virus,"Sub-Saharan Africa, Morocco",humans,suspected_deaths,2026-08-17,2184,False,good,https://allafrica.com/stories/202608170167.html,1
Ebola Virus,"Tchomia, Democratic Republic of the Congo",humans,confirmed_cases,2026-08-04,41,False,good,https://www.radiookapi.net/2026/08/04/actualite/sante/ituri-ebola-continue-de-faire-des-ravages-tchomia-avec-un-taux-de,1
Ebola Virus,"The Affected Region, Congo",humans,confirmed_cases,2026-08-10,4200,False,good,https://www.union-bulletin.com/news/world/who-says-congos-fast-moving-ebola-outbreak-started-months-before-it-was-declared/article_018086d8-ad36-5457-ab03-d3b075341907.html; https://www.wsbradio.com/news/world/who-says-congos/6ZKFGWWD7IYU5GC5FMABFXY5UM/,2
Ebola Virus,"The Affected Region, Congo",humans,confirmed_deaths,2026-08-10,1900,False,good,https://www.union-bulletin.com/news/world/who-says-congos-fast-moving-ebola-outbreak-started-months-before-it-was-declared/article_018086d8-ad36-5457-ab03-d3b075341907.html,1
Ebola Virus,"Tshopo Province, Democratic Republic of the Congo",humans,confirmed_cases,2026-08-14,4665,False,good,http://www.bignewsnetwork.com/news/279241633/ebola-outbreak-reaches-6th-province-in-dr-congo-as-cases-top-4600-official,1
Ebola Virus,"Tshopo Province, Democratic Republic of the Congo",humans,confirmed_cases,2026-08-15,4727,False,good,http://www.nigeriasun.com/news/279243286/dr-congo-ebola-outbreak-spreads-to-6th-province-amid-warnings-of-prolonged-transmission,1
Ebola Virus,Uganda,humans,confirmed_cases,2026-07-30,20,False,good,https://sana.sy/international/2540666/; https://sapo.pt/artigo/ebola-numero-de-mortos-supera-os-1-500-na-rdcongo-6a6b4b566f153e92ca54d03c; https://www.manilatimes.net/2026/07/30/world/singapore-group-will-develop-most-promising-ebola-vaccine/2394784; https://www.yahoo.com/news/science/articles/singapore-group-develop-most-promising-093848486.html,4
Ebola Virus,Uganda,humans,confirmed_cases,2026-07-31,20,False,good,https://www.f5haber.com/dunya/kongo-demokratik-cumhuriyetinde-ebola-salgininda-vaka-sayisi-3-bin-500u-asti-6954319; https://www.laestrella.com.pa/mundo/ebola-en-rd-congo-la-segunda-epidemia-mas-grave-de-la-historia-ND24506946,2
Ebola Virus,Uganda,humans,confirmed_cases,2026-08-01,20,False,good,https://observador.pt/2026/08/01/rdcongo-eleva-numero-de-mortos-para-1-587-e-confirma-3-605-casos-de-ebola/; https://sol.iol.pt/internacional/noticias/surto-de-ebola-no-congo-ja-fez-1-587-mortos-e-torna-se-o-segundo-maior-da-historia/20260801/6a6e1c280cf2f6a1a1e72bc1; https://www.eluniversal.com.co/mundo/2026/08/01/aumenta-la-tragedia-por-el-ebola-en-rd-del-congo-suben-las-victimas-y-los-contagios/; https://www.foxnews.com/politics/bipartisan-pair-senators-urge-rubio-release-aid-african-women-children-risk-ebola; https://www.kotaradio.com/2026/08/01/bipartisan-pair-of-senators-urge-rubio-to-release-aid-to-african-women-children-at-risk-of-ebola/; https://www.the-star.co.ke/news/africa/2026-08-01-current-ebola-outbreak-worst-ever-in-dr-congo-who-says; https://www.thecable.ng/africa-in-july-ugandas-ebola-victory-strained-safrica-continental-ties-nigeria-morocco-gas-pipeline/,7
Ebola Virus,Uganda,humans,confirmed_cases,2026-08-01,2,True,monotonicity,https://www.arkcity.net/actualite-internationale/ebola-rdc-epidemie-plus-rapide-jamais-enregistree-2026.html,1
Ebola Virus,Uganda,humans,confirmed_cases,2026-08-02,20,False,good,https://laopinion.co:443/mundo/aumentan-las-muertes-y-contagios-por-ebola-en-republica-democratica-del-congo; https://sapo.pt/artigo/ebola-rdc-sobe-para-1-621-numero-de-mortos-desde-15-de-maio-6a6f46533f3011d88fe187e0; https://www.acorianooriental.pt/noticia/ebola-rdc-sobe-para-1-621-numero-de-mortos-desde-15-de-maio-379322; https://www.bbc.co.uk/news/articles/clyemjn44qqo; https://www.bbc.com/news/articles/clyemjn44qqo; https://www.yahoo.com/news/world/articles/current-ebola-outbreak-worst-ever-161622537.html; https://www.yahoo.com/news/world/articles/why-uganda-seems-winning-battle-230320740.html,7
Ebola Virus,Uganda,humans,confirmed_cases,2026-08-02,9,True,monotonicity,https://www.b92.net/zdravlje/aktuelno/255527/3626-slucajeva-ebole-i-1589-smrtnih-ishoda/vest,1
Ebola Virus,Uganda,humans,confirmed_cases,2026-08-03,20,False,good,https://www.wsws.org/en/articles/2026/08/03/qoit-a03.html,1
Ebola Virus,Uganda,humans,confirmed_cases,2026-08-04,20,False,good,https://www.ara.cat/internacional/africa/brot-d-ebola-congo-ja-pitjor-historia-pais_1_5812790.html; https://www.cbc.ca/news/health/ebola-vaccine-trial-health-canada-moderna-9.7295616; https://www.e-radio.gr/post/330065/ecdc-oi-7-loimwxeis-poy-parakoloythei-i-eyrwpi-ton-ioylio-toy-2026; https://www.medicaldaily.com/who-drc-bundibugyo-ebola-largest-outbreak-ever-recorded-august-2026-476799,4
Ebola Virus,Uganda,humans,confirmed_cases,2026-08-06,20,False,good,https://bitlysdowssl-aws.com/2026/08/republica-democratica-del-congo-eleva-a-1-801-la-cifra-de-muertos-por-brote-de-ebola/; https://www.riotimesonline.com/africa-intelligence-brief-thursday-august-6-2026/,2
Ebola Virus,Uganda,humans,confirmed_cases,2026-08-07,20,False,good,https://en.tempo.co/read/2116929/africa-cdc-to-use-vaccine-for-zaire-ebola-strain-as-stop-gap; https://ipsnoticias.net/2026/08/el-ebola-llega-a-los-campamentos-de-refugiados-en-la-rdc/,2
Ebola Virus,Uganda,humans,confirmed_cases,2026-08-10,20,False,good,https://glavcom.ua/world/observe/spalakh-eboli-v-konho-perevishchiv-chotiri-tisjachi-khvorikh-virus-mih-mutuvati-1135843.html,1
Ebola Virus,Uganda,humans,confirmed_cases,2026-08-12,20,False,good,https://www.newsbomb.gr/kosmos/story/1756032/anisyxia-gia-nea-agnosti-metallaksi-tou-empola-se-kongko-kai-ougkanta-o-enas-stous-dyo-pethainei,1
Ebola Virus,Uganda,humans,confirmed_cases,2026-08-12,9,True,monotonicity,https://www.vrt.be/vrtnws/nl/liveblog/whobaas-waarschuwt-dat-huidige-ebolauitbraak-op-weg-is-om-dode~1779777185712/,1
Ebola Virus,Uganda,humans,confirmed_cases,2026-08-13,1528,True,monotonicity,https://www.opinionnigeria.com/drcs-ebola-challenging-international-donors-by-kester-kenn-klomegah/,1
Ebola Virus,Uganda,humans,confirmed_cases,2026-08-15,20,True,monotonicity,https://www.denik.cz/zdravotnictvi/ebola-pravidla-lekari-bez-hranic-reena-sattar/,1
Ebola Virus,Uganda,humans,confirmed_cases,2026-08-16,20,True,monotonicity,https://www.publico.es/internacional/africa/republica-democratica-congo-aumenta-2-272-cifra-muertos-4-843-casos-confirmados-ebola.html,1
Ebola Virus,Uganda,humans,confirmed_cases,2026-08-17,20,False,good,https://allafrica.com/stories/202608170167.html; https://www.aol.co.uk/articles/ebola-outbreak-democratic-republic-congo-000957000.html; https://www.sn.at/politik/weltpolitik/toedlichster-ebola-ausbruch-in-der-geschichte-des-kongos-art-667845; https://www.theguardian.com/world/2026/aug/17/ebola-outbreak-drc-democratic-republic-of-congo-deadliest-in-history,4
Ebola Virus,Uganda,humans,confirmed_deaths,2026-07-30,2,False,good,https://sana.sy/international/2540666/; https://sapo.pt/artigo/ebola-numero-de-mortos-supera-os-1-500-na-rdcongo-6a6b4b566f153e92ca54d03c; https://www.manilatimes.net/2026/07/30/world/singapore-group-will-develop-most-promising-ebola-vaccine/2394784; https://www.yahoo.com/news/science/articles/singapore-group-develop-most-promising-093848486.html,4
Ebola Virus,Uganda,humans,confirmed_deaths,2026-07-30,55,True,monotonicity,https://allafrica.com/stories/202607300028.html,1
Ebola Virus,Uganda,humans,confirmed_deaths,2026-07-31,2,True,monotonicity,https://www.laestrella.com.pa/mundo/ebola-en-rd-congo-la-segunda-epidemia-mas-grave-de-la-historia-ND24506946,1
Ebola Virus,Uganda,humans,confirmed_deaths,2026-08-01,2,False,good,https://www.eluniversal.com.co/mundo/2026/08/01/aumenta-la-tragedia-por-el-ebola-en-rd-del-congo-suben-las-victimas-y-los-contagios/; https://www.foxnews.com/politics/bipartisan-pair-senators-urge-rubio-release-aid-african-women-children-risk-ebola; https://www.kotaradio.com/2026/08/01/bipartisan-pair-of-senators-urge-rubio-to-release-aid-to-african-women-children-at-risk-of-ebola/; https://www.thecable.ng/africa-in-july-ugandas-ebola-victory-strained-safrica-continental-ties-nigeria-morocco-gas-pipeline/,4
Ebola Virus,Uganda,humans,confirmed_deaths,2026-08-02,2,False,good,https://laopinion.co:443/mundo/aumentan-las-muertes-y-contagios-por-ebola-en-republica-democratica-del-congo; https://sapo.pt/artigo/ebola-rdc-sobe-para-1-621-numero-de-mortos-desde-15-de-maio-6a6f46533f3011d88fe187e0; https://www.bbc.co.uk/news/articles/clyemjn44qqo; https://www.bbc.com/news/articles/clyemjn44qqo; https://www.yahoo.com/news/world/articles/why-uganda-seems-winning-battle-230320740.html,5
Ebola Virus,Uganda,humans,confirmed_deaths,2026-08-04,2,False,good,https://www.cbc.ca/news/health/ebola-vaccine-trial-health-canada-moderna-9.7295616; https://www.e-radio.gr/post/330065/ecdc-oi-7-loimwxeis-poy-parakoloythei-i-eyrwpi-ton-ioylio-toy-2026; https://www.medicaldaily.com/who-drc-bundibugyo-ebola-largest-outbreak-ever-recorded-august-2026-476799,3
Ebola Virus,Uganda,humans,confirmed_deaths,2026-08-06,2,False,good,https://www.riotimesonline.com/africa-intelligence-brief-thursday-august-6-2026/,1
Ebola Virus,Uganda,humans,confirmed_deaths,2026-08-07,2,False,good,https://en.tempo.co/read/2116929/africa-cdc-to-use-vaccine-for-zaire-ebola-strain-as-stop-gap,1
Ebola Virus,Uganda,humans,confirmed_deaths,2026-08-12,1,True,monotonicity,https://www.vrt.be/vrtnws/nl/liveblog/whobaas-waarschuwt-dat-huidige-ebolauitbraak-op-weg-is-om-dode~1779777185712/,1
Ebola Virus,Uganda,humans,confirmed_deaths,2026-08-15,2,False,good,https://www.denik.cz/zdravotnictvi/ebola-pravidla-lekari-bez-hranic-reena-sattar/,1
Ebola Virus,Uganda,humans,confirmed_deaths,2026-08-16,2,False,good,https://www.publico.es/internacional/africa/republica-democratica-congo-aumenta-2-272-cifra-muertos-4-843-casos-confirmados-ebola.html,1
Ebola Virus,Uganda,humans,suspected_cases,2026-07-30,55,True,monotonicity,https://allafrica.com/stories/202607300028.html,1
Ebola Virus,Uganda,humans,suspected_cases,2026-08-01,20,True,monotonicity,https://www.the-star.co.ke/news/africa/2026-08-01-current-ebola-outbreak-worst-ever-in-dr-congo-who-says,1
Ebola Virus,Uganda,humans,suspected_cases,2026-08-01,2,True,monotonicity,https://www.arkcity.net/actualite-internationale/ebola-rdc-epidemie-plus-rapide-jamais-enregistree-2026.html,1
Ebola Virus,Uganda,humans,suspected_cases,2026-08-02,20,False,good,https://www.bbc.com/news/articles/clyemjn44qqo; https://www.rtv.rs/sr_ci/svet/szo-broj-potvrdjenih-slucajeva-obolelih-od-ebole-u-svetu-dostigao-3.626_1733415.html; https://www.yahoo.com/news/world/articles/current-ebola-outbreak-worst-ever-161622537.html; https://www.yahoo.com/news/world/articles/why-uganda-seems-winning-battle-230320740.html,4
Ebola Virus,Uganda,humans,suspected_cases,2026-08-12,116,True,monotonicity,https://www.vrt.be/vrtnws/nl/liveblog/whobaas-waarschuwt-dat-huidige-ebolauitbraak-op-weg-is-om-dode~1779777185712/,1
Ebola Virus,Uganda,humans,suspected_cases,2026-08-17,20,False,good,https://www.ensonhaber.com/kongo-demokratik-cumhuriyetindeki-ebola-salgini-ulke-tarihinin-en-olumcul-seviyesine-ulast-h1558193; https://www.kibrispostasi.com/c37-DUNYA/n611000-kongo-demokratik-cumhuriyetindeki-ebola-salgini-ulke-tarihinin-en-olumcul-seviyesine-ulasti; https://www.theguardian.com/world/2026/aug/17/ebola-outbreak-drc-democratic-republic-of-congo-deadliest-in-history,3
Ebola Virus,Uganda,humans,suspected_deaths,2026-07-31,2,False,good,https://www.laestrella.com.pa/mundo/ebola-en-rd-congo-la-segunda-epidemia-mas-grave-de-la-historia-ND24506946,1
Ebola Virus,Uganda,humans,suspected_deaths,2026-08-02,2,False,good,https://www.bbc.co.uk/news/articles/clyemjn44qqo; https://www.bbc.com/news/articles/clyemjn44qqo; https://www.yahoo.com/news/world/articles/why-uganda-seems-winning-battle-230320740.html,3
Ebola Virus,Uganda,humans,suspected_deaths,2026-08-03,2,False,good,https://www.wsws.org/en/articles/2026/08/03/qoit-a03.html,1
Ebola Virus,Uganda,humans,suspected_deaths,2026-08-04,2,False,good,https://www.ara.cat/internacional/africa/brot-d-ebola-congo-ja-pitjor-historia-pais_1_5812790.html,1
Ebola Virus,Uganda,humans,suspected_deaths,2026-08-06,2,False,good,https://www.riotimesonline.com/africa-intelligence-brief-thursday-august-6-2026/,1
Ebola Virus,Uganda,humans,suspected_deaths,2026-08-10,2,False,good,https://eldia.com.do/la-republica-democratica-del-congo-sube-a-1-887-la-cifra-de-muertos-por-ebola-y-a-4-120-los-casos-confirmados/,1
Ebola Virus,Uganda,humans,suspected_deaths,2026-08-12,2,False,good,http://www.sierraleonetimes.com/news/279237082/new-ebola-variant-linked-to-unknown-animal-source-study,1
Ebola Virus,Uganda,humans,suspected_deaths,2026-08-16,2,False,good,https://www.publico.es/internacional/africa/republica-democratica-congo-aumenta-2-272-cifra-muertos-4-843-casos-confirmados-ebola.html,1
Ebola Virus,Uganda,humans,suspected_deaths,2026-08-17,2,False,good,https://www.sn.at/politik/weltpolitik/toedlichster-ebola-ausbruch-in-der-geschichte-des-kongos-art-667845,1
Ebola Virus,"Uganda, Democratic Republic of the Congo",humans,confirmed_cases,2026-08-17,20,False,good,https://allafrica.com/stories/202608170066.html,1
Ebola Virus,"Uganda, Democratic Republic of the Congo",humans,suspected_cases,2026-08-17,20,False,good,https://allafrica.com/stories/202608170066.html,1
Ebola Virus,"West Africa, Congo",humans,confirmed_cases,2026-08-06,3874,False,good,http://www.thegazette.com/news/world/who-chief-says-ebola-outbreak-is-outpacing-response-as-aid-workers-strike-over-pay/article_24c574c4-cc02-5e41-92a0-856b2ea53632.html,1
Ebola Virus,"West Africa, Congo",humans,confirmed_cases,2026-08-09,4200,False,good,https://www.clickorlando.com/health/2026/08/09/no-ebola-cases-found-on-quarantined-river-boat-congo-authorities-say/,1
Ebola Virus,"West Africa, Congo",humans,confirmed_cases,2026-08-10,4200,False,good,https://www.bostonherald.com/2026/08/10/congo-ebola-outbreak-started-february/,1
Ebola Virus,"West Africa, Congo",humans,confirmed_deaths,2026-08-06,1751,False,good,http://www.thegazette.com/news/world/who-chief-says-ebola-outbreak-is-outpacing-response-as-aid-workers-strike-over-pay/article_24c574c4-cc02-5e41-92a0-856b2ea53632.html,1
Ebola Virus,"West Africa, Congo",humans,confirmed_deaths,2026-08-09,1900,False,good,https://www.clickorlando.com/health/2026/08/09/no-ebola-cases-found-on-quarantined-river-boat-congo-authorities-say/,1
Ebola Virus,"West Africa, Congo",humans,confirmed_deaths,2026-08-10,1900,True,chi-sq,https://www.bostonherald.com/2026/08/10/congo-ebola-outbreak-started-february/,1
Ebola Virus,"West Africa, Congo",humans,confirmed_deaths,2026-08-11,2011,False,good,https://www.wsbradio.com/news/world/congo-says-2000/46W2BJD7K4Y3NCC5FEJPNVTR7I/,1
Ebola Virus,"West Africa, Democratic Republic of the Congo",humans,confirmed_cases,2026-07-31,3500,False,good,https://www.ilpost.it/2026/07/31/campi-profughi-epidemia-ebola-congo/,1
Ebola Virus,"West Africa, Democratic Republic of the Congo",humans,confirmed_cases,2026-08-03,3605,False,good,https://www.wsws.org/en/articles/2026/08/03/qoit-a03.html,1
Ebola Virus,"West Africa, Democratic Republic of the Congo",humans,confirmed_cases,2026-08-05,3874,False,good,https://isp.netscape.com:443/news/world/story/0001/20260805/555dadc59c3a976974bb0e492c8ad524,1
Ebola Virus,"West Africa, Democratic Republic of the Congo",humans,confirmed_cases,2026-08-06,3973,False,good,https://www.infobae.com/america/mundo/2026/08/06/la-oms-afirmo-que-el-brote-de-ebola-en-africa-esta-superando-la-capacidad-de-respuesta-para-combatirlo/,1
Ebola Virus,"West Africa, Democratic Republic of the Congo",humans,confirmed_cases,2026-08-10,4200,False,good,https://www.union-bulletin.com/news/world/who-says-congos-fast-moving-ebola-outbreak-started-months-before-it-was-declared/article_018086d8-ad36-5457-ab03-d3b075341907.html,1
Ebola Virus,"West Africa, Democratic Republic of the Congo",humans,confirmed_cases,2026-08-12,4381,False,good,https://vanguardia.com.mx/noticias/reporta-congo-que-hay-2-mil-muertos-en-su-brote-de-ebola-es-la-expansion-de-la-enfermedad-mas-rapida-conocida-JB22768067,1
Ebola Virus,"West Africa, Democratic Republic of the Congo",humans,confirmed_deaths,2026-07-31,796,True,chi-sq,https://allafrica.com/stories/202607310352.html,1
Ebola Virus,"West Africa, Democratic Republic of the Congo",humans,confirmed_deaths,2026-08-03,1587,False,good,https://www.wsws.org/en/articles/2026/08/03/qoit-a03.html,1
Ebola Virus,"West Africa, Democratic Republic of the Congo",humans,confirmed_deaths,2026-08-05,1751,False,good,https://isp.netscape.com:443/news/world/story/0001/20260805/555dadc59c3a976974bb0e492c8ad524,1
Ebola Virus,"West Africa, Democratic Republic of the Congo",humans,confirmed_deaths,2026-08-06,1801,False,good,https://www.infobae.com/america/mundo/2026/08/06/la-oms-afirmo-que-el-brote-de-ebola-en-africa-esta-superando-la-capacidad-de-respuesta-para-combatirlo/,1
Ebola Virus,"West Africa, Democratic Republic of the Congo",humans,confirmed_deaths,2026-08-12,2011,True,chi-sq,https://vanguardia.com.mx/noticias/reporta-congo-que-hay-2-mil-muertos-en-su-brote-de-ebola-es-la-expansion-de-la-enfermedad-mas-rapida-conocida-JB22768067,1
Bundibugyo Virus,"Bas-Uélé Province, Democratic Republic of the Congo",humans,confirmed_deaths,2026-08-15,6,False,good,http://www.rnanews.com/une-sixieme-province-touchee-par-ebola-en-rdc-loms-renforce-la-riposte-regionale/,1
Bundibugyo Virus,Democratic Republic of the Congo,animals,suspected_cases,2026-08-12,2000,False,good,https://mymotherlode.com/news/world/11061651/who-says-congos-ebola-outbreak-is-on-track-to-surpass-the-deadliest-one-in-history.html; https://www.lancashiretelegraph.co.uk/news/national/26459363.dr-congo-ebola-outbreak-track-surpass-deadliest-history-says/,2
Bundibugyo Virus,Democratic Republic of the Congo,humans,confirmed_cases,2026-08-01,3605,False,good,http://www.bignewsnetwork.com/news/279218906/current-ebola-outbreak-largest-ever-recorded-in-dr-congo-who; https://www.alnilin.com/13480771.htm,2
Bundibugyo Virus,Democratic Republic of the Congo,humans,confirmed_cases,2026-08-02,3605,False,good,https://divany.hu/vilagom/tombol-ebola-jarvany-44-szazalekos-halalozasi-arany/; https://koran-jakarta.com/2026-08-02/who-wabah-ebola-di-rd-kongo-terbesar-dalam-sejarah; https://lecourrier.vn/rdc-lepidemie-actuelle-debola-devient-la-plus-importante-jamais-enregistree/1352573.html,3
Bundibugyo Virus,Democratic Republic of the Congo,humans,confirmed_cases,2026-08-03,3605,False,good,https://www.ilmattino.it/primopiano/esteri/epidemia_ebola_bundibugyo_congo_3605_casi-9688111.html; https://www.liputan6.com/global/read/8260461/wabah-ebola-terbesar-hantam-kongo-catatkan-1587-kematian,2
Bundibugyo Virus,Democratic Republic of the Congo,humans,confirmed_cases,2026-08-04,3802,False,good,https://www.leprogres.fr/sante/2026/08/04/l-oms-appelle-a-un-plus-grand-soutien-pour-lutter-contre-l-epidemie-d-ebola-en-rdc; https://www.tdg.ch/ebola-loms-appelle-a-renforcer-laide-face-a-lepidemie-en-rdc-320558213402,2
Bundibugyo Virus,Democratic Republic of the Congo,humans,confirmed_cases,2026-08-04,3748,False,good,https://www.cnbcafrica.com/2026/treatment-trials-for-ebola-strain-behind-congo-outbreak-show-promise-who-says,1
Bundibugyo Virus,Democratic Republic of the Congo,humans,confirmed_cases,2026-08-05,3874,False,good,https://fr.allafrica.com/stories/202608050633.html,1
Bundibugyo Virus,Democratic Republic of the Congo,humans,confirmed_cases,2026-08-06,19,True,chi-sq,https://www.miragenews.com/ebola-hits-displacement-camps-in-dr-congo-1723256/,1
Bundibugyo Virus,Democratic Republic of the Congo,humans,confirmed_cases,2026-08-06,3973,False,good,https://sana.sy/en/health/2334593/,1
Bundibugyo Virus,Democratic Republic of the Congo,humans,confirmed_cases,2026-08-06,3874,False,good,https://www.africanews.com/2026/08/06/ebola-crisis-deepens-in-dr-congo-as-cases-surge-in-hotspots/,1
Bundibugyo Virus,Democratic Republic of the Congo,humans,confirmed_cases,2026-08-07,19,True,chi-sq,https://www.maravipost.com/ebola-virus-reaches-displacement-camps-in-dr-congo/,1
Bundibugyo Virus,Democratic Republic of the Congo,humans,confirmed_cases,2026-08-10,3605,True,chi-sq,https://allafrica.com/stories/202608100074.html,1
Bundibugyo Virus,Democratic Republic of the Congo,humans,confirmed_cases,2026-08-10,4209,False,good,http://www.sierraleonetimes.com/news/279229243/update-dr-congo-ebola-outbreak-may-have-begun-in-february-who-regional-chief,1
Bundibugyo Virus,Democratic Republic of the Congo,humans,confirmed_cases,2026-08-11,4381,False,good,https://fr.allafrica.com/stories/202608110526.html; https://www.dailymail.com/health/article-16044965/ebola-outbreak-drc-travel-warning.html,2
Bundibugyo Virus,Democratic Republic of the Congo,humans,confirmed_cases,2026-08-12,4381,False,good,https://vanguardia.com.mx/noticias/reporta-congo-que-hay-2-mil-muertos-en-su-brote-de-ebola-es-la-expansion-de-la-enfermedad-mas-rapida-conocida-JB22768067; https://www.fox13news.com/news/deadly-disease-outbreak-kills-2000-what-to-know,2
Bundibugyo Virus,Democratic Republic of the Congo,humans,confirmed_cases,2026-08-12,4449,False,good,http://www.sierraleonetimes.com/news/279237082/new-ebola-variant-linked-to-unknown-animal-source-study; https://www.newsbomb.gr/kosmos/story/1756032/anisyxia-gia-nea-agnosti-metallaksi-tou-empola-se-kongko-kai-ougkanta-o-enas-stous-dyo-pethainei,2
Bundibugyo Virus,Democratic Republic of the Congo,humans,confirmed_cases,2026-08-17,8,True,chi-sq,https://www.upi.com/Top_News/World-News/2026/08/16/drc-Ebola-outbreak-update/4271786931290/,1
Bundibugyo Virus,Democratic Republic of the Congo,humans,confirmed_cases,2026-08-17,4945,False,good,https://russian.news.cn/20260817/9145a7b9ed8c40249aef2f64f53a1888/c.html,1
Bundibugyo Virus,Democratic Republic of the Congo,humans,confirmed_deaths,2026-07-30,1354,False,good,https://lesoleil.sn/le-decodeur/chronique/menaces-sanitaires-et-drames-securitaires-par-oumar-ndiaye/,1
Bundibugyo Virus,Democratic Republic of the Congo,humans,confirmed_deaths,2026-08-01,1587,False,good,http://www.bignewsnetwork.com/news/279218906/current-ebola-outbreak-largest-ever-recorded-in-dr-congo-who; https://www.alnilin.com/13480771.htm,2
Bundibugyo Virus,Democratic Republic of the Congo,humans,confirmed_deaths,2026-08-02,1587,False,good,https://koran-jakarta.com/2026-08-02/who-wabah-ebola-di-rd-kongo-terbesar-dalam-sejarah; https://lecourrier.vn/rdc-lepidemie-actuelle-debola-devient-la-plus-importante-jamais-enregistree/1352573.html,2
Bundibugyo Virus,Democratic Republic of the Congo,humans,confirmed_deaths,2026-08-03,1587,False,good,https://www.liputan6.com/global/read/8260461/wabah-ebola-terbesar-hantam-kongo-catatkan-1587-kematian,1
Bundibugyo Virus,Democratic Republic of the Congo,humans,confirmed_deaths,2026-08-04,1707,False,good,https://www.tdg.ch/ebola-loms-appelle-a-renforcer-laide-face-a-lepidemie-en-rdc-320558213402,1
Bundibugyo Virus,Democratic Republic of the Congo,humans,confirmed_deaths,2026-08-04,1657,False,good,https://www.cnbcafrica.com/2026/treatment-trials-for-ebola-strain-behind-congo-outbreak-show-promise-who-says,1
Bundibugyo Virus,Democratic Republic of the Congo,humans,confirmed_deaths,2026-08-05,1751,False,good,https://fr.allafrica.com/stories/202608050633.html,1
Bundibugyo Virus,Democratic Republic of the Congo,humans,confirmed_deaths,2026-08-06,5,True,chi-sq,https://www.miragenews.com/ebola-hits-displacement-camps-in-dr-congo-1723256/,1
Bundibugyo Virus,Democratic Republic of the Congo,humans,confirmed_deaths,2026-08-06,1751,False,good,https://www.africanews.com/2026/08/06/ebola-crisis-deepens-in-dr-congo-as-cases-surge-in-hotspots/,1
Bundibugyo Virus,Democratic Republic of the Congo,humans,confirmed_deaths,2026-08-07,5,True,chi-sq,https://www.maravipost.com/ebola-virus-reaches-displacement-camps-in-dr-congo/,1
Bundibugyo Virus,Democratic Republic of the Congo,humans,confirmed_deaths,2026-08-09,5,True,chi-sq,http://www.rnanews.com/ebola-sinvite-dans-les-camps-de-deplaces-en-rdc/,1
Bundibugyo Virus,Democratic Republic of the Congo,humans,confirmed_deaths,2026-08-10,1587,True,chi-sq,https://allafrica.com/stories/202608100074.html,1
Bundibugyo Virus,Democratic Republic of the Congo,humans,confirmed_deaths,2026-08-10,1916,False,good,http://www.sierraleonetimes.com/news/279229243/update-dr-congo-ebola-outbreak-may-have-begun-in-february-who-regional-chief,1
Bundibugyo Virus,Democratic Republic of the Congo,humans,confirmed_deaths,2026-08-11,2011,False,good,https://fr.allafrica.com/stories/202608110526.html; https://www.dailymail.com/health/article-16044965/ebola-outbreak-drc-travel-warning.html,2
Bundibugyo Virus,Democratic Republic of the Congo,humans,confirmed_deaths,2026-08-12,2011,False,good,https://cnnespanol.cnn.com/2026/08/11/mundo/rd-congo-brote-ebola-2000-muertos-ap,1
Bundibugyo Virus,Democratic Republic of the Congo,humans,confirmed_deaths,2026-08-12,2061,False,good,https://www.newsbomb.gr/kosmos/story/1756032/anisyxia-gia-nea-agnosti-metallaksi-tou-empola-se-kongko-kai-ougkanta-o-enas-stous-dyo-pethainei,1
Bundibugyo Virus,Democratic Republic of the Congo,humans,confirmed_deaths,2026-08-17,2325,False,good,https://www.estrelladigital.es/articulo/mundo/brote-ebola-rdc-es-mas-mortifero-historia-2325-muertos/20260817151433449975.html,1
Bundibugyo Virus,Democratic Republic of the Congo,humans,suspected_cases,2026-08-04,2,False,good,https://www.ksat.com/news/world/2026/08/04/ebola-kills-1700-in-eastern-congo-as-the-fastest-growing-outbreak-surges/,1
Bundibugyo Virus,Democratic Republic of the Congo,humans,suspected_cases,2026-08-06,5,False,good,https://www.miragenews.com/ebola-hits-displacement-camps-in-dr-congo-1723256/,1
Bundibugyo Virus,Democratic Republic of the Congo,humans,suspected_cases,2026-08-07,19,True,chi-sq,https://www.maravipost.com/ebola-virus-reaches-displacement-camps-in-dr-congo/,1
Bundibugyo Virus,Democratic Republic of the Congo,humans,suspected_cases,2026-08-09,5,False,good,http://www.rnanews.com/ebola-sinvite-dans-les-camps-de-deplaces-en-rdc/,1
Bundibugyo Virus,Democratic Republic of the Congo,humans,suspected_cases,2026-08-17,50,False,good,https://www.aol.co.uk/articles/ebola-why-treating-outbreak-global-173738000.html,1
Bundibugyo Virus,Democratic Republic of the Congo,humans,suspected_deaths,2026-08-06,5,False,good,https://www.miragenews.com/ebola-hits-displacement-camps-in-dr-congo-1723256/,1
Bundibugyo Virus,Democratic Republic of the Congo,humans,suspected_deaths,2026-08-07,5,False,good,https://www.maravipost.com/ebola-virus-reaches-displacement-camps-in-dr-congo/,1
Bundibugyo Virus,Democratic Republic of the Congo,humans,suspected_deaths,2026-08-11,2011,False,good,https://fr.allafrica.com/stories/202608110526.html,1
Bundibugyo Virus,Democratic Republic of the Congo,humans,suspected_deaths,2026-08-12,2011,False,good,https://cnnespanol.cnn.com/2026/08/11/mundo/rd-congo-brote-ebola-2000-muertos-ap,1
Bundibugyo Virus,"Displacement Camps, Democratic Republic of the Congo",humans,confirmed_cases,2026-08-07,19,False,good,https://www.maravipost.com/ebola-virus-reaches-displacement-camps-in-dr-congo/,1
Bundibugyo Virus,"Displacement Camps, Democratic Republic of the Congo",humans,confirmed_cases,2026-08-09,19,False,good,http://www.rnanews.com/ebola-sinvite-dans-les-camps-de-deplaces-en-rdc/,1
Bundibugyo Virus,"Displacement Camps, Democratic Republic of the Congo",humans,confirmed_deaths,2026-08-07,5,False,good,https://www.maravipost.com/ebola-virus-reaches-displacement-camps-in-dr-congo/,1
Bundibugyo Virus,"Displacement Camps, Democratic Republic of the Congo",humans,confirmed_deaths,2026-08-09,5,False,good,http://www.rnanews.com/ebola-sinvite-dans-les-camps-de-deplaces-en-rdc/,1
Bundibugyo Virus,"Displacement Camps, Democratic Republic of the Congo",humans,suspected_cases,2026-08-07,19,False,good,https://www.maravipost.com/ebola-virus-reaches-displacement-camps-in-dr-congo/,1
Bundibugyo Virus,"Displacement Camps, Democratic Republic of the Congo",humans,suspected_cases,2026-08-09,5,True,monotonicity,http://www.rnanews.com/ebola-sinvite-dans-les-camps-de-deplaces-en-rdc/,1
Bundibugyo Virus,"Displacement Camps, Democratic Republic of the Congo",humans,suspected_deaths,2026-08-07,5,False,good,https://www.maravipost.com/ebola-virus-reaches-displacement-camps-in-dr-congo/,1
Bundibugyo Virus,"Displacement Camps, Democratic Republic of the Congo",humans,suspected_deaths,2026-08-09,5,False,good,http://www.rnanews.com/ebola-sinvite-dans-les-camps-de-deplaces-en-rdc/,1
Bundibugyo Virus,"Haut-Uele Province, Democratic Republic of the Congo",humans,confirmed_deaths,2026-08-06,5,False,good,https://www.miragenews.com/ebola-hits-displacement-camps-in-dr-congo-1723256/,1
Bundibugyo Virus,"Haut-Uele Province, Democratic Republic of the Congo",humans,confirmed_deaths,2026-08-09,5,False,good,http://www.rnanews.com/ebola-sinvite-dans-les-camps-de-deplaces-en-rdc/,1
Bundibugyo Virus,"Haut-Uele Province, Democratic Republic of the Congo",humans,suspected_cases,2026-08-09,5,False,good,http://www.rnanews.com/ebola-sinvite-dans-les-camps-de-deplaces-en-rdc/,1
Bundibugyo Virus,"Haut-Uele Province, Democratic Republic of the Congo",humans,suspected_deaths,2026-08-09,5,False,good,http://www.rnanews.com/ebola-sinvite-dans-les-camps-de-deplaces-en-rdc/,1
Bundibugyo Virus,"Haut-Uélé, Democratic Republic of the Congo",humans,confirmed_cases,2026-08-05,63,False,good,https://fr.allafrica.com/stories/202608050633.html,1
Bundibugyo Virus,"Haut-Uélé, Democratic Republic of the Congo",humans,confirmed_deaths,2026-08-06,5,False,good,https://www.miragenews.com/ebola-hits-displacement-camps-in-dr-congo-1723256/,1
Bundibugyo Virus,"Haut-Uélé, Democratic Republic of the Congo",humans,confirmed_deaths,2026-08-09,5,False,good,http://www.rnanews.com/ebola-sinvite-dans-les-camps-de-deplaces-en-rdc/,1
Bundibugyo Virus,"Haut-Uélé, Democratic Republic of the Congo",humans,suspected_cases,2026-08-09,5,False,good,http://www.rnanews.com/ebola-sinvite-dans-les-camps-de-deplaces-en-rdc/,1
Bundibugyo Virus,"Haut-Uélé, Democratic Republic of the Congo",humans,suspected_deaths,2026-08-09,5,False,good,http://www.rnanews.com/ebola-sinvite-dans-les-camps-de-deplaces-en-rdc/,1
Bundibugyo Virus,"Ituri Province, Democratic Republic of the Congo",humans,confirmed_cases,2026-08-05,50,False,good,https://fr.allafrica.com/stories/202608050633.html,1
Bundibugyo Virus,"Ituri Province, Democratic Republic of the Congo",humans,confirmed_cases,2026-08-06,19,True,monotonicity,https://www.miragenews.com/ebola-hits-displacement-camps-in-dr-congo-1723256/,1
Bundibugyo Virus,"Ituri Province, Democratic Republic of the Congo",humans,confirmed_deaths,2026-08-06,5,False,good,https://www.miragenews.com/ebola-hits-displacement-camps-in-dr-congo-1723256/,1
Bundibugyo Virus,"Ituri Province, Democratic Republic of the Congo",humans,confirmed_deaths,2026-08-09,5,False,good,http://www.rnanews.com/ebola-sinvite-dans-les-camps-de-deplaces-en-rdc/,1
Bundibugyo Virus,"Ituri Province, Democratic Republic of the Congo",humans,suspected_cases,2026-08-04,2,False,good,https://vanguardia.com.mx/noticias/el-ebola-quita-la-vida-a-1700-personas-en-el-este-de-congo-es-el-brote-de-la-enfermedad-mas-rapido-del-que-se-tiene-registro-CE22625531,1
Bundibugyo Virus,"Ituri Province, Democratic Republic of the Congo",humans,suspected_cases,2026-08-06,19,False,good,https://www.miragenews.com/ebola-hits-displacement-camps-in-dr-congo-1723256/,1
Bundibugyo Virus,"Ituri Province, Democratic Republic of the Congo",humans,suspected_cases,2026-08-09,5,True,chi-sq,http://www.rnanews.com/ebola-sinvite-dans-les-camps-de-deplaces-en-rdc/,1
Bundibugyo Virus,"Ituri Province, Democratic Republic of the Congo",humans,suspected_cases,2026-08-10,121,False,good,https://www.miragenews.com/ebola-claims-lives-in-dr-congo-before-treatment-1724693/,1
Bundibugyo Virus,"Ituri Province, Democratic Republic of the Congo",humans,suspected_deaths,2026-08-09,5,False,good,http://www.rnanews.com/ebola-sinvite-dans-les-camps-de-deplaces-en-rdc/,1
Bundibugyo Virus,"Kasenyi Town, Democratic Republic of the Congo",humans,confirmed_cases,2026-08-09,19,False,good,http://www.rnanews.com/ebola-sinvite-dans-les-camps-de-deplaces-en-rdc/,1
Bundibugyo Virus,"Kasenyi Town, Democratic Republic of the Congo",humans,confirmed_deaths,2026-08-09,5,False,good,http://www.rnanews.com/ebola-sinvite-dans-les-camps-de-deplaces-en-rdc/,1
Bundibugyo Virus,"Kasenyi Town, Democratic Republic of the Congo",humans,suspected_cases,2026-08-09,5,False,good,http://www.rnanews.com/ebola-sinvite-dans-les-camps-de-deplaces-en-rdc/,1
Bundibugyo Virus,"Kasenyi, Democratic Republic of the Congo",humans,confirmed_cases,2026-08-09,19,False,good,http://www.rnanews.com/ebola-sinvite-dans-les-camps-de-deplaces-en-rdc/,1
Bundibugyo Virus,"Kasenyi, Democratic Republic of the Congo",humans,confirmed_deaths,2026-08-09,5,False,good,http://www.rnanews.com/ebola-sinvite-dans-les-camps-de-deplaces-en-rdc/,1
Bundibugyo Virus,"Kasenyi, Democratic Republic of the Congo",humans,suspected_cases,2026-08-09,5,False,good,http://www.rnanews.com/ebola-sinvite-dans-les-camps-de-deplaces-en-rdc/,1
Bundibugyo Virus,"Mongbwalu Health Zone, Democratic Republic of the Congo",humans,confirmed_deaths,2026-08-09,5,False,good,http://www.rnanews.com/ebola-sinvite-dans-les-camps-de-deplaces-en-rdc/,1
Bundibugyo Virus,"Mongbwalu Health Zone, Democratic Republic of the Congo",humans,suspected_cases,2026-08-09,5,False,good,http://www.rnanews.com/ebola-sinvite-dans-les-camps-de-deplaces-en-rdc/,1
Bundibugyo Virus,"Mongbwalu Health Zone, Democratic Republic of the Congo",humans,suspected_deaths,2026-08-09,5,False,good,http://www.rnanews.com/ebola-sinvite-dans-les-camps-de-deplaces-en-rdc/,1
Bundibugyo Virus,"Mongbwalu, Democratic Republic of the Congo",humans,confirmed_deaths,2026-08-09,5,False,good,http://www.rnanews.com/ebola-sinvite-dans-les-camps-de-deplaces-en-rdc/,1
Bundibugyo Virus,"Mongbwalu, Democratic Republic of the Congo",humans,suspected_cases,2026-08-09,5,False,good,http://www.rnanews.com/ebola-sinvite-dans-les-camps-de-deplaces-en-rdc/,1
Bundibugyo Virus,"Mongbwalu, Democratic Republic of the Congo",humans,suspected_deaths,2026-08-09,5,False,good,http://www.rnanews.com/ebola-sinvite-dans-les-camps-de-deplaces-en-rdc/,1
Bundibugyo Virus,"Multiple Displacement Camps, Democratic Republic of the Congo",humans,confirmed_cases,2026-08-06,19,False,good,https://www.miragenews.com/ebola-hits-displacement-camps-in-dr-congo-1723256/,1
Bundibugyo Virus,"Multiple Displacement Camps, Democratic Republic of the Congo",humans,confirmed_deaths,2026-08-06,5,False,good,https://www.miragenews.com/ebola-hits-displacement-camps-in-dr-congo-1723256/,1
Bundibugyo Virus,"Multiple Displacement Camps, Democratic Republic of the Congo",humans,suspected_cases,2026-08-06,19,False,good,https://www.miragenews.com/ebola-hits-displacement-camps-in-dr-congo-1723256/,1
Bundibugyo Virus,"Multiple Displacement Camps, Democratic Republic of the Congo",humans,suspected_deaths,2026-08-06,5,False,good,https://www.miragenews.com/ebola-hits-displacement-camps-in-dr-congo-1723256/,1
Bundibugyo Virus,"Multiple areas, Democratic Republic of the Congo",humans,confirmed_cases,2026-08-06,19,False,good,https://www.miragenews.com/ebola-hits-displacement-camps-in-dr-congo-1723256/,1
Bundibugyo Virus,"Multiple areas, Democratic Republic of the Congo",humans,confirmed_deaths,2026-08-06,5,False,good,https://www.miragenews.com/ebola-hits-displacement-camps-in-dr-congo-1723256/,1
Bundibugyo Virus,"Multiple areas, Democratic Republic of the Congo",humans,suspected_cases,2026-08-06,19,False,good,https://www.miragenews.com/ebola-hits-displacement-camps-in-dr-congo-1723256/,1
Bundibugyo Virus,"Multiple areas, Democratic Republic of the Congo",humans,suspected_deaths,2026-08-06,5,False,good,https://www.miragenews.com/ebola-hits-displacement-camps-in-dr-congo-1723256/,1
Bundibugyo Virus,"Multiple, Democratic Republic of the Congo",humans,confirmed_cases,2026-08-06,19,False,good,https://www.miragenews.com/ebola-hits-displacement-camps-in-dr-congo-1723256/,1
Bundibugyo Virus,"Multiple, Democratic Republic of the Congo",humans,confirmed_deaths,2026-08-06,5,False,good,https://www.miragenews.com/ebola-hits-displacement-camps-in-dr-congo-1723256/,1
Bundibugyo Virus,"Multiple, Democratic Republic of the Congo",humans,suspected_cases,2026-08-06,19,False,good,https://www.miragenews.com/ebola-hits-displacement-camps-in-dr-congo-1723256/,1
Bundibugyo Virus,"Multiple, Democratic Republic of the Congo",humans,suspected_deaths,2026-08-06,5,False,good,https://www.miragenews.com/ebola-hits-displacement-camps-in-dr-congo-1723256/,1
Bundibugyo Virus,"Nizi, Democratic Republic of the Congo",humans,confirmed_cases,2026-08-09,19,False,good,http://www.rnanews.com/ebola-sinvite-dans-les-camps-de-deplaces-en-rdc/,1
Bundibugyo Virus,"Nizi, Democratic Republic of the Congo",humans,confirmed_deaths,2026-08-09,5,False,good,http://www.rnanews.com/ebola-sinvite-dans-les-camps-de-deplaces-en-rdc/,1
Bundibugyo Virus,"Nizi, Democratic Republic of the Congo",humans,suspected_cases,2026-08-09,5,False,good,http://www.rnanews.com/ebola-sinvite-dans-les-camps-de-deplaces-en-rdc/,1
Bundibugyo Virus,"Nizi, Democratic Republic of the Congo",humans,suspected_deaths,2026-08-09,5,False,good,http://www.rnanews.com/ebola-sinvite-dans-les-camps-de-deplaces-en-rdc/,1
Bundibugyo Virus,"North Kivu Province, Democratic Republic of the Congo",humans,confirmed_deaths,2026-08-11,2011,False,good,https://fr.allafrica.com/stories/202608110526.html,1
Bundibugyo Virus,"Rwampara Health Zone, Democratic Republic of the Congo",humans,confirmed_deaths,2026-08-09,5,False,good,http://www.rnanews.com/ebola-sinvite-dans-les-camps-de-deplaces-en-rdc/,1
Bundibugyo Virus,"Rwampara Health Zone, Democratic Republic of the Congo",humans,suspected_cases,2026-08-09,5,False,good,http://www.rnanews.com/ebola-sinvite-dans-les-camps-de-deplaces-en-rdc/,1
Bundibugyo Virus,"Rwampara Health Zone, Democratic Republic of the Congo",humans,suspected_deaths,2026-08-09,5,False,good,http://www.rnanews.com/ebola-sinvite-dans-les-camps-de-deplaces-en-rdc/,1
Bundibugyo Virus,"Rwampara, Democratic Republic of the Congo",humans,confirmed_deaths,2026-08-09,5,False,good,http://www.rnanews.com/ebola-sinvite-dans-les-camps-de-deplaces-en-rdc/,1
Bundibugyo Virus,"Rwampara, Democratic Republic of the Congo",humans,suspected_cases,2026-08-09,5,False,good,http://www.rnanews.com/ebola-sinvite-dans-les-camps-de-deplaces-en-rdc/,1
Bundibugyo Virus,"Rwampara, Democratic Republic of the Congo",humans,suspected_deaths,2026-08-09,5,False,good,http://www.rnanews.com/ebola-sinvite-dans-les-camps-de-deplaces-en-rdc/,1
Bundibugyo Virus,"South Kivu Province, Democratic Republic of the Congo",humans,confirmed_cases,2026-08-06,19,False,good,https://www.miragenews.com/ebola-hits-displacement-camps-in-dr-congo-1723256/,1
Bundibugyo Virus,"South Kivu, Democratic Republic of the Congo",humans,confirmed_cases,2026-08-06,19,False,good,https://www.miragenews.com/ebola-hits-displacement-camps-in-dr-congo-1723256/,1
Bundibugyo Virus,"Tshopo Province, Democratic Republic of the Congo",humans,confirmed_cases,2026-08-05,7,False,good,https://fr.allafrica.com/stories/202608050633.html,1
Bundibugyo Virus,"Tshopo Province, Democratic Republic of the Congo",humans,confirmed_cases,2026-08-06,19,False,good,https://www.miragenews.com/ebola-hits-displacement-camps-in-dr-congo-1723256/,1
Bundibugyo Virus,"Tshopo Province, Democratic Republic of the Congo",humans,confirmed_deaths,2026-08-06,5,False,good,https://www.miragenews.com/ebola-hits-displacement-camps-in-dr-congo-1723256/,1
Bundibugyo Virus,"Tshopo Province, Democratic Republic of the Congo",humans,confirmed_deaths,2026-08-09,5,False,good,http://www.rnanews.com/ebola-sinvite-dans-les-camps-de-deplaces-en-rdc/,1
Bundibugyo Virus,"Tshopo Province, Democratic Republic of the Congo",humans,suspected_cases,2026-08-06,19,False,good,https://www.miragenews.com/ebola-hits-displacement-camps-in-dr-congo-1723256/,1
Bundibugyo Virus,"Tshopo Province, Democratic Republic of the Congo",humans,suspected_cases,2026-08-09,5,True,monotonicity,http://www.rnanews.com/ebola-sinvite-dans-les-camps-de-deplaces-en-rdc/,1
Bundibugyo Virus,"Tshopo Province, Democratic Republic of the Congo",humans,suspected_deaths,2026-08-09,5,False,good,http://www.rnanews.com/ebola-sinvite-dans-les-camps-de-deplaces-en-rdc/,1
Bundibugyo Virus,Uganda,humans,confirmed_cases,2026-08-01,20,False,good,https://www.kotaradio.com/2026/08/01/bipartisan-pair-of-senators-urge-rubio-to-release-aid-to-african-women-children-at-risk-of-ebola/,1
Bundibugyo Virus,Uganda,humans,confirmed_cases,2026-08-03,20,False,good,https://www.wsws.org/en/articles/2026/08/03/qoit-a03.html,1
Bundibugyo Virus,Uganda,humans,confirmed_cases,2026-08-04,20,False,good,https://www.medicaldaily.com/who-drc-bundibugyo-ebola-largest-outbreak-ever-recorded-august-2026-476799,1
Bundibugyo Virus,Uganda,humans,confirmed_cases,2026-08-09,19,False,good,https://www.denik.cz/svet/ebola-kongo-nejrychlejsi-sireni-epidemie-mutace/,1
Bundibugyo Virus,Uganda,humans,confirmed_cases,2026-08-17,20,False,good,https://www.estrelladigital.es/articulo/mundo/brote-ebola-rdc-es-mas-mortifero-historia-2325-muertos/20260817151433449975.html,1
Bundibugyo Virus,Uganda,humans,confirmed_deaths,2026-08-03,2,False,good,https://www.wsws.org/en/articles/2026/08/03/qoit-a03.html,1
Bundibugyo Virus,Uganda,humans,confirmed_deaths,2026-08-04,2,False,good,https://www.medicaldaily.com/who-drc-bundibugyo-ebola-largest-outbreak-ever-recorded-august-2026-476799,1
Bundibugyo Virus,Uganda,humans,confirmed_deaths,2026-08-09,1,True,monotonicity,https://www.denik.cz/svet/ebola-kongo-nejrychlejsi-sireni-epidemie-mutace/,1
Bundibugyo Virus,Uganda,humans,confirmed_deaths,2026-08-17,2,False,good,https://www.estrelladigital.es/articulo/mundo/brote-ebola-rdc-es-mas-mortifero-historia-2325-muertos/20260817151433449975.html,1
Bundibugyo Virus,Uganda,humans,suspected_deaths,2026-08-03,2,False,good,https://www.wsws.org/en/articles/2026/08/03/qoit-a03.html,1
Bundibugyo Virus,Uganda,humans,suspected_deaths,2026-08-04,2,False,good,https://www.medicaldaily.com/who-drc-bundibugyo-ebola-largest-outbreak-ever-recorded-august-2026-476799,1
Andes Virus,"Cruise Ship, United States",humans,confirmed_deaths,2026-08-06,3,False,good,https://www.virginislandsdailynews.com/the-ordeal-of-a-42-day-hantavirus-quarantine-i-felt-like-a-prisoner/article_1b5b935b-729a-4ae5-b4e6-64ca714234e6.html,1
an unspecified Hantavirus,"Aysén Region, Chile",humans,confirmed_cases,2026-07-30,46,False,good,https://www.lasprovincias.es/internacional/america-latina/chile-declara-primera-vez-alerta-sanitaria-hantavirus-20260729165615-nt.html,1
an unspecified Hantavirus,"Aysén Region, Chile",humans,confirmed_cases,2026-08-03,2,True,monotonicity,https://elpinguino.com/noticia/2026/08/03/dos-casos-de-hantavirus-en-coyhaique-mujer-de-62-anos-se-mantiene-grave,1
an unspecified Hantavirus,"Aysén Region, Chile",humans,confirmed_cases,2026-08-05,5,True,monotonicity,http://www.eldivisadero.cl/_noticia/-Seremi-de-Salud-llama-a-reforzar-autocuidado-tras-confirmar-Hantavirus-en-pacientes-trasladadas/ODM3NjE=,1
an unspecified Hantavirus,"Aysén Region, Chile",humans,suspected_cases,2026-08-04,2,False,good,https://www.biobiochile.cl/noticias/nacional/chile/2026/08/04/trasladan-desde-aysen-al-bio-bio-a-abuela-y-nieta-con-sospecha-de-hantavirus.shtml,1
an unspecified Hantavirus,"Aysén Region, Chile",humans,suspected_cases,2026-08-05,5,False,good,http://www.eldivisadero.cl/_noticia/-Seremi-de-Salud-llama-a-reforzar-autocuidado-tras-confirmar-Hantavirus-en-pacientes-trasladadas/ODM3NjE=,1
an unspecified Hantavirus,Chile,humans,confirmed_cases,2026-07-28,46,False,good,https://www.diarioelcentro.cl/2026/07/28/minsal-activa-alerta-sanitaria-por-hantavirus-desde-la-region-de-atacama-a-magallanes/,1
an unspecified Hantavirus,Chile,humans,confirmed_cases,2026-07-29,46,False,good,https://www.cadena3.com/noticia/mundo/chile-emite-alerta-sanitaria-por-aumento-de-letalidad-del-hantavirus-en-todo-el-pais_578182; https://www.calibre800.com/2026/07/28/chile-activa-alerta-sanitaria-por-hantavirus-en-gran-parte-del-pais-ante-aumento-de-casos-y-muertes/,2
an unspecified Hantavirus,Chile,humans,confirmed_cases,2026-07-30,46,False,good,https://www.lasprovincias.es/internacional/america-latina/chile-declara-primera-vez-alerta-sanitaria-hantavirus-20260729165615-nt.html; https://www.tgrthaber.com/saglik/hantavirus-tehlikesi-surerken-yeni-vakalar-ortaya-cikti-silide-2027ye-kadar-kirmizi-a-3350508,2
an unspecified Hantavirus,Chile,humans,confirmed_cases,2026-08-01,46,False,good,https://www.elmostrador.cl/agenda-pais/vida-en-linea/2026/08/01/especialista-llaman-a-reforzar-el-diagnostico-precoz-ante-aumento-de-la-letalidad-por-virus-hanta/,1
an unspecified Hantavirus,Chile,humans,confirmed_cases,2026-08-05,5,True,monotonicity,http://www.eldivisadero.cl/_noticia/-Seremi-de-Salud-llama-a-reforzar-autocuidado-tras-confirmar-Hantavirus-en-pacientes-trasladadas/ODM3NjE=,1
an unspecified Hantavirus,Chile,humans,suspected_cases,2026-07-29,46,False,good,https://www.cadena3.com/noticia/mundo/chile-emite-alerta-sanitaria-por-aumento-de-letalidad-del-hantavirus-en-todo-el-pais_578182,1
an unspecified Hantavirus,Chile,humans,suspected_cases,2026-08-05,5,True,monotonicity,http://www.eldivisadero.cl/_noticia/-Seremi-de-Salud-llama-a-reforzar-autocuidado-tras-confirmar-Hantavirus-en-pacientes-trasladadas/ODM3NjE=,1
an unspecified Hantavirus,Chile,rodents,suspected_cases,2026-08-05,5,False,good,http://www.eldivisadero.cl/_noticia/-Seremi-de-Salud-llama-a-reforzar-autocuidado-tras-confirmar-Hantavirus-en-pacientes-trasladadas/ODM3NjE=,1
an unspecified Hantavirus,Chile Chico,humans,suspected_cases,2026-08-04,2,False,good,https://www.biobiochile.cl/noticias/nacional/chile/2026/08/04/trasladan-desde-aysen-al-bio-bio-a-abuela-y-nieta-con-sospecha-de-hantavirus.shtml,1
an unspecified Hantavirus,"Chile Chico, Chile",humans,suspected_cases,2026-08-04,2,False,good,https://www.biobiochile.cl/noticias/nacional/chile/2026/08/04/trasladan-desde-aysen-al-bio-bio-a-abuela-y-nieta-con-sospecha-de-hantavirus.shtml,1
an unspecified Hantavirus,"Concepción, Chile",humans,suspected_cases,2026-08-05,2,False,good,http://www.eldivisadero.cl/_noticia/-Seremi-de-Salud-llama-a-reforzar-autocuidado-tras-confirmar-Hantavirus-en-pacientes-trasladadas/ODM3NjE=,1
an unspecified Hantavirus,"Cruise Ship, Spain",humans,confirmed_deaths,2026-08-06,3,False,good,https://www.otempo.com.br/saude-e-bem-estar/2026/8/6/franca-registra-novo-caso-de-hantavirus-4-meses-apos-surto-registrado-no-navio-de-cruzeiro,1
an unspecified Hantavirus,"Cruise Ship, United Kingdom",humans,confirmed_cases,2026-08-06,3,False,good,https://www.virginislandsdailynews.com/the-ordeal-of-a-42-day-hantavirus-quarantine-i-felt-like-a-prisoner/article_1b5b935b-729a-4ae5-b4e6-64ca714234e6.html,1
an unspecified Hantavirus,"Cruise Ship, United Kingdom",humans,confirmed_deaths,2026-08-06,3,False,good,https://www.virginislandsdailynews.com/the-ordeal-of-a-42-day-hantavirus-quarantine-i-felt-like-a-prisoner/article_1b5b935b-729a-4ae5-b4e6-64ca714234e6.html,1
an unspecified Hantavirus,"Europe, Spain",humans,confirmed_cases,2026-08-06,13,False,good,https://www.channelnewsasia.com/world/hantavirus-spain-france-tourist-health-ministry-6304581,1
an unspecified Hantavirus,"Europe, Spain",humans,confirmed_deaths,2026-08-06,3,False,good,https://www.channelnewsasia.com/world/hantavirus-spain-france-tourist-health-ministry-6304581; https://www.vozpopuli.com/espana/localizan-un-nuevo-caso-de-hantavirus-en-espana-un-ciudadano-frances-permanece-aislado-junto-a-sus-familiares.html,2
an unspecified Hantavirus,France,humans,confirmed_cases,2026-08-07,1,False,good,http://thepeninsulaqatar.com/article/07/08/2026/france-recommends-home-isolation-for-close-contacts-of-hantavirus-case-risk-low; https://www.bssnews.net/international/412526,2
an unspecified Hantavirus,"Guadal, Chile",humans,suspected_cases,2026-08-04,2,False,good,https://www.biobiochile.cl/noticias/nacional/chile/2026/08/04/trasladan-desde-aysen-al-bio-bio-a-abuela-y-nieta-con-sospecha-de-hantavirus.shtml,1
an unspecified Hantavirus,"MV Hondius Cruise Ship, France",humans,confirmed_cases,2026-08-06,13,False,good,https://www.otempo.com.br/saude-e-bem-estar/2026/8/6/franca-registra-novo-caso-de-hantavirus-4-meses-apos-surto-registrado-no-navio-de-cruzeiro,1
an unspecified Hantavirus,"MV Hondius Cruise Ship, France",humans,confirmed_deaths,2026-08-06,3,False,good,https://www.otempo.com.br/saude-e-bem-estar/2026/8/6/franca-registra-novo-caso-de-hantavirus-4-meses-apos-surto-registrado-no-navio-de-cruzeiro,1
an unspecified Hantavirus,"MV Hondius Cruise Ship, Spain",humans,confirmed_cases,2026-08-06,13,False,good,https://www.channelnewsasia.com/world/hantavirus-spain-france-tourist-health-ministry-6304581,1
an unspecified Hantavirus,"MV Hondius Cruise Ship, Spain",humans,confirmed_deaths,2026-08-06,3,False,good,https://www.otempo.com.br/saude-e-bem-estar/2026/8/6/franca-registra-novo-caso-de-hantavirus-4-meses-apos-surto-registrado-no-navio-de-cruzeiro,1
an unspecified Hantavirus,"MV Hondius, Argentina",humans,confirmed_cases,2026-08-06,13,False,good,https://jornaldebrasilia.com.br/noticias/mundo/franca-anuncia-caso-de-hantavirus-da-cepa-andes-em-turista-franco-argentino/,1
an unspecified Hantavirus,"MV Hondius, Argentina",humans,suspected_cases,2026-08-06,13,False,good,https://jornaldebrasilia.com.br/noticias/mundo/franca-anuncia-caso-de-hantavirus-da-cepa-andes-em-turista-franco-argentino/,1
an unspecified Hantavirus,"MV Hondius, France",humans,confirmed_cases,2026-08-06,13,False,good,https://www.otempo.com.br/saude-e-bem-estar/2026/8/6/franca-registra-novo-caso-de-hantavirus-4-meses-apos-surto-registrado-no-navio-de-cruzeiro,1
an unspecified Hantavirus,"MV Hondius, France",humans,confirmed_deaths,2026-08-06,3,False,good,https://www.otempo.com.br/saude-e-bem-estar/2026/8/6/franca-registra-novo-caso-de-hantavirus-4-meses-apos-surto-registrado-no-navio-de-cruzeiro,1
an unspecified Hantavirus,"MV Hondius, Spain",humans,confirmed_cases,2026-08-06,13,False,good,https://www.channelnewsasia.com/world/hantavirus-spain-france-tourist-health-ministry-6304581,1
an unspecified Hantavirus,"MW Hondius Cruise Ship, Netherlands",humans,confirmed_cases,2026-08-07,13,False,good,https://ujszo.com/kulfold/hantavirus-franciaorszagi-tartozkodast-kovetoen-pozitiv-lett-egy-turista-virustesztje,1
an unspecified Hantavirus,"MW Hondius Cruise Ship, Netherlands",humans,confirmed_deaths,2026-08-07,3,False,good,https://ujszo.com/kulfold/hantavirus-franciaorszagi-tartozkodast-kovetoen-pozitiv-lett-egy-turista-virustesztje,1
Lassa Virus,"Edo State, Nigeria",humans,confirmed_deaths,2026-08-11,6,False,good,https://aa.com.tr/en/africa/nigeria-records-1-000-lassa-fever-cases-237-deaths-in-2026/4024159,1
Lassa Virus,"Edo, Nigeria",humans,confirmed_deaths,2026-08-11,6,False,good,https://aa.com.tr/en/africa/nigeria-records-1-000-lassa-fever-cases-237-deaths-in-2026/4024159,1
Lassa Virus,"Federal University Of Health Sciences, Nigeria",humans,suspected_cases,2026-08-10,392,False,good,https://thesun.ng/from-building-to-breakthroughs/,1
Lassa Virus,"Federal University Of Health Sciences, Nigeria",rodents,suspected_cases,2026-08-10,392,False,good,https://thesun.ng/from-building-to-breakthroughs/,1
Lassa Virus,"Multiple State, Nigeria",humans,confirmed_cases,2026-08-10,1000,False,good,https://tribuneonlineng.com/nigeria-records-237-lassa-fever-deaths-from-1000-confirmed-cases-in-2026-ncdc/,1
Lassa Virus,"Multiple State, Nigeria",humans,confirmed_cases,2026-08-11,1000,False,good,https://allafrica.com/stories/202608110119.html,1
Lassa Virus,"Multiple State, Nigeria",humans,confirmed_deaths,2026-08-10,237,False,good,https://tribuneonlineng.com/nigeria-records-237-lassa-fever-deaths-from-1000-confirmed-cases-in-2026-ncdc/,1
Lassa Virus,"Multiple State, Nigeria",humans,confirmed_deaths,2026-08-11,237,False,good,https://allafrica.com/stories/202608110119.html,1
Lassa Virus,"Multiple State, Nigeria",humans,suspected_cases,2026-08-10,6960,False,good,https://tribuneonlineng.com/nigeria-records-237-lassa-fever-deaths-from-1000-confirmed-cases-in-2026-ncdc/,1
Lassa Virus,"Multiple State, Nigeria",humans,suspected_deaths,2026-08-10,237,False,good,https://tribuneonlineng.com/nigeria-records-237-lassa-fever-deaths-from-1000-confirmed-cases-in-2026-ncdc/,1
Lassa Virus,"Multiple State, Nigeria",humans,suspected_deaths,2026-08-11,237,False,good,https://allafrica.com/stories/202608110119.html,1
Lassa Virus,"Multiple areas, Nigeria",humans,confirmed_cases,2026-07-25,963,False,good,https://thenationonlineng.net/lassa-fever-cases-climb-as-ncdc-records-39-infections-seven-deaths-in-two-weeks/,1
Lassa Virus,"Multiple areas, Nigeria",humans,confirmed_cases,2026-08-10,1000,False,good,https://tribuneonlineng.com/nigeria-records-237-lassa-fever-deaths-from-1000-confirmed-cases-in-2026-ncdc/,1
Lassa Virus,"Multiple areas, Nigeria",humans,confirmed_cases,2026-08-11,1000,False,good,https://allafrica.com/stories/202608110119.html,1
Lassa Virus,"Multiple areas, Nigeria",humans,confirmed_deaths,2026-08-10,237,False,good,https://tribuneonlineng.com/nigeria-records-237-lassa-fever-deaths-from-1000-confirmed-cases-in-2026-ncdc/,1
Lassa Virus,"Multiple areas, Nigeria",humans,confirmed_deaths,2026-08-11,237,False,good,https://allafrica.com/stories/202608110119.html,1
Lassa Virus,"Multiple areas, Nigeria",humans,suspected_deaths,2026-07-25,229,False,good,https://thenationonlineng.net/lassa-fever-cases-climb-as-ncdc-records-39-infections-seven-deaths-in-two-weeks/,1
Lassa Virus,"Multiple areas, Nigeria",humans,suspected_deaths,2026-08-10,237,False,good,https://tribuneonlineng.com/nigeria-records-237-lassa-fever-deaths-from-1000-confirmed-cases-in-2026-ncdc/,1
Lassa Virus,"Multiple areas, Nigeria",humans,suspected_deaths,2026-08-11,237,False,good,https://allafrica.com/stories/202608110119.html,1
Lassa Virus,"Multiple states, Nigeria",humans,confirmed_cases,2026-07-25,963,False,good,https://thenationonlineng.net/lassa-fever-cases-climb-as-ncdc-records-39-infections-seven-deaths-in-two-weeks/,1
Lassa Virus,"Multiple states, Nigeria",humans,confirmed_cases,2026-08-10,1000,False,good,https://tribuneonlineng.com/nigeria-records-237-lassa-fever-deaths-from-1000-confirmed-cases-in-2026-ncdc/,1
Lassa Virus,"Multiple states, Nigeria",humans,confirmed_deaths,2026-08-10,237,False,good,https://tribuneonlineng.com/nigeria-records-237-lassa-fever-deaths-from-1000-confirmed-cases-in-2026-ncdc/,1
Lassa Virus,"Multiple states, Nigeria",humans,suspected_deaths,2026-08-10,237,False,good,https://tribuneonlineng.com/nigeria-records-237-lassa-fever-deaths-from-1000-confirmed-cases-in-2026-ncdc/,1
Lassa Virus,"Multiple, Nigeria",humans,confirmed_cases,2026-07-25,963,False,good,https://thenationonlineng.net/lassa-fever-cases-climb-as-ncdc-records-39-infections-seven-deaths-in-two-weeks/,1
Lassa Virus,"Multiple, Nigeria",humans,confirmed_cases,2026-08-10,1000,False,good,https://tribuneonlineng.com/nigeria-records-237-lassa-fever-deaths-from-1000-confirmed-cases-in-2026-ncdc/,1
Lassa Virus,"Multiple, Nigeria",humans,confirmed_cases,2026-08-11,1000,False,good,https://allafrica.com/stories/202608110119.html,1
Lassa Virus,"Multiple, Nigeria",humans,confirmed_deaths,2026-08-10,237,False,good,https://tribuneonlineng.com/nigeria-records-237-lassa-fever-deaths-from-1000-confirmed-cases-in-2026-ncdc/,1
Lassa Virus,"Multiple, Nigeria",humans,confirmed_deaths,2026-08-11,237,False,good,https://allafrica.com/stories/202608110119.html,1
Lassa Virus,"Multiple, Nigeria",humans,suspected_cases,2026-07-25,216,False,good,https://thenationonlineng.net/lassa-fever-cases-climb-as-ncdc-records-39-infections-seven-deaths-in-two-weeks/,1
Lassa Virus,"Multiple, Nigeria",humans,suspected_cases,2026-08-10,6960,False,good,https://tribuneonlineng.com/nigeria-records-237-lassa-fever-deaths-from-1000-confirmed-cases-in-2026-ncdc/,1
Lassa Virus,"Multiple, Nigeria",humans,suspected_deaths,2026-07-25,229,False,good,https://thenationonlineng.net/lassa-fever-cases-climb-as-ncdc-records-39-infections-seven-deaths-in-two-weeks/,1
Lassa Virus,"Multiple, Nigeria",humans,suspected_deaths,2026-08-10,237,False,good,https://tribuneonlineng.com/nigeria-records-237-lassa-fever-deaths-from-1000-confirmed-cases-in-2026-ncdc/,1
Lassa Virus,"Multiple, Nigeria",humans,suspected_deaths,2026-08-11,237,False,good,https://allafrica.com/stories/202608110119.html,1
Lassa Virus,Nigeria,Mastomys natalensis,suspected_cases,2026-08-10,392,False,good,https://thesun.ng/from-building-to-breakthroughs/,1
Lassa Virus,Nigeria,humans,confirmed_cases,2026-07-25,963,False,good,https://punchng.com/ncdc-records-rise-in-lassa-fever-cases-as-death-toll-hits-229/,1
Lassa Virus,Nigeria,humans,confirmed_cases,2026-08-10,1000,False,good,https://tribuneonlineng.com/nigeria-records-237-lassa-fever-deaths-from-1000-confirmed-cases-in-2026-ncdc/,1
Lassa Virus,Nigeria,humans,confirmed_cases,2026-08-11,1000,False,good,https://aa.com.tr/en/africa/nigeria-records-1-000-lassa-fever-cases-237-deaths-in-2026/4024159; https://allafrica.com/stories/202608110090.html; https://allafrica.com/stories/202608110119.html,3
Lassa Virus,Nigeria,humans,confirmed_deaths,2026-07-25,229,False,good,https://punchng.com/ncdc-records-rise-in-lassa-fever-cases-as-death-toll-hits-229/,1
Lassa Virus,Nigeria,humans,confirmed_deaths,2026-07-25,7,True,chi-sq,https://thenationonlineng.net/lassa-fever-cases-climb-as-ncdc-records-39-infections-seven-deaths-in-two-weeks/,1
Lassa Virus,Nigeria,humans,confirmed_deaths,2026-08-10,237,False,good,https://tribuneonlineng.com/nigeria-records-237-lassa-fever-deaths-from-1000-confirmed-cases-in-2026-ncdc/,1
Lassa Virus,Nigeria,humans,confirmed_deaths,2026-08-11,237,False,good,https://aa.com.tr/en/africa/nigeria-records-1-000-lassa-fever-cases-237-deaths-in-2026/4024159; https://allafrica.com/stories/202608110090.html; https://allafrica.com/stories/202608110119.html,3
Lassa Virus,Nigeria,humans,suspected_cases,2026-08-10,392,False,good,https://thesun.ng/from-building-to-breakthroughs/,1
Lassa Virus,Nigeria,humans,suspected_cases,2026-08-10,6960,False,good,https://tribuneonlineng.com/nigeria-records-237-lassa-fever-deaths-from-1000-confirmed-cases-in-2026-ncdc/,1
Lassa Virus,Nigeria,humans,suspected_cases,2026-08-11,1000,True,monotonicity,https://aa.com.tr/en/africa/nigeria-records-1-000-lassa-fever-cases-237-deaths-in-2026/4024159,1
Lassa Virus,Nigeria,humans,suspected_deaths,2026-08-10,237,False,good,https://tribuneonlineng.com/nigeria-records-237-lassa-fever-deaths-from-1000-confirmed-cases-in-2026-ncdc/,1
Lassa Virus,Nigeria,rodents,suspected_cases,2026-08-10,392,False,good,https://thesun.ng/from-building-to-breakthroughs/,1
Lassa Virus,Nigeria,rodents,suspected_deaths,2026-08-10,392,False,good,https://thesun.ng/from-building-to-breakthroughs/,1
Lassa Virus,"Ondo State, Nigeria",humans,confirmed_deaths,2026-08-11,6,False,good,https://aa.com.tr/en/africa/nigeria-records-1-000-lassa-fever-cases-237-deaths-in-2026/4024159,1
Lassa Virus,"Ondo, Nigeria",humans,confirmed_deaths,2026-08-11,6,False,good,https://aa.com.tr/en/africa/nigeria-records-1-000-lassa-fever-cases-237-deaths-in-2026/4024159,1
Lassa Virus,Uganda,humans,confirmed_cases,2026-08-13,20,False,good,https://www.nursinginpractice.com/clinical/vaccination-and-infection/ebola-frontline-nurse-reflects-on-challenges-relief-and-joy-during-response-in-drc/,1
Lassa Virus,Uganda,humans,confirmed_deaths,2026-08-13,2,False,good,https://www.nursinginpractice.com/clinical/vaccination-and-infection/ebola-frontline-nurse-reflects-on-challenges-relief-and-joy-during-response-in-drc/,1
Lassa Virus,"West Africa, Nigeria",humans,confirmed_cases,2026-08-11,1000,False,good,https://allafrica.com/stories/202608110119.html,1
Lassa Virus,"West Africa, Nigeria",humans,confirmed_deaths,2026-08-11,237,False,good,https://allafrica.com/stories/202608110119.html,1
Lassa Virus,"West Africa, Nigeria",rodents,confirmed_cases,2026-08-11,1000,False,good,https://allafrica.com/stories/202608110119.html,1
Crimean-Congo Hemorrhagic Fever Virus,"Europe, Spain",humans,confirmed_cases,2026-08-16,3,False,good,"https://naukawpolsce.pl/aktualnosci/news,114390,w-hiszpanii-trzeci-w-tym-roku-przypadek-krymsko-kongijskiej-goraczki",1
Crimean-Congo Hemorrhagic Fever Virus,"Europe, Spain",humans,confirmed_deaths,2026-08-16,1,False,good,"https://naukawpolsce.pl/aktualnosci/news,114390,w-hiszpanii-trzeci-w-tym-roku-przypadek-krymsko-kongijskiej-goraczki",1
Crimean-Congo Hemorrhagic Fever Virus,"Europe, Spain",humans,suspected_cases,2026-08-16,3,False,good,"https://naukawpolsce.pl/aktualnosci/news,114390,w-hiszpanii-trzeci-w-tym-roku-przypadek-krymsko-kongijskiej-goraczki",1
Crimean-Congo Hemorrhagic Fever Virus,"Europe, Spain",humans,suspected_deaths,2026-08-16,1,False,good,"https://naukawpolsce.pl/aktualnosci/news,114390,w-hiszpanii-trzeci-w-tym-roku-przypadek-krymsko-kongijskiej-goraczki",1
Crimean-Congo Hemorrhagic Fever Virus,Spain,humans,confirmed_cases,2026-08-16,3,False,good,"https://naukawpolsce.pl/aktualnosci/news,114390,w-hiszpanii-trzeci-w-tym-roku-przypadek-krymsko-kongijskiej-goraczki",1
Crimean-Congo Hemorrhagic Fever Virus,Spain,humans,confirmed_deaths,2026-08-16,1,False,good,"https://naukawpolsce.pl/aktualnosci/news,114390,w-hiszpanii-trzeci-w-tym-roku-przypadek-krymsko-kongijskiej-goraczki",1
Crimean-Congo Hemorrhagic Fever Virus,Spain,humans,suspected_cases,2026-08-16,3,False,good,"https://naukawpolsce.pl/aktualnosci/news,114390,w-hiszpanii-trzeci-w-tym-roku-przypadek-krymsko-kongijskiej-goraczki",1
Yellow Fever Virus,"Amazon, Brazil",humans,confirmed_cases,2026-08-18,740,False,good,https://www.wfae.org/science-environment/2026-08-17/how-extreme-weather-could-help-predict-disease-outbreaks,1
Yellow Fever Virus,"Amazon, Brazil",humans,confirmed_deaths,2026-08-18,740,False,good,https://www.wfae.org/science-environment/2026-08-17/how-extreme-weather-could-help-predict-disease-outbreaks,1
Yellow Fever Virus,Brazil,humans,confirmed_cases,2026-08-18,740,False,good,https://www.wfae.org/science-environment/2026-08-17/how-extreme-weather-could-help-predict-disease-outbreaks,1
Yellow Fever Virus,Brazil,humans,confirmed_deaths,2026-08-18,740,False,good,https://www.wfae.org/science-environment/2026-08-17/how-extreme-weather-could-help-predict-disease-outbreaks,1
Yellow Fever Virus,Brazil,monkeys,suspected_cases,2026-08-14,2000,False,good,https://www.sciencenews.org/article/drought-yellow-fever-outbreak-brazil,1
Yellow Fever Virus,"Ceará, Brazil",humans,confirmed_cases,2026-08-18,8,False,good,https://g1.globo.com/ce/ceara/noticia/2026/08/18/dia-d-da-multivacinacao-ceara-atualiza-caderneta-de-menores-de-15-anos-neste-sabado-22.ghtml,1
Yellow Fever Virus,Southeastern Europe,birds,confirmed_cases,2026-08-15,76,False,good,https://www.telepolis.de/article/West-Nil-Virus-in-Deutschland-Warum-heimische-Muecken-jetzt-Uebertraeger-werden-11412900.html,1
Yellow Fever Virus,Southeastern Europe,birds,suspected_cases,2026-08-15,76,False,good,https://www.telepolis.de/article/West-Nil-Virus-in-Deutschland-Warum-heimische-Muecken-jetzt-Uebertraeger-werden-11412900.html,1
Yellow Fever Virus,Southeastern Europe,birds,suspected_deaths,2026-08-15,76,False,good,https://www.telepolis.de/article/West-Nil-Virus-in-Deutschland-Warum-heimische-Muecken-jetzt-Uebertraeger-werden-11412900.html,1
Yellow Fever Virus,Southeastern Europe,horses,confirmed_cases,2026-08-15,36,False,good,https://www.telepolis.de/article/West-Nil-Virus-in-Deutschland-Warum-heimische-Muecken-jetzt-Uebertraeger-werden-11412900.html,1
Yellow Fever Virus,Southeastern Europe,horses,suspected_cases,2026-08-15,36,False,good,https://www.telepolis.de/article/West-Nil-Virus-in-Deutschland-Warum-heimische-Muecken-jetzt-Uebertraeger-werden-11412900.html,1
Yellow Fever Virus,Southeastern Europe,horses,suspected_deaths,2026-08-15,36,False,good,https://www.telepolis.de/article/West-Nil-Virus-in-Deutschland-Warum-heimische-Muecken-jetzt-Uebertraeger-werden-11412900.html,1
Yellow Fever Virus,Southern Europe,birds,confirmed_cases,2026-08-15,76,False,good,https://www.telepolis.de/article/West-Nil-Virus-in-Deutschland-Warum-heimische-Muecken-jetzt-Uebertraeger-werden-11412900.html,1
Yellow Fever Virus,Southern Europe,birds,suspected_cases,2026-08-15,76,False,good,https://www.telepolis.de/article/West-Nil-Virus-in-Deutschland-Warum-heimische-Muecken-jetzt-Uebertraeger-werden-11412900.html,1
Yellow Fever Virus,Southern Europe,birds,suspected_deaths,2026-08-15,76,False,good,https://www.telepolis.de/article/West-Nil-Virus-in-Deutschland-Warum-heimische-Muecken-jetzt-Uebertraeger-werden-11412900.html,1
Yellow Fever Virus,Southern Europe,horses,confirmed_cases,2026-08-15,36,False,good,https://www.telepolis.de/article/West-Nil-Virus-in-Deutschland-Warum-heimische-Muecken-jetzt-Uebertraeger-werden-11412900.html,1
Yellow Fever Virus,Southern Europe,horses,confirmed_deaths,2026-08-15,36,False,good,https://www.telepolis.de/article/West-Nil-Virus-in-Deutschland-Warum-heimische-Muecken-jetzt-Uebertraeger-werden-11412900.html,1
Yellow Fever Virus,Southern Europe,horses,suspected_cases,2026-08-15,36,False,good,https://www.telepolis.de/article/West-Nil-Virus-in-Deutschland-Warum-heimische-Muecken-jetzt-Uebertraeger-werden-11412900.html,1
Yellow Fever Virus,"Urban Areas, Brazil",humans,confirmed_cases,2026-08-18,740,False,good,https://www.wfae.org/science-environment/2026-08-17/how-extreme-weather-could-help-predict-disease-outbreaks,1
Yellow Fever Virus,"Urban Areas, Brazil",humans,confirmed_deaths,2026-08-18,740,False,good,https://www.wfae.org/science-environment/2026-08-17/how-extreme-weather-could-help-predict-disease-outbreaks,1
Dengue Virus (Hemorrhagic),"Kediri City, Indonesia",humans,confirmed_cases,2026-08-05,21,False,good,https://regional.kompas.com/read/2026/08/05/110724678/kasus-dbd-di-kediri-turun-drastis-diduga-dipengaruhi-cuaca-dan-psn,1
Dengue Virus (Hemorrhagic),"Kediri Regency, Indonesia",humans,confirmed_cases,2026-08-05,156,False,good,https://regional.kompas.com/read/2026/08/05/110724678/kasus-dbd-di-kediri-turun-drastis-diduga-dipengaruhi-cuaca-dan-psn,1
Dengue Virus (Hemorrhagic),"Kediri Regency, Indonesia",humans,suspected_cases,2026-08-05,156,False,good,https://regional.kompas.com/read/2026/08/05/110724678/kasus-dbd-di-kediri-turun-drastis-diduga-dipengaruhi-cuaca-dan-psn,1
Dengue Virus (Hemorrhagic),Malaysia,humans,confirmed_cases,2026-08-13,55855,False,good,https://asianews.network/experts-in-malaysia-warn-of-dengue-spike-amid-el-nino-as-cases-surpass-2025-total/,1
Dengue Virus (Hemorrhagic),Malaysia,humans,suspected_cases,2026-08-13,55855,False,good,https://asianews.network/experts-in-malaysia-warn-of-dengue-spike-amid-el-nino-as-cases-surpass-2025-total/,1
Dengue Virus (Hemorrhagic),"Natuna Regency, Indonesia",humans,confirmed_cases,2026-08-13,28,False,good,https://batam.tribunnews.com/natuna/692681/kasus-dbd-di-natuna-meningkat-dalam-2-bulan-dinkes-catat-28-kasus-demam-berdarah,1
Dengue Virus (Hemorrhagic),"Natuna Regency, Indonesia",humans,suspected_cases,2026-08-13,28,False,good,https://batam.tribunnews.com/natuna/692681/kasus-dbd-di-natuna-meningkat-dalam-2-bulan-dinkes-catat-28-kasus-demam-berdarah,1
Dengue Virus (Hemorrhagic),"Natuna, Indonesia",humans,confirmed_cases,2026-08-13,28,False,good,https://batam.tribunnews.com/natuna/692681/kasus-dbd-di-natuna-meningkat-dalam-2-bulan-dinkes-catat-28-kasus-demam-berdarah,1
Dengue Virus (Hemorrhagic),"Natuna, Indonesia",humans,suspected_cases,2026-08-13,28,False,good,https://batam.tribunnews.com/natuna/692681/kasus-dbd-di-natuna-meningkat-dalam-2-bulan-dinkes-catat-28-kasus-demam-berdarah,1
Dengue Virus (Hemorrhagic),"Pontianak City, Indonesia",humans,confirmed_cases,2026-08-18,41,False,good,https://pontianak.tribunnews.com/metropolis/1183130/kasus-dbd-di-pontianak-capai-41-kasus-hingga-agustus-2026-dinkes-ungkap-penyebabnya,1
Dengue Virus (Hemorrhagic),"Pontianak City, Indonesia",humans,suspected_cases,2026-08-18,41,False,good,https://pontianak.tribunnews.com/metropolis/1183130/kasus-dbd-di-pontianak-capai-41-kasus-hingga-agustus-2026-dinkes-ungkap-penyebabnya,1
Dengue Virus (Hemorrhagic),"Ranai City, Indonesia",humans,confirmed_cases,2026-08-13,10,False,good,https://batam.tribunnews.com/natuna/692681/kasus-dbd-di-natuna-meningkat-dalam-2-bulan-dinkes-catat-28-kasus-demam-berdarah,1
Dengue Virus (Hemorrhagic),"Ranai City, Indonesia",humans,suspected_cases,2026-08-13,10,False,good,https://batam.tribunnews.com/natuna/692681/kasus-dbd-di-natuna-meningkat-dalam-2-bulan-dinkes-catat-28-kasus-demam-berdarah,1
Dengue Virus (Hemorrhagic),Sri Lanka,humans,confirmed_cases,2026-07-31,77000,False,good,https://www.tamilguardian.com/index.php/content/sri-lanka-deploys-drones-and-troops-dengue-pushes-hospitals-breaking-point,1
Dengue Virus (Hemorrhagic),Sri Lanka,humans,confirmed_cases,2026-08-06,88000,False,good,https://www.lankanewspapers.com/2026/08/06/sri-lanka-s-dengue-crisis-deepens-as-cases-surpass-88-000-in-2026,1
Dengue Virus (Hemorrhagic),Sri Lanka,humans,confirmed_cases,2026-08-15,91346,False,good,https://www.lankanewspapers.com/2026/08/15/sri-lanka-s-dengue-crisis-deepens-as-cases-surpass-91-000-mark,1
Dengue Virus (Hemorrhagic),Sri Lanka,humans,confirmed_deaths,2026-07-31,56,False,good,https://www.tamilguardian.com/index.php/content/sri-lanka-deploys-drones-and-troops-dengue-pushes-hospitals-breaking-point,1
Dengue Virus (Hemorrhagic),Sri Lanka,humans,confirmed_deaths,2026-08-15,68,False,good,https://www.lankanewspapers.com/2026/08/15/sri-lanka-s-dengue-crisis-deepens-as-cases-surpass-91-000-mark,1
Mpox,"Cabinda Province, Angola",humans,confirmed_cases,2026-08-05,109,False,good,https://allafrica.com/stories/202608050063.html,1
Mpox,"Cabinda Province, Angola",humans,suspected_cases,2026-08-05,24,False,good,https://allafrica.com/stories/202608050063.html,1
Mpox,Democratic Republic of the Congo,humans,confirmed_cases,2026-08-05,109,False,good,https://allafrica.com/stories/202608050063.html,1
Mpox,Democratic Republic of the Congo,humans,suspected_cases,2026-08-05,24,False,good,https://allafrica.com/stories/202608050063.html,1
Mpox,"Luena Municipal Hospital, Angola",humans,suspected_cases,2026-08-14,5,False,good,https://allafrica.com/stories/202608140484.html,1
Mpox,"Luena, Angola",humans,suspected_cases,2026-08-14,11,False,good,https://allafrica.com/stories/202608140484.html,1
Mpox,"Moxico General Hospital, Angola",humans,suspected_cases,2026-08-14,11,False,good,https://allafrica.com/stories/202608140484.html,1
Mpox,"Moxico Province, Angola",humans,suspected_cases,2026-08-14,11,False,good,https://allafrica.com/stories/202608140484.html,1
Mpox,Taiwan,humans,confirmed_cases,2026-08-18,27,False,good,https://www.taipeitimes.com/News/taiwan/archives/2026/08/19/2003862746,1
Mpox,Taiwan,humans,suspected_cases,2026-08-18,27,False,good,https://www.taipeitimes.com/News/taiwan/archives/2026/08/19/2003862746,1
Influenza,Australia,birds,confirmed_cases,2026-08-07,175,False,good,https://www.perthnow.com.au/news/business/challenge-for-native-bird-colony-amid-flu-outbreak-c-22694384,1
Influenza,Australia,birds,confirmed_cases,2026-08-08,200,False,good,https://www.abc.net.au/news/2026-08-09/everything-you-need-to-know-about-australias-bird-flu-surge/106998006,1
Influenza,Australia,birds,confirmed_cases,2026-08-11,230,False,good,https://www.abc.net.au/news/2026-08-11/federal-politics-agriculture-minister-bird-flu-vaccine-rollout/107023868,1
Influenza,Australia,birds,confirmed_cases,2026-08-15,205,True,monotonicity,https://www.rnz.co.nz/news/pacific/1006220/pacific-reach-out-to-nz-for-information-on-bird-flu,1
Influenza,Australia,birds,confirmed_cases,2026-08-17,4,True,chi-sq,https://www.canberratimes.com.au/story/9331886/vets-turn-away-injured-wildlife-amid-bird-flu-fears/,1
Influenza,Australia,birds,confirmed_deaths,2026-08-11,200,False,good,https://www.illawarramercury.com.au/story/9327936/at-risk-flu-vaccine-bid-to-spare-endangered-birds/,1
Influenza,Australia,birds,suspected_cases,2026-08-08,220,False,good,https://www.abc.net.au/news/2026-08-09/everything-you-need-to-know-about-australias-bird-flu-surge/106998006,1
Influenza,Australia,birds,suspected_cases,2026-08-11,200,False,good,https://www.illawarramercury.com.au/story/9327936/at-risk-flu-vaccine-bid-to-spare-endangered-birds/; https://www.odt.co.nz/news/world/flu-vaccinations-to-be-rolled-out-for-endangered-birds-in-australia-avhw2c4t,2
Influenza,Australia,birds,suspected_cases,2026-08-11,33,True,chi-sq,https://www.theguardian.com/world/2026/aug/11/bird-flu-h5-vaccine-native-birds-australia,1
Influenza,Australia,birds,suspected_cases,2026-08-11,230,False,good,https://www.abc.net.au/news/2026-08-11/federal-politics-agriculture-minister-bird-flu-vaccine-rollout/107023868,1
Influenza,Australia,birds,suspected_deaths,2026-08-11,200,False,good,https://www.illawarramercury.com.au/story/9327936/at-risk-flu-vaccine-bid-to-spare-endangered-birds/; https://www.odt.co.nz/news/world/flu-vaccinations-to-be-rolled-out-for-endangered-birds-in-australia-avhw2c4t,2
Influenza,Australia,birds,suspected_deaths,2026-08-11,33,True,monotonicity,https://www.theguardian.com/world/2026/aug/11/bird-flu-h5-vaccine-native-birds-australia,1
Influenza,Australia,birds,suspected_deaths,2026-08-17,6,True,monotonicity,https://www.canberratimes.com.au/story/9331886/vets-turn-away-injured-wildlife-amid-bird-flu-fears/,1
Influenza,Australia,chickens,confirmed_cases,2026-08-08,220,False,good,https://www.abc.net.au/news/2026-08-09/everything-you-need-to-know-about-australias-bird-flu-surge/106998006,1
Influenza,Australia,crested terns,confirmed_cases,2026-08-17,2,False,good,https://www.canberratimes.com.au/story/9331886/vets-turn-away-injured-wildlife-amid-bird-flu-fears/,1
Influenza,Australia,crested terns,suspected_cases,2026-08-17,2,False,good,https://www.canberratimes.com.au/story/9331886/vets-turn-away-injured-wildlife-amid-bird-flu-fears/,1
Influenza,Australia,greater crested terns,confirmed_cases,2026-08-07,20,False,good,https://www.perthnow.com.au/news/business/challenge-for-native-bird-colony-amid-flu-outbreak-c-22694384,1
Influenza,Australia,greater crested terns,confirmed_cases,2026-08-12,49,False,good,https://www.theadvocate.com.au/story/9329340/poultry-industry-warned-of-devastating-bird-flu-losses/,1
Influenza,Australia,greater crested terns,suspected_cases,2026-08-07,20,False,good,https://www.perthnow.com.au/news/business/challenge-for-native-bird-colony-amid-flu-outbreak-c-22694384,1
Influenza,Australia,greater crested terns,suspected_cases,2026-08-12,49,False,good,https://www.theadvocate.com.au/story/9329340/poultry-industry-warned-of-devastating-bird-flu-losses/,1
Influenza,Australia,humans,confirmed_cases,2026-08-08,220,False,good,https://www.abc.net.au/news/2026-08-09/everything-you-need-to-know-about-australias-bird-flu-surge/106998006,1
Influenza,Australia,migratory birds,confirmed_deaths,2026-08-11,200,False,good,https://www.illawarramercury.com.au/story/9327936/at-risk-flu-vaccine-bid-to-spare-endangered-birds/,1
Influenza,Australia,migratory birds,suspected_cases,2026-08-11,200,False,good,https://www.illawarramercury.com.au/story/9327936/at-risk-flu-vaccine-bid-to-spare-endangered-birds/,1
Influenza,Australia,migratory birds,suspected_deaths,2026-08-11,200,False,good,https://www.illawarramercury.com.au/story/9327936/at-risk-flu-vaccine-bid-to-spare-endangered-birds/,1
Influenza,Australia,native species,confirmed_deaths,2026-08-11,200,False,good,https://www.illawarramercury.com.au/story/9327936/at-risk-flu-vaccine-bid-to-spare-endangered-birds/,1
Influenza,Australia,native species,suspected_cases,2026-08-11,200,False,good,https://www.illawarramercury.com.au/story/9327936/at-risk-flu-vaccine-bid-to-spare-endangered-birds/,1
Influenza,Australia,native species,suspected_deaths,2026-08-11,200,False,good,https://www.illawarramercury.com.au/story/9327936/at-risk-flu-vaccine-bid-to-spare-endangered-birds/,1
Influenza,Australia,orange-bellied parrots,suspected_cases,2026-08-11,33,False,good,https://www.theguardian.com/world/2026/aug/11/bird-flu-h5-vaccine-native-birds-australia,1
Influenza,Australia,pacific gulls,confirmed_cases,2026-08-12,49,False,good,https://www.theadvocate.com.au/story/9329340/poultry-industry-warned-of-devastating-bird-flu-losses/,1
Influenza,Australia,pacific gulls,suspected_cases,2026-08-12,49,False,good,https://www.theadvocate.com.au/story/9329340/poultry-industry-warned-of-devastating-bird-flu-losses/,1
Influenza,Australia,penguins,confirmed_cases,2026-08-12,49,False,good,https://www.theadvocate.com.au/story/9329340/poultry-industry-warned-of-devastating-bird-flu-losses/,1
Influenza,Australia,penguins,suspected_cases,2026-08-12,5000,False,good,https://www.theadvocate.com.au/story/9329340/poultry-industry-warned-of-devastating-bird-flu-losses/,1
Influenza,Australia,peregrine falcons,suspected_cases,2026-08-11,33,False,good,https://www.theguardian.com/world/2026/aug/11/bird-flu-h5-vaccine-native-birds-australia,1
Influenza,Australia,peregrine falcons,suspected_deaths,2026-08-11,33,False,good,https://www.theguardian.com/world/2026/aug/11/bird-flu-h5-vaccine-native-birds-australia,1
Influenza,Australia,seabirds,confirmed_cases,2026-08-12,53,False,good,https://www.theadvocate.com.au/story/9329340/poultry-industry-warned-of-devastating-bird-flu-losses/,1
Influenza,Australia,seabirds,suspected_cases,2026-08-12,49,False,good,https://www.theadvocate.com.au/story/9329340/poultry-industry-warned-of-devastating-bird-flu-losses/,1
Influenza,Australia,seals,confirmed_deaths,2026-08-07,1,False,good,https://www.standard.net.au/story/9325632/royal-show-cancels-poultry-exhibits-over-bird-flu-fears/,1
Influenza,Australia,seals,suspected_cases,2026-08-07,1,False,good,https://www.perthnow.com.au/news/business/challenge-for-native-bird-colony-amid-flu-outbreak-c-22694384; https://www.standard.net.au/story/9325632/royal-show-cancels-poultry-exhibits-over-bird-flu-fears/,2
Influenza,Australia,seals,suspected_deaths,2026-08-07,1,False,good,https://www.standard.net.au/story/9325632/royal-show-cancels-poultry-exhibits-over-bird-flu-fears/,1
Influenza,Australia,silver gulls,confirmed_cases,2026-08-12,49,False,good,https://www.theadvocate.com.au/story/9329340/poultry-industry-warned-of-devastating-bird-flu-losses/,1
Influenza,Australia,silver gulls,confirmed_cases,2026-08-17,2,True,monotonicity,https://www.canberratimes.com.au/story/9331886/vets-turn-away-injured-wildlife-amid-bird-flu-fears/,1
Influenza,Australia,silver gulls,confirmed_deaths,2026-08-17,2,False,good,https://www.canberratimes.com.au/story/9331886/vets-turn-away-injured-wildlife-amid-bird-flu-fears/,1
Influenza,Australia,silver gulls,suspected_cases,2026-08-17,2,False,good,https://www.canberratimes.com.au/story/9331886/vets-turn-away-injured-wildlife-amid-bird-flu-fears/,1
Influenza,Australia,silver gulls,suspected_deaths,2026-08-17,2,False,good,https://www.canberratimes.com.au/story/9331886/vets-turn-away-injured-wildlife-amid-bird-flu-fears/,1
Influenza,Australia,terns,confirmed_cases,2026-08-07,20,False,good,https://www.perthnow.com.au/news/business/challenge-for-native-bird-colony-amid-flu-outbreak-c-22694384,1
Influenza,Australia,terns,suspected_cases,2026-08-07,20,False,good,https://www.perthnow.com.au/news/business/challenge-for-native-bird-colony-amid-flu-outbreak-c-22694384,1
Influenza,Australia,wild birds,confirmed_cases,2026-08-15,205,False,good,https://www.rnz.co.nz/news/pacific/1006220/pacific-reach-out-to-nz-for-information-on-bird-flu,1
Influenza,Australia,wild birds,suspected_cases,2026-08-15,205,False,good,https://www.rnz.co.nz/news/pacific/1006220/pacific-reach-out-to-nz-for-information-on-bird-flu,1
Influenza,Australia,wild birds,suspected_cases,2026-08-17,5000,False,good,https://aif.ru/society/v-avstralii-provodyat-massovuyu-vakcinaciyu-pingvinov-iz-za-ptichego-grippa,1
Influenza,"Bengaluru, India",humans,confirmed_cases,2026-08-17,2,False,good,https://www.moneycontrol.com/city/bengaluru-school-shuts-after-over-500-students-21-staff-fall-ill-2-h1n1-cases-confirmed-article-14007277.html,1
Influenza,"Bengaluru, India",humans,confirmed_cases,2026-08-18,2,False,good,https://economictimes.indiatimes.com/news/new-updates/h1n1-scare-at-bengaluru-clarence-high-school-500-students-over-21-employees-fall-sick-offline-classes-suspended/articleshow/133310808.cms; https://trak.in/stories/h1n1-outbreak-in-bengaluru-school-500-students-fell-ill-school-shut-down/; https://www.business-standard.com/india-news/h1n1-scare-bengaluru-school-suspends-offline-classes-as-over-500-fall-ill-126081800429_1.html,3
Influenza,"Bengaluru, India",humans,suspected_cases,2026-08-18,2,False,good,https://trak.in/stories/h1n1-outbreak-in-bengaluru-school-500-students-fell-ill-school-shut-down/,1
Influenza,"Bengaluru, India",humans,suspected_cases,2026-08-18,500,False,good,https://www.business-standard.com/india-news/h1n1-scare-bengaluru-school-suspends-offline-classes-as-over-500-fall-ill-126081800429_1.html,1
Influenza,"Bengaluru, India",humans,suspected_deaths,2026-08-18,2,False,good,https://economictimes.indiatimes.com/news/new-updates/h1n1-scare-at-bengaluru-clarence-high-school-500-students-over-21-employees-fall-sick-offline-classes-suspended/articleshow/133310808.cms; https://trak.in/stories/h1n1-outbreak-in-bengaluru-school-500-students-fell-ill-school-shut-down/; https://www.business-standard.com/india-news/h1n1-scare-bengaluru-school-suspends-offline-classes-as-over-500-fall-ill-126081800429_1.html,3
Influenza,"Burgess Cove, Australia",brown skuas,confirmed_cases,2026-08-13,1,False,good,https://www.sbs.com.au/news/podcast-episode/sbs-news-in-easy-english-13-august-2026/8u79jwvdm,1
Influenza,"Burgess Cove, Australia",brown skuas,confirmed_deaths,2026-08-13,1,False,good,https://www.sbs.com.au/news/podcast-episode/sbs-news-in-easy-english-13-august-2026/8u79jwvdm,1
Influenza,"Burgess Cove, Australia",brown skuas,suspected_cases,2026-08-13,1,False,good,https://www.sbs.com.au/news/podcast-episode/sbs-news-in-easy-english-13-august-2026/8u79jwvdm,1
Influenza,"Burnie, Australia",brown skua,suspected_cases,2026-08-17,1,False,good,https://www.lafm.com.au/local-news/tassies-bird-flu-cases-rise-to-10/,1
Influenza,Cambodia,birds,confirmed_cases,2026-08-08,1,False,good,https://www.abc.net.au/news/2026-08-09/everything-you-need-to-know-about-australias-bird-flu-surge/106998006,1
Influenza,Cambodia,birds,confirmed_deaths,2026-08-08,1,False,good,https://www.abc.net.au/news/2026-08-09/everything-you-need-to-know-about-australias-bird-flu-surge/106998006,1
Influenza,Cambodia,birds,suspected_cases,2026-08-08,1,False,good,https://www.abc.net.au/news/2026-08-09/everything-you-need-to-know-about-australias-bird-flu-surge/106998006,1
Influenza,Cambodia,birds,suspected_deaths,2026-08-08,1,False,good,https://www.abc.net.au/news/2026-08-09/everything-you-need-to-know-about-australias-bird-flu-surge/106998006,1
Influenza,Cambodia,humans,confirmed_deaths,2026-08-08,1,False,good,https://www.abc.net.au/news/2026-08-09/everything-you-need-to-know-about-australias-bird-flu-surge/106998006,1
Influenza,"Carterton, New Zealand",birds,confirmed_cases,2026-08-07,1,False,good,https://www.rnz.co.nz/news/environment/928539/bird-flu-preparations-ramp-up-as-cases-rise-in-australia,1
Influenza,"Carterton, New Zealand",birds,suspected_cases,2026-08-07,1,False,good,https://www.rnz.co.nz/news/environment/928539/bird-flu-preparations-ramp-up-as-cases-rise-in-australia,1
Influenza,"Carterton, New Zealand",kāhu,confirmed_cases,2026-08-07,2,False,good,https://www.rnz.co.nz/news/environment/928539/bird-flu-preparations-ramp-up-as-cases-rise-in-australia,1
Influenza,"Carterton, New Zealand",swamp harriers,confirmed_cases,2026-08-07,1,False,good,https://www.rnz.co.nz/news/environment/928539/bird-flu-preparations-ramp-up-as-cases-rise-in-australia,1
Influenza,"Carterton, New Zealand",wild birds,confirmed_cases,2026-08-07,2,False,good,https://www.rnz.co.nz/news/environment/928539/bird-flu-preparations-ramp-up-as-cases-rise-in-australia,1
Influenza,"Carterton, New Zealand",wild birds,suspected_cases,2026-08-07,1,False,good,https://www.rnz.co.nz/news/environment/928539/bird-flu-preparations-ramp-up-as-cases-rise-in-australia,1
Influenza,"Central Nova Scotia Correctional Facility, Canada",humans,confirmed_cases,2026-08-07,9,False,good,https://www.cbc.ca/news/canada/nova-scotia/brandon-hendershot-lawsuit-9.7298314,1
Influenza,"Clarence High School, India",humans,confirmed_cases,2026-08-17,2,False,good,https://www.moneycontrol.com/city/bengaluru-school-shuts-after-over-500-students-21-staff-fall-ill-2-h1n1-cases-confirmed-article-14007277.html,1
Influenza,"Clarence High School, India",humans,confirmed_cases,2026-08-18,2,False,good,https://economictimes.indiatimes.com/news/new-updates/h1n1-scare-at-bengaluru-clarence-high-school-500-students-over-21-employees-fall-sick-offline-classes-suspended/articleshow/133310808.cms; https://trak.in/stories/h1n1-outbreak-in-bengaluru-school-500-students-fell-ill-school-shut-down/; https://www.business-standard.com/india-news/h1n1-scare-bengaluru-school-suspends-offline-classes-as-over-500-fall-ill-126081800429_1.html,3
Influenza,"Clarence High School, India",humans,suspected_cases,2026-08-18,2,False,good,https://trak.in/stories/h1n1-outbreak-in-bengaluru-school-500-students-fell-ill-school-shut-down/,1
Influenza,"Clarence High School, India",humans,suspected_deaths,2026-08-18,2,False,good,https://economictimes.indiatimes.com/news/new-updates/h1n1-scare-at-bengaluru-clarence-high-school-500-students-over-21-employees-fall-sick-offline-classes-suspended/articleshow/133310808.cms; https://trak.in/stories/h1n1-outbreak-in-bengaluru-school-500-students-fell-ill-school-shut-down/,2
Influenza,"Clyde, Australia",seals,suspected_cases,2026-08-07,1,False,good,https://www.standard.net.au/story/9325632/royal-show-cancels-poultry-exhibits-over-bird-flu-fears/,1
Influenza,"Clyde, Australia",seals,suspected_deaths,2026-08-07,1,False,good,https://www.standard.net.au/story/9325632/royal-show-cancels-poultry-exhibits-over-bird-flu-fears/,1
Influenza,"Currie, Australia",birds,confirmed_cases,2026-08-17,2,False,good,https://www.canberratimes.com.au/story/9331886/vets-turn-away-injured-wildlife-amid-bird-flu-fears/,1
Influenza,"Currie, Australia",birds,confirmed_deaths,2026-08-17,2,False,good,https://www.canberratimes.com.au/story/9331886/vets-turn-away-injured-wildlife-amid-bird-flu-fears/,1
Influenza,"Currie, Australia",birds,suspected_cases,2026-08-17,2,False,good,https://www.canberratimes.com.au/story/9331886/vets-turn-away-injured-wildlife-amid-bird-flu-fears/,1
Influenza,"Currie, Australia",birds,suspected_deaths,2026-08-17,2,False,good,https://www.canberratimes.com.au/story/9331886/vets-turn-away-injured-wildlife-amid-bird-flu-fears/,1
Influenza,"Currie, Australia",crested terns,confirmed_cases,2026-08-17,2,False,good,https://www.canberratimes.com.au/story/9331886/vets-turn-away-injured-wildlife-amid-bird-flu-fears/; https://www.narrominenewsonline.com.au/story/9331886/vets-turn-away-injured-wildlife-amid-bird-flu-fears/,2
Influenza,"Currie, Australia",crested terns,confirmed_deaths,2026-08-17,2,False,good,https://www.canberratimes.com.au/story/9331886/vets-turn-away-injured-wildlife-amid-bird-flu-fears/; https://www.narrominenewsonline.com.au/story/9331886/vets-turn-away-injured-wildlife-amid-bird-flu-fears/,2
Influenza,"Currie, Australia",crested terns,suspected_cases,2026-08-17,2,False,good,https://www.canberratimes.com.au/story/9331886/vets-turn-away-injured-wildlife-amid-bird-flu-fears/; https://www.narrominenewsonline.com.au/story/9331886/vets-turn-away-injured-wildlife-amid-bird-flu-fears/,2
Influenza,"Currie, Australia",crested terns,suspected_deaths,2026-08-17,2,False,good,https://www.canberratimes.com.au/story/9331886/vets-turn-away-injured-wildlife-amid-bird-flu-fears/,1
Influenza,"Currie, Australia",silver gulls,confirmed_cases,2026-08-17,2,False,good,https://www.canberratimes.com.au/story/9331886/vets-turn-away-injured-wildlife-amid-bird-flu-fears/; https://www.narrominenewsonline.com.au/story/9331886/vets-turn-away-injured-wildlife-amid-bird-flu-fears/,2
Influenza,"Currie, Australia",silver gulls,confirmed_deaths,2026-08-17,2,False,good,https://www.canberratimes.com.au/story/9331886/vets-turn-away-injured-wildlife-amid-bird-flu-fears/; https://www.narrominenewsonline.com.au/story/9331886/vets-turn-away-injured-wildlife-amid-bird-flu-fears/,2
Influenza,"Currie, Australia",silver gulls,suspected_cases,2026-08-17,2,False,good,https://www.canberratimes.com.au/story/9331886/vets-turn-away-injured-wildlife-amid-bird-flu-fears/; https://www.narrominenewsonline.com.au/story/9331886/vets-turn-away-injured-wildlife-amid-bird-flu-fears/,2
Influenza,"Currie, Australia",silver gulls,suspected_deaths,2026-08-17,2,False,good,https://www.canberratimes.com.au/story/9331886/vets-turn-away-injured-wildlife-amid-bird-flu-fears/,1
Influenza,"Delhi, India",humans,confirmed_cases,2026-08-10,1344,False,good,https://economictimes.indiatimes.com/news/new-updates/h1n1-cases-in-delhi-what-are-the-symptoms-prevention-tips-as-cases-jump-6-fold-from-last-year/articleshow/133119162.cms,1
Influenza,"Delhi, India",humans,confirmed_cases,2026-08-11,1344,False,good,https://www.livemint.com/science/health/h1n1-cases-in-delhi-jump-six-fold-common-symptoms-whos-at-risk-and-when-to-see-a-doctor-11786422591542.html,1
Influenza,"Delhi, India",humans,confirmed_cases,2026-08-12,1349,False,good,https://www.medindia.net/news/healthwatch/h1n1-surge-in-delhi-symptoms-prevention-and-warning-signs-224615-1.htm,1
Influenza,"Delhi, India",humans,confirmed_cases,2026-08-13,1349,False,good,https://www.business-standard.com/india-news/delhi-h1n1-surge-cases-rise-nearly-sixfold-as-monsoon-fuels-concern-126081301108_1.html,1
Influenza,"Delhi, India",humans,confirmed_cases,2026-08-13,1344,False,good,https://www.sangbadpratidin.in/lifestyle/health/h1n1-surge-in-indian-cities-flu-pneumonia-vaccine-who-needs-it/pid/1287395/,1
Influenza,"Delhi, India",humans,suspected_cases,2026-08-10,1344,False,good,https://economictimes.indiatimes.com/news/new-updates/h1n1-cases-in-delhi-what-are-the-symptoms-prevention-tips-as-cases-jump-6-fold-from-last-year/articleshow/133119162.cms,1
Influenza,"Delhi, India",humans,suspected_cases,2026-08-11,1344,False,good,https://www.livemint.com/science/health/h1n1-cases-in-delhi-jump-six-fold-common-symptoms-whos-at-risk-and-when-to-see-a-doctor-11786422591542.html,1
Influenza,"Delhi, India",humans,suspected_cases,2026-08-13,1344,False,good,https://www.sangbadpratidin.in/lifestyle/health/h1n1-surge-in-indian-cities-flu-pneumonia-vaccine-who-needs-it/pid/1287395/,1
Influenza,"District, India",humans,confirmed_cases,2026-08-08,464,False,good,https://www.madhyamam.com/kerala/district-dengue-fever-spread-sanitation-1544122,1
Influenza,"District, India",humans,suspected_cases,2026-08-08,464,False,good,https://www.madhyamam.com/kerala/district-dengue-fever-spread-sanitation-1544122,1
Influenza,"Eastern Wetlands, Australia",birds,suspected_cases,2026-08-12,5,False,good,https://www.miragenews.com/wildlife-responds-as-gingham-waterhole-fills-1726380/,1
Influenza,"Eden, Australia",greater crested terns,confirmed_cases,2026-08-15,1,False,good,https://www.bendigoadvertiser.com.au/story/9330891/little-penguin-dies-from-bird-flu-as-case-numbers-grow/; https://www.canberratimes.com.au/story/9330891/little-penguin-dies-from-bird-flu-as-case-numbers-grow/; https://www.perthnow.com.au/news/business/little-penguin-dies-from-bird-flu-as-case-numbers-grow-c-22729173,3
Influenza,"Eden, Australia",greater crested terns,confirmed_deaths,2026-08-15,1,False,good,https://www.bendigoadvertiser.com.au/story/9330891/little-penguin-dies-from-bird-flu-as-case-numbers-grow/; https://www.canberratimes.com.au/story/9330891/little-penguin-dies-from-bird-flu-as-case-numbers-grow/; https://www.perthnow.com.au/news/business/little-penguin-dies-from-bird-flu-as-case-numbers-grow-c-22729173,3
Influenza,"Eden, Australia",greater crested terns,suspected_cases,2026-08-15,5,True,monotonicity,https://www.canberratimes.com.au/story/9330891/little-penguin-dies-from-bird-flu-as-case-numbers-grow/,1
Influenza,"Eden, Australia",greater crested terns,suspected_cases,2026-08-15,1,False,good,https://www.bendigoadvertiser.com.au/story/9330891/little-penguin-dies-from-bird-flu-as-case-numbers-grow/; https://www.perthnow.com.au/news/business/little-penguin-dies-from-bird-flu-as-case-numbers-grow-c-22729173,2
Influenza,"Eden, Australia",greater crested terns,suspected_deaths,2026-08-15,1,False,good,https://www.bendigoadvertiser.com.au/story/9330891/little-penguin-dies-from-bird-flu-as-case-numbers-grow/; https://www.canberratimes.com.au/story/9330891/little-penguin-dies-from-bird-flu-as-case-numbers-grow/; https://www.perthnow.com.au/news/business/little-penguin-dies-from-bird-flu-as-case-numbers-grow-c-22729173,3
Influenza,European Union,poultry,suspected_cases,2026-08-17,760,False,good,http://www.agroperspectiva.com/ru/press_release/62540,1
Influenza,European Union,wild fauna,confirmed_cases,2026-08-17,760,False,good,http://www.agroperspectiva.com/ru/press_release/62540,1
Influenza,European Union,wild fauna,suspected_cases,2026-08-17,760,False,good,http://www.agroperspectiva.com/ru/press_release/62540,1
Influenza,European Union,wild fauna,suspected_deaths,2026-08-17,760,False,good,http://www.agroperspectiva.com/ru/press_release/62540,1
Influenza,"Griffiths Island, Australia",albatrosses,suspected_cases,2026-08-07,1,False,good,https://www.perthnow.com.au/news/business/challenge-for-native-bird-colony-amid-flu-outbreak-c-22694384,1
Influenza,"Griffiths Island, Australia",birds,suspected_cases,2026-08-07,2,False,good,https://www.perthnow.com.au/news/business/challenge-for-native-bird-colony-amid-flu-outbreak-c-22694384,1
Influenza,"Hawks Nest, Australia",Greater Crested Terns,confirmed_cases,2026-08-15,1,False,good,https://www.gloucesteradvocate.com.au/story/9330870/nsw-confirms-fifth-h5-bird-flu-case-expands-vaccine-plans/,1
Influenza,"Hawks Nest, Australia",birds,confirmed_cases,2026-08-15,1,False,good,https://www.gloucesteradvocate.com.au/story/9330870/nsw-confirms-fifth-h5-bird-flu-case-expands-vaccine-plans/,1
Influenza,"Hawks Nest, Australia",seabirds,confirmed_cases,2026-08-15,1,False,good,https://www.gloucesteradvocate.com.au/story/9330870/nsw-confirms-fifth-h5-bird-flu-case-expands-vaccine-plans/,1
Influenza,India,humans,confirmed_cases,2026-08-08,464,False,good,https://www.madhyamam.com/kerala/district-dengue-fever-spread-sanitation-1544122,1
Influenza,India,humans,confirmed_cases,2026-08-12,1300,False,good,https://www.medindia.net/news/healthwatch/h1n1-surge-in-delhi-symptoms-prevention-and-warning-signs-224615-1.htm,1
Influenza,India,humans,confirmed_cases,2026-08-13,1344,False,good,https://www.sangbadpratidin.in/lifestyle/health/h1n1-surge-in-indian-cities-flu-pneumonia-vaccine-who-needs-it/pid/1287395/,1
Influenza,India,humans,suspected_cases,2026-08-08,464,False,good,https://www.madhyamam.com/kerala/district-dengue-fever-spread-sanitation-1544122,1
Influenza,"Inland NSW, Australia",birds,suspected_cases,2026-08-12,5,False,good,https://www.miragenews.com/wildlife-responds-as-gingham-waterhole-fills-1726380/,1
Influenza,"Kangaroo Island, Australia",birds,confirmed_cases,2026-08-07,1,False,good,https://www.perthnow.com.au/news/business/challenge-for-native-bird-colony-amid-flu-outbreak-c-22694384,1
Influenza,"Kangaroo Island, Australia",birds,suspected_cases,2026-08-07,1,False,good,https://www.perthnow.com.au/news/business/challenge-for-native-bird-colony-amid-flu-outbreak-c-22694384,1
Influenza,"Kangaroo Island, Australia",greater crested terns,confirmed_cases,2026-08-08,28,False,good,https://www.perthnow.com.au/news/politics/first-inland-bird-flu-case-sparks-alarm-bells-c-22696874,1
Influenza,"Kangaroo Island, Australia",greater crested terns,confirmed_cases,2026-08-08,11,True,monotonicity,https://www.standard.net.au/story/9326465/first-inland-bird-flu-case-sparks-alarm-bells/,1
Influenza,"Kangaroo Island, Australia",greater crested terns,suspected_cases,2026-08-08,11,False,good,https://www.standard.net.au/story/9326465/first-inland-bird-flu-case-sparks-alarm-bells/,1
Influenza,"Kangaroo Island, Australia",greater crested terns,suspected_deaths,2026-08-08,11,False,good,https://www.standard.net.au/story/9326465/first-inland-bird-flu-case-sparks-alarm-bells/,1
Influenza,"Kangaroo Island, Australia",seabirds,confirmed_cases,2026-08-08,28,False,good,https://www.perthnow.com.au/news/politics/first-inland-bird-flu-case-sparks-alarm-bells-c-22696874,1
Influenza,"Kangaroo Island, Australia",seabirds,confirmed_cases,2026-08-08,11,True,monotonicity,https://www.standard.net.au/story/9326465/first-inland-bird-flu-case-sparks-alarm-bells/,1
Influenza,"Kangaroo Island, Australia",seabirds,suspected_cases,2026-08-08,11,False,good,https://www.standard.net.au/story/9326465/first-inland-bird-flu-case-sparks-alarm-bells/,1
Influenza,"King Island, Australia",brown skua,suspected_cases,2026-08-17,1,False,good,https://www.lafm.com.au/local-news/tassies-bird-flu-cases-rise-to-10/,1
Influenza,"King Island, Australia",brown skua,suspected_deaths,2026-08-17,1,False,good,https://www.lafm.com.au/local-news/tassies-bird-flu-cases-rise-to-10/,1
Influenza,"King Island, Australia",crested terns,confirmed_cases,2026-08-17,2,False,good,https://www.canberratimes.com.au/story/9331886/vets-turn-away-injured-wildlife-amid-bird-flu-fears/; https://www.narrominenewsonline.com.au/story/9331886/vets-turn-away-injured-wildlife-amid-bird-flu-fears/,2
Influenza,"King Island, Australia",crested terns,confirmed_deaths,2026-08-17,2,False,good,https://www.canberratimes.com.au/story/9331886/vets-turn-away-injured-wildlife-amid-bird-flu-fears/; https://www.narrominenewsonline.com.au/story/9331886/vets-turn-away-injured-wildlife-amid-bird-flu-fears/,2
Influenza,"King Island, Australia",crested terns,suspected_cases,2026-08-17,2,False,good,https://www.canberratimes.com.au/story/9331886/vets-turn-away-injured-wildlife-amid-bird-flu-fears/; https://www.narrominenewsonline.com.au/story/9331886/vets-turn-away-injured-wildlife-amid-bird-flu-fears/,2
Influenza,"King Island, Australia",crested terns,suspected_deaths,2026-08-17,2,False,good,https://www.canberratimes.com.au/story/9331886/vets-turn-away-injured-wildlife-amid-bird-flu-fears/; https://www.narrominenewsonline.com.au/story/9331886/vets-turn-away-injured-wildlife-amid-bird-flu-fears/,2
Influenza,"King Island, Australia",silver gulls,confirmed_cases,2026-08-17,2,False,good,https://www.canberratimes.com.au/story/9331886/vets-turn-away-injured-wildlife-amid-bird-flu-fears/; https://www.narrominenewsonline.com.au/story/9331886/vets-turn-away-injured-wildlife-amid-bird-flu-fears/,2
Influenza,"King Island, Australia",silver gulls,confirmed_deaths,2026-08-17,2,False,good,https://www.canberratimes.com.au/story/9331886/vets-turn-away-injured-wildlife-amid-bird-flu-fears/; https://www.narrominenewsonline.com.au/story/9331886/vets-turn-away-injured-wildlife-amid-bird-flu-fears/,2
Influenza,"King Island, Australia",silver gulls,suspected_cases,2026-08-17,2,False,good,https://www.canberratimes.com.au/story/9331886/vets-turn-away-injured-wildlife-amid-bird-flu-fears/; https://www.narrominenewsonline.com.au/story/9331886/vets-turn-away-injured-wildlife-amid-bird-flu-fears/,2
Influenza,"King Island, Australia",silver gulls,suspected_deaths,2026-08-17,2,False,good,https://www.canberratimes.com.au/story/9331886/vets-turn-away-injured-wildlife-amid-bird-flu-fears/; https://www.narrominenewsonline.com.au/story/9331886/vets-turn-away-injured-wildlife-amid-bird-flu-fears/,2
Influenza,"King Island, Australia",wild birds,confirmed_cases,2026-08-17,4,False,good,https://www.canberratimes.com.au/story/9331886/vets-turn-away-injured-wildlife-amid-bird-flu-fears/; https://www.narrominenewsonline.com.au/story/9331886/vets-turn-away-injured-wildlife-amid-bird-flu-fears/,2
Influenza,"King Island, Australia",wild birds,confirmed_deaths,2026-08-17,2,False,good,https://www.canberratimes.com.au/story/9331886/vets-turn-away-injured-wildlife-amid-bird-flu-fears/; https://www.narrominenewsonline.com.au/story/9331886/vets-turn-away-injured-wildlife-amid-bird-flu-fears/,2
Influenza,"King Island, Australia",wild birds,suspected_cases,2026-08-17,4,False,good,https://www.canberratimes.com.au/story/9331886/vets-turn-away-injured-wildlife-amid-bird-flu-fears/; https://www.narrominenewsonline.com.au/story/9331886/vets-turn-away-injured-wildlife-amid-bird-flu-fears/,2
Influenza,"King Island, Australia",wild birds,suspected_deaths,2026-08-17,4,False,good,https://www.narrominenewsonline.com.au/story/9331886/vets-turn-away-injured-wildlife-amid-bird-flu-fears/,1
Influenza,"King Island, Australia",wild birds,suspected_deaths,2026-08-17,2,True,monotonicity,https://www.canberratimes.com.au/story/9331886/vets-turn-away-injured-wildlife-amid-bird-flu-fears/,1
Influenza,"Kochi Corporation, India",humans,confirmed_cases,2026-08-08,464,False,good,https://www.madhyamam.com/kerala/district-dengue-fever-spread-sanitation-1544122,1
Influenza,"Kochi Corporation, India",humans,suspected_cases,2026-08-08,464,False,good,https://www.madhyamam.com/kerala/district-dengue-fever-spread-sanitation-1544122,1
Influenza,"Lakes Entrance, Australia",birds,confirmed_cases,2026-08-18,1,False,good,https://latrobevalleyexpress.com.au/news/2026/08/18/no-anti-vaxxers-among-the-birds/,1
Influenza,"Lakes Entrance, Australia",great crested terns,confirmed_cases,2026-08-18,1,False,good,https://latrobevalleyexpress.com.au/news/2026/08/18/no-anti-vaxxers-among-the-birds/,1
Influenza,"Lakes Entrance, Australia",great crested terns,suspected_cases,2026-08-18,1,False,good,https://latrobevalleyexpress.com.au/news/2026/08/18/no-anti-vaxxers-among-the-birds/,1
Influenza,"Limestone Coast, Australia",greater crested terns,confirmed_cases,2026-08-08,28,False,good,https://www.perthnow.com.au/news/politics/first-inland-bird-flu-case-sparks-alarm-bells-c-22696874,1
Influenza,"Limestone Coast, Australia",seabirds,confirmed_cases,2026-08-08,28,False,good,https://www.perthnow.com.au/news/politics/first-inland-bird-flu-case-sparks-alarm-bells-c-22696874,1
Influenza,"Limestone Coast, Australia",seabirds,confirmed_cases,2026-08-08,15,True,monotonicity,https://www.standard.net.au/story/9326465/first-inland-bird-flu-case-sparks-alarm-bells/,1
Influenza,"Limestone Coast, Australia",seabirds,suspected_cases,2026-08-08,15,False,good,https://www.standard.net.au/story/9326465/first-inland-bird-flu-case-sparks-alarm-bells/,1
Influenza,"Massachusetts, United States",humans,confirmed_cases,2026-08-18,322,False,good,https://gazettenet.com/2026/08/17/best-time-get-flu-vaccine/,1
Influenza,"Melbourne Royal Show, Australia",chickens,confirmed_cases,2026-08-18,74,False,good,https://www.bordermail.com.au/story/9332317/finley-show-society-cancels-2026-poultry-event-impact-of-h5n1/,1
Influenza,"Melbourne, Australia",chickens,confirmed_cases,2026-08-08,10,False,good,https://www.standard.net.au/story/9326465/first-inland-bird-flu-case-sparks-alarm-bells/,1
Influenza,"Melbourne, Australia",seals,suspected_cases,2026-08-07,1,False,good,https://www.standard.net.au/story/9325632/royal-show-cancels-poultry-exhibits-over-bird-flu-fears/,1
Influenza,"Melbourne, Australia",seals,suspected_deaths,2026-08-07,1,False,good,https://www.standard.net.au/story/9325632/royal-show-cancels-poultry-exhibits-over-bird-flu-fears/,1
Influenza,"Mornington Peninsula, Australia",birds,confirmed_cases,2026-08-15,2,False,good,https://www.geelongadvertiser.com.au/news/victoria/deadly-h5n1-bird-flu-infiltrates-phillip-island-penguin-population/news-story/dfd241f1f9a5906a04e935171b252290?nk=cf68150328cb0215c0a5331d9bcdf39d-1786782682,1
Influenza,"Mornington Peninsula, Australia",crested terns,confirmed_cases,2026-08-15,2,False,good,https://www.geelongadvertiser.com.au/news/victoria/deadly-h5n1-bird-flu-infiltrates-phillip-island-penguin-population/news-story/dfd241f1f9a5906a04e935171b252290?nk=cf68150328cb0215c0a5331d9bcdf39d-1786782682,1
Influenza,"Mornington Peninsula, Australia",crested terns,suspected_cases,2026-08-15,2,False,good,https://www.geelongadvertiser.com.au/news/victoria/deadly-h5n1-bird-flu-infiltrates-phillip-island-penguin-population/news-story/dfd241f1f9a5906a04e935171b252290?nk=cf68150328cb0215c0a5331d9bcdf39d-1786782682,1
Influenza,"Mornington Peninsula, Australia",penguins,confirmed_cases,2026-08-15,2,False,good,https://www.geelongadvertiser.com.au/news/victoria/deadly-h5n1-bird-flu-infiltrates-phillip-island-penguin-population/news-story/dfd241f1f9a5906a04e935171b252290?nk=cf68150328cb0215c0a5331d9bcdf39d-1786782682,1
Influenza,"Multiple State, Australia",birds,confirmed_cases,2026-08-08,220,False,good,https://www.abc.net.au/news/2026-08-09/everything-you-need-to-know-about-australias-bird-flu-surge/106998006,1
Influenza,"Multiple State, Australia",birds,suspected_cases,2026-08-08,386,False,good,https://www.abc.net.au/news/2026-08-09/everything-you-need-to-know-about-australias-bird-flu-surge/106998006,1
Influenza,"Multiple State, Australia",chickens,confirmed_cases,2026-08-08,2400000,False,good,https://www.abc.net.au/news/2026-08-09/everything-you-need-to-know-about-australias-bird-flu-surge/106998006,1
Influenza,"Multiple State, Australia",chickens,suspected_cases,2026-08-08,2400000,False,good,https://www.abc.net.au/news/2026-08-09/everything-you-need-to-know-about-australias-bird-flu-surge/106998006,1
Influenza,"Multiple State, Australia",laying hens,confirmed_cases,2026-08-08,2400000,False,good,https://www.abc.net.au/news/2026-08-09/everything-you-need-to-know-about-australias-bird-flu-surge/106998006,1
Influenza,"Multiple State, Australia",laying hens,confirmed_deaths,2026-08-08,2400000,False,good,https://www.abc.net.au/news/2026-08-09/everything-you-need-to-know-about-australias-bird-flu-surge/106998006,1
Influenza,"Multiple State, Australia",laying hens,suspected_cases,2026-08-08,2400000,False,good,https://www.abc.net.au/news/2026-08-09/everything-you-need-to-know-about-australias-bird-flu-surge/106998006,1
Influenza,"Multiple State, Australia",laying hens,suspected_deaths,2026-08-08,2400000,False,good,https://www.abc.net.au/news/2026-08-09/everything-you-need-to-know-about-australias-bird-flu-surge/106998006,1
Influenza,"Multiple State, Australia",southern elephant seals,suspected_cases,2026-08-08,17000,False,good,https://www.abc.net.au/news/2026-08-09/everything-you-need-to-know-about-australias-bird-flu-surge/106998006,1
Influenza,"Multiple State, Australia",southern elephant seals,suspected_deaths,2026-08-08,17000,False,good,https://www.abc.net.au/news/2026-08-09/everything-you-need-to-know-about-australias-bird-flu-surge/106998006,1
Influenza,"Multiple State, United States",dairy cattle,confirmed_cases,2026-08-13,1173,False,good,https://www.insideindianabusiness.com/articles/indiana-reaches-hpai-free-status-officials-warn-bird-flu-risk-remains,1
Influenza,Multiple United States,dairy cattle,confirmed_cases,2026-08-13,1173,False,good,https://www.insideindianabusiness.com/articles/indiana-reaches-hpai-free-status-officials-warn-bird-flu-risk-remains,1
Influenza,"Multiple, Australia",birds,confirmed_cases,2026-08-08,220,False,good,https://www.abc.net.au/news/2026-08-09/everything-you-need-to-know-about-australias-bird-flu-surge/106998006,1
Influenza,"Multiple, Australia",birds,suspected_cases,2026-08-08,386,False,good,https://www.abc.net.au/news/2026-08-09/everything-you-need-to-know-about-australias-bird-flu-surge/106998006,1
Influenza,"Multiple, Australia",chickens,confirmed_cases,2026-08-08,2400000,False,good,https://www.abc.net.au/news/2026-08-09/everything-you-need-to-know-about-australias-bird-flu-surge/106998006,1
Influenza,"Multiple, Australia",chickens,suspected_cases,2026-08-08,2400000,False,good,https://www.abc.net.au/news/2026-08-09/everything-you-need-to-know-about-australias-bird-flu-surge/106998006,1
Influenza,"Multiple, Australia",laying hens,confirmed_cases,2026-08-08,2400000,False,good,https://www.abc.net.au/news/2026-08-09/everything-you-need-to-know-about-australias-bird-flu-surge/106998006,1
Influenza,"Multiple, Australia",laying hens,confirmed_deaths,2026-08-08,2400000,False,good,https://www.abc.net.au/news/2026-08-09/everything-you-need-to-know-about-australias-bird-flu-surge/106998006,1
Influenza,"Multiple, Australia",laying hens,suspected_cases,2026-08-08,2400000,False,good,https://www.abc.net.au/news/2026-08-09/everything-you-need-to-know-about-australias-bird-flu-surge/106998006,1
Influenza,"Multiple, Australia",laying hens,suspected_deaths,2026-08-08,2400000,False,good,https://www.abc.net.au/news/2026-08-09/everything-you-need-to-know-about-australias-bird-flu-surge/106998006,1
Influenza,"Multiple, Australia",southern elephant seals,suspected_cases,2026-08-08,17000,False,good,https://www.abc.net.au/news/2026-08-09/everything-you-need-to-know-about-australias-bird-flu-surge/106998006,1
Influenza,"Multiple, Australia",southern elephant seals,suspected_deaths,2026-08-08,17000,False,good,https://www.abc.net.au/news/2026-08-09/everything-you-need-to-know-about-australias-bird-flu-surge/106998006,1
Influenza,"Murray-Darling Basin, Australia",birds,confirmed_cases,2026-08-18,74,False,good,https://www.bordermail.com.au/story/9332317/finley-show-society-cancels-2026-poultry-event-impact-of-h5n1/,1
Influenza,"Murray-Darling Basin, Australia",birds,suspected_cases,2026-08-18,74,False,good,https://www.bordermail.com.au/story/9332317/finley-show-society-cancels-2026-poultry-event-impact-of-h5n1/,1
Influenza,"Murray-Darling Basin, Australia",chickens,confirmed_cases,2026-08-18,74,False,good,https://www.bordermail.com.au/story/9332317/finley-show-society-cancels-2026-poultry-event-impact-of-h5n1/,1
Influenza,"Nelson Area, Australia",birds,confirmed_cases,2026-08-07,20,False,good,https://www.perthnow.com.au/news/business/challenge-for-native-bird-colony-amid-flu-outbreak-c-22694384,1
Influenza,"Nelson Area, Australia",birds,suspected_cases,2026-08-07,20,False,good,https://www.perthnow.com.au/news/business/challenge-for-native-bird-colony-amid-flu-outbreak-c-22694384,1
Influenza,"Nelson Area, Australia",crested terns,confirmed_cases,2026-08-07,20,False,good,https://www.perthnow.com.au/news/business/challenge-for-native-bird-colony-amid-flu-outbreak-c-22694384,1
Influenza,"Nelson Area, Australia",crested terns,suspected_cases,2026-08-07,20,False,good,https://www.perthnow.com.au/news/business/challenge-for-native-bird-colony-amid-flu-outbreak-c-22694384,1
Influenza,"Nelson Area, Australia",greater crested terns,confirmed_cases,2026-08-07,20,False,good,https://www.perthnow.com.au/news/business/challenge-for-native-bird-colony-amid-flu-outbreak-c-22694384,1
Influenza,"Nelson Area, Australia",greater crested terns,suspected_cases,2026-08-07,20,False,good,https://www.perthnow.com.au/news/business/challenge-for-native-bird-colony-amid-flu-outbreak-c-22694384,1
Influenza,"Nelson Area, Australia",terns,confirmed_cases,2026-08-07,20,False,good,https://www.perthnow.com.au/news/business/challenge-for-native-bird-colony-amid-flu-outbreak-c-22694384,1
Influenza,"Nelson Area, Australia",terns,suspected_cases,2026-08-07,20,False,good,https://www.perthnow.com.au/news/business/challenge-for-native-bird-colony-amid-flu-outbreak-c-22694384,1
Influenza,"New South Wales, Australia",birds,suspected_cases,2026-08-12,5,False,good,https://www.miragenews.com/wildlife-responds-as-gingham-waterhole-fills-1726380/,1
Influenza,"New South Wales, Australia",greater crested terns,confirmed_cases,2026-08-15,5,False,good,https://www.perthnow.com.au/news/business/little-penguin-dies-from-bird-flu-as-case-numbers-grow-c-22729173,1
Influenza,"New South Wales, Australia",greater crested terns,confirmed_deaths,2026-08-15,1,False,good,https://www.perthnow.com.au/news/business/little-penguin-dies-from-bird-flu-as-case-numbers-grow-c-22729173,1
Influenza,"New South Wales, Australia",greater crested terns,suspected_cases,2026-08-15,5,False,good,https://www.perthnow.com.au/news/business/little-penguin-dies-from-bird-flu-as-case-numbers-grow-c-22729173,1
Influenza,"New South Wales, Australia",humans,suspected_cases,2026-08-15,5,False,good,https://www.perthnow.com.au/news/business/little-penguin-dies-from-bird-flu-as-case-numbers-grow-c-22729173,1
Influenza,New Zealand,birds,confirmed_cases,2026-08-07,1,False,good,https://www.rnz.co.nz/news/environment/928539/bird-flu-preparations-ramp-up-as-cases-rise-in-australia,1
Influenza,New Zealand,birds,confirmed_cases,2026-08-15,1,False,good,https://www.rnz.co.nz/news/pacific/1006220/pacific-reach-out-to-nz-for-information-on-bird-flu,1
Influenza,New Zealand,birds,suspected_cases,2026-08-15,1,False,good,https://www.rnz.co.nz/news/pacific/1006220/pacific-reach-out-to-nz-for-information-on-bird-flu,1
Influenza,New Zealand,seabirds,confirmed_cases,2026-08-15,1,False,good,https://www.rnz.co.nz/news/pacific/1006220/pacific-reach-out-to-nz-for-information-on-bird-flu,1
Influenza,New Zealand,swamp harriers,confirmed_cases,2026-08-07,1,False,good,https://www.rnz.co.nz/news/environment/928539/bird-flu-preparations-ramp-up-as-cases-rise-in-australia,1
Influenza,New Zealand,swamp harriers,suspected_cases,2026-08-07,1,False,good,https://www.rnz.co.nz/news/environment/928539/bird-flu-preparations-ramp-up-as-cases-rise-in-australia,1
Influenza,"Northern Jarrah Forest, Australia",Baudin’s black cockatoos,suspected_cases,2026-08-13,10,False,good,https://www.smh.com.au/national/western-australia/wa-s-endangered-black-cockatoos-are-under-threat-here-s-what-perth-zoo-is-doing-about-it-20260813-p60o1c.html,1
Influenza,"Northern Jarrah Forest, Australia",Carnaby’s black cockatoos,suspected_cases,2026-08-13,10,False,good,https://www.smh.com.au/national/western-australia/wa-s-endangered-black-cockatoos-are-under-threat-here-s-what-perth-zoo-is-doing-about-it-20260813-p60o1c.html,1
Influenza,"Northern Jarrah Forest, Australia",black cockatoos,suspected_cases,2026-08-13,10,False,good,https://www.smh.com.au/national/western-australia/wa-s-endangered-black-cockatoos-are-under-threat-here-s-what-perth-zoo-is-doing-about-it-20260813-p60o1c.html,1
Influenza,"Northern Jarrah Forest, Australia",black cockatoos,suspected_deaths,2026-08-13,10,False,good,https://www.smh.com.au/national/western-australia/wa-s-endangered-black-cockatoos-are-under-threat-here-s-what-perth-zoo-is-doing-about-it-20260813-p60o1c.html,1
Influenza,"Northern Jarrah Forest, Australia",forest red-tailed black cockatoos,suspected_cases,2026-08-13,10,False,good,https://www.smh.com.au/national/western-australia/wa-s-endangered-black-cockatoos-are-under-threat-here-s-what-perth-zoo-is-doing-about-it-20260813-p60o1c.html,1
Influenza,"Nova Scotia, Canada",humans,confirmed_cases,2026-08-07,9,False,good,https://www.cbc.ca/news/canada/nova-scotia/brandon-hendershot-lawsuit-9.7298314,1
Influenza,"Perth Zoo, Australia",Baudin’s cockatoos,suspected_cases,2026-08-13,10,False,good,https://www.smh.com.au/national/western-australia/wa-s-endangered-black-cockatoos-are-under-threat-here-s-what-perth-zoo-is-doing-about-it-20260813-p60o1c.html,1
Influenza,"Perth Zoo, Australia",Carnaby’s cockatoos,suspected_cases,2026-08-13,10,False,good,https://www.smh.com.au/national/western-australia/wa-s-endangered-black-cockatoos-are-under-threat-here-s-what-perth-zoo-is-doing-about-it-20260813-p60o1c.html,1
Influenza,"Perth Zoo, Australia",birds,suspected_cases,2026-08-13,10,False,good,https://www.smh.com.au/national/western-australia/wa-s-endangered-black-cockatoos-are-under-threat-here-s-what-perth-zoo-is-doing-about-it-20260813-p60o1c.html,1
Influenza,"Perth Zoo, Australia",black cockatoos,suspected_cases,2026-08-13,10,False,good,https://www.smh.com.au/national/western-australia/wa-s-endangered-black-cockatoos-are-under-threat-here-s-what-perth-zoo-is-doing-about-it-20260813-p60o1c.html,1
Influenza,"Perth Zoo, Australia",forest red-tailed black cockatoos,suspected_cases,2026-08-13,10,False,good,https://www.smh.com.au/national/western-australia/wa-s-endangered-black-cockatoos-are-under-threat-here-s-what-perth-zoo-is-doing-about-it-20260813-p60o1c.html,1
Influenza,"Phillip Island, Australia",penguins,suspected_cases,2026-08-17,5000,False,good,https://aif.ru/society/v-avstralii-provodyat-massovuyu-vakcinaciyu-pingvinov-iz-za-ptichego-grippa,1
Influenza,"Port Fairy, Australia",birds,suspected_cases,2026-08-07,2,False,good,https://www.perthnow.com.au/news/business/challenge-for-native-bird-colony-amid-flu-outbreak-c-22694384,1
Influenza,"Port Fairy, Australia",terns,suspected_cases,2026-08-07,2,False,good,https://www.perthnow.com.au/news/business/challenge-for-native-bird-colony-amid-flu-outbreak-c-22694384,1
Influenza,"Portland, Australia",birds,confirmed_cases,2026-08-07,20,False,good,https://www.perthnow.com.au/news/business/challenge-for-native-bird-colony-amid-flu-outbreak-c-22694384,1
Influenza,"Portland, Australia",birds,suspected_cases,2026-08-07,20,False,good,https://www.perthnow.com.au/news/business/challenge-for-native-bird-colony-amid-flu-outbreak-c-22694384,1
Influenza,"Portland, Australia",greater crested terns,confirmed_cases,2026-08-07,20,False,good,https://www.perthnow.com.au/news/business/challenge-for-native-bird-colony-amid-flu-outbreak-c-22694384,1
Influenza,"Portland, Australia",greater crested terns,suspected_cases,2026-08-07,20,False,good,https://www.perthnow.com.au/news/business/challenge-for-native-bird-colony-amid-flu-outbreak-c-22694384,1
Influenza,"Portland, Australia",terns,confirmed_cases,2026-08-07,20,False,good,https://www.perthnow.com.au/news/business/challenge-for-native-bird-colony-amid-flu-outbreak-c-22694384,1
Influenza,"Portland, Australia",terns,suspected_cases,2026-08-07,20,False,good,https://www.perthnow.com.au/news/business/challenge-for-native-bird-colony-amid-flu-outbreak-c-22694384,1
Influenza,"Richards Town, India",humans,confirmed_cases,2026-08-17,2,False,good,https://www.moneycontrol.com/city/bengaluru-school-shuts-after-over-500-students-21-staff-fall-ill-2-h1n1-cases-confirmed-article-14007277.html,1
Influenza,"Richards Town, India",humans,confirmed_cases,2026-08-18,2,False,good,https://trak.in/stories/h1n1-outbreak-in-bengaluru-school-500-students-fell-ill-school-shut-down/,1
Influenza,"Richards Town, India",humans,suspected_deaths,2026-08-18,2,False,good,https://trak.in/stories/h1n1-outbreak-in-bengaluru-school-500-students-fell-ill-school-shut-down/,1
Influenza,"Seal Bay, Australia",birds,confirmed_cases,2026-08-07,1,False,good,https://www.perthnow.com.au/news/business/challenge-for-native-bird-colony-amid-flu-outbreak-c-22694384,1
Influenza,"Seal Bay, Australia",birds,suspected_cases,2026-08-07,1,False,good,https://www.perthnow.com.au/news/business/challenge-for-native-bird-colony-amid-flu-outbreak-c-22694384,1
Influenza,"Southern regions, Australia",birds,confirmed_cases,2026-08-08,28,False,good,https://www.standard.net.au/story/9326465/first-inland-bird-flu-case-sparks-alarm-bells/,1
Influenza,"Southern regions, Australia",birds,suspected_cases,2026-08-11,200,False,good,https://www.illawarramercury.com.au/story/9327936/at-risk-flu-vaccine-bid-to-spare-endangered-birds/; https://www.odt.co.nz/news/world/flu-vaccinations-to-be-rolled-out-for-endangered-birds-in-australia-avhw2c4t; https://www.perthnow.com.au/news/politics/flu-vaccinations-to-be-rolled-out-for-endangered-birds-c-22705415,3
Influenza,"Southern regions, Australia",birds,suspected_deaths,2026-08-11,200,False,good,https://www.illawarramercury.com.au/story/9327936/at-risk-flu-vaccine-bid-to-spare-endangered-birds/; https://www.odt.co.nz/news/world/flu-vaccinations-to-be-rolled-out-for-endangered-birds-in-australia-avhw2c4t; https://www.perthnow.com.au/news/politics/flu-vaccinations-to-be-rolled-out-for-endangered-birds-c-22705415,3
Influenza,"Southern regions, Australia",greater crested terns,confirmed_cases,2026-08-08,28,False,good,https://www.perthnow.com.au/news/politics/first-inland-bird-flu-case-sparks-alarm-bells-c-22696874; https://www.standard.net.au/story/9326465/first-inland-bird-flu-case-sparks-alarm-bells/,2
Influenza,"Southern regions, Australia",seabirds,confirmed_cases,2026-08-08,28,False,good,https://www.perthnow.com.au/news/politics/first-inland-bird-flu-case-sparks-alarm-bells-c-22696874,1
Influenza,"St Kilda, Australia",birds,confirmed_cases,2026-08-18,1,False,good,https://latrobevalleyexpress.com.au/news/2026/08/18/no-anti-vaxxers-among-the-birds/,1
Influenza,"St Kilda, Australia",crested terns,confirmed_cases,2026-08-15,2,False,good,https://www.geelongadvertiser.com.au/news/victoria/deadly-h5n1-bird-flu-infiltrates-phillip-island-penguin-population/news-story/dfd241f1f9a5906a04e935171b252290?nk=cf68150328cb0215c0a5331d9bcdf39d-1786782682,1
Influenza,"St Kilda, Australia",little penguins,confirmed_cases,2026-08-18,1,False,good,https://latrobevalleyexpress.com.au/news/2026/08/18/no-anti-vaxxers-among-the-birds/,1
Influenza,"St Kilda, Australia",penguins,confirmed_cases,2026-08-15,1,False,good,https://www.geelongadvertiser.com.au/news/victoria/deadly-h5n1-bird-flu-infiltrates-phillip-island-penguin-population/news-story/dfd241f1f9a5906a04e935171b252290?nk=cf68150328cb0215c0a5331d9bcdf39d-1786782682,1
Influenza,"St Kilda, Australia",penguins,confirmed_cases,2026-08-18,1,False,good,https://latrobevalleyexpress.com.au/news/2026/08/18/no-anti-vaxxers-among-the-birds/,1
Influenza,"St Kilda, Australia",penguins,confirmed_deaths,2026-08-16,1,False,good,https://www.abc.net.au/news/2026-08-17/victoria-h5n1-bird-flu-penguin-phillip-island-vaccination/107043680,1
Influenza,"St Kilda, Australia",penguins,suspected_cases,2026-08-16,1,False,good,https://www.abc.net.au/news/2026-08-17/victoria-h5n1-bird-flu-penguin-phillip-island-vaccination/107043680,1
Influenza,"St Kilda, Australia",penguins,suspected_deaths,2026-08-16,1,False,good,https://www.abc.net.au/news/2026-08-17/victoria-h5n1-bird-flu-penguin-phillip-island-vaccination/107043680,1
Influenza,"Tasmania, Australia",birds,confirmed_cases,2026-08-13,1,False,good,https://www.sbs.com.au/language/japanese/en/podcast-episode/sbs-japanese-news-for-thursday-13-august/7r1ys1bvt,1
Influenza,"Tasmania, Australia",crested terns,confirmed_cases,2026-08-17,2,False,good,https://www.canberratimes.com.au/story/9331886/vets-turn-away-injured-wildlife-amid-bird-flu-fears/; https://www.narrominenewsonline.com.au/story/9331886/vets-turn-away-injured-wildlife-amid-bird-flu-fears/,2
Influenza,"Tasmania, Australia",crested terns,confirmed_deaths,2026-08-17,2,False,good,https://www.canberratimes.com.au/story/9331886/vets-turn-away-injured-wildlife-amid-bird-flu-fears/; https://www.narrominenewsonline.com.au/story/9331886/vets-turn-away-injured-wildlife-amid-bird-flu-fears/,2
Influenza,"Tasmania, Australia",crested terns,suspected_cases,2026-08-17,2,False,good,https://www.canberratimes.com.au/story/9331886/vets-turn-away-injured-wildlife-amid-bird-flu-fears/; https://www.narrominenewsonline.com.au/story/9331886/vets-turn-away-injured-wildlife-amid-bird-flu-fears/,2
Influenza,"Tasmania, Australia",crested terns,suspected_deaths,2026-08-17,2,False,good,https://www.canberratimes.com.au/story/9331886/vets-turn-away-injured-wildlife-amid-bird-flu-fears/; https://www.narrominenewsonline.com.au/story/9331886/vets-turn-away-injured-wildlife-amid-bird-flu-fears/,2
Influenza,"Tasmania, Australia",silver gulls,confirmed_cases,2026-08-17,2,False,good,https://www.canberratimes.com.au/story/9331886/vets-turn-away-injured-wildlife-amid-bird-flu-fears/; https://www.narrominenewsonline.com.au/story/9331886/vets-turn-away-injured-wildlife-amid-bird-flu-fears/,2
Influenza,"Tasmania, Australia",silver gulls,confirmed_deaths,2026-08-17,2,False,good,https://www.canberratimes.com.au/story/9331886/vets-turn-away-injured-wildlife-amid-bird-flu-fears/; https://www.narrominenewsonline.com.au/story/9331886/vets-turn-away-injured-wildlife-amid-bird-flu-fears/,2
Influenza,"Tasmania, Australia",silver gulls,suspected_cases,2026-08-17,2,False,good,https://www.canberratimes.com.au/story/9331886/vets-turn-away-injured-wildlife-amid-bird-flu-fears/; https://www.narrominenewsonline.com.au/story/9331886/vets-turn-away-injured-wildlife-amid-bird-flu-fears/,2
Influenza,"Tasmania, Australia",silver gulls,suspected_deaths,2026-08-17,2,False,good,https://www.canberratimes.com.au/story/9331886/vets-turn-away-injured-wildlife-amid-bird-flu-fears/; https://www.narrominenewsonline.com.au/story/9331886/vets-turn-away-injured-wildlife-amid-bird-flu-fears/,2
Influenza,"Tasmania, Australia",wild birds,confirmed_cases,2026-08-17,4,False,good,https://www.canberratimes.com.au/story/9331886/vets-turn-away-injured-wildlife-amid-bird-flu-fears/; https://www.narrominenewsonline.com.au/story/9331886/vets-turn-away-injured-wildlife-amid-bird-flu-fears/,2
Influenza,"Tasmania, Australia",wild birds,confirmed_deaths,2026-08-17,2,False,good,https://www.canberratimes.com.au/story/9331886/vets-turn-away-injured-wildlife-amid-bird-flu-fears/; https://www.narrominenewsonline.com.au/story/9331886/vets-turn-away-injured-wildlife-amid-bird-flu-fears/,2
Influenza,"Tasmania, Australia",wild birds,suspected_cases,2026-08-17,4,False,good,https://www.narrominenewsonline.com.au/story/9331886/vets-turn-away-injured-wildlife-amid-bird-flu-fears/,1
Influenza,"Tasmania, Australia",wild birds,suspected_cases,2026-08-17,6,False,good,https://www.canberratimes.com.au/story/9331886/vets-turn-away-injured-wildlife-amid-bird-flu-fears/,1
Influenza,"Tasmania, Australia",wild birds,suspected_deaths,2026-08-17,4,False,good,https://www.canberratimes.com.au/story/9331886/vets-turn-away-injured-wildlife-amid-bird-flu-fears/; https://www.narrominenewsonline.com.au/story/9331886/vets-turn-away-injured-wildlife-amid-bird-flu-fears/,2
Influenza,United States,humans,confirmed_cases,2026-08-08,71,False,good,https://www.abc.net.au/news/2026-08-09/everything-you-need-to-know-about-australias-bird-flu-surge/106998006,1
Influenza,United States,humans,suspected_cases,2026-08-08,2,False,good,https://www.abc.net.au/news/2026-08-09/everything-you-need-to-know-about-australias-bird-flu-surge/106998006,1
Influenza,United States,humans,suspected_deaths,2026-08-08,2,False,good,https://www.abc.net.au/news/2026-08-09/everything-you-need-to-know-about-australias-bird-flu-surge/106998006,1
Influenza,Victoria Coastline,albatrosses,suspected_cases,2026-08-07,1,False,good,https://www.perthnow.com.au/news/business/challenge-for-native-bird-colony-amid-flu-outbreak-c-22694384,1
Influenza,Victoria Coastline,birds,suspected_cases,2026-08-07,2,False,good,https://www.perthnow.com.au/news/business/challenge-for-native-bird-colony-amid-flu-outbreak-c-22694384,1
Influenza,Victoria Coastline,crested terns,suspected_cases,2026-08-07,2,False,good,https://www.perthnow.com.au/news/business/challenge-for-native-bird-colony-amid-flu-outbreak-c-22694384,1
Influenza,Victoria Coastline,seals,suspected_cases,2026-08-07,1,False,good,https://www.perthnow.com.au/news/business/challenge-for-native-bird-colony-amid-flu-outbreak-c-22694384,1
Influenza,Victoria Coastline,short-tailed shearwaters,suspected_cases,2026-08-07,2,False,good,https://www.perthnow.com.au/news/business/challenge-for-native-bird-colony-amid-flu-outbreak-c-22694384,1
Influenza,Victoria Coastline,terns,suspected_cases,2026-08-07,2,False,good,https://www.perthnow.com.au/news/business/challenge-for-native-bird-colony-amid-flu-outbreak-c-22694384,1
Influenza,Victoria South-West,penguins,confirmed_cases,2026-08-16,1,False,good,https://www.abc.net.au/news/2026-08-17/victoria-h5n1-bird-flu-penguin-phillip-island-vaccination/107043680,1
Influenza,Victoria South-West,penguins,confirmed_deaths,2026-08-16,1,False,good,https://www.abc.net.au/news/2026-08-17/victoria-h5n1-bird-flu-penguin-phillip-island-vaccination/107043680,1
Influenza,Victoria South-West,penguins,suspected_cases,2026-08-16,1,False,good,https://www.abc.net.au/news/2026-08-17/victoria-h5n1-bird-flu-penguin-phillip-island-vaccination/107043680,1
Influenza,Victoria South-West,penguins,suspected_deaths,2026-08-16,1,False,good,https://www.abc.net.au/news/2026-08-17/victoria-h5n1-bird-flu-penguin-phillip-island-vaccination/107043680,1
Influenza,Victoria South-West,seabirds,confirmed_cases,2026-08-16,1,False,good,https://www.abc.net.au/news/2026-08-17/victoria-h5n1-bird-flu-penguin-phillip-island-vaccination/107043680,1
Influenza,Victoria South-West,seabirds,confirmed_deaths,2026-08-16,1,False,good,https://www.abc.net.au/news/2026-08-17/victoria-h5n1-bird-flu-penguin-phillip-island-vaccination/107043680,1
Influenza,Victoria South-West,seabirds,suspected_cases,2026-08-16,1,False,good,https://www.abc.net.au/news/2026-08-17/victoria-h5n1-bird-flu-penguin-phillip-island-vaccination/107043680,1
Influenza,Victoria South-West,seabirds,suspected_deaths,2026-08-16,1,False,good,https://www.abc.net.au/news/2026-08-17/victoria-h5n1-bird-flu-penguin-phillip-island-vaccination/107043680,1
Influenza,Victoria Southwest,chickens,confirmed_cases,2026-08-08,10,False,good,https://www.standard.net.au/story/9326465/first-inland-bird-flu-case-sparks-alarm-bells/,1
Influenza,Victoria Southwest,greater crested terns,confirmed_cases,2026-08-08,10,False,good,https://www.perthnow.com.au/news/politics/first-inland-bird-flu-case-sparks-alarm-bells-c-22696874,1
Influenza,"Victoria, Australia",albatrosses,suspected_cases,2026-08-07,1,False,good,https://www.perthnow.com.au/news/business/challenge-for-native-bird-colony-amid-flu-outbreak-c-22694384,1
Influenza,"Victoria, Australia",birds,confirmed_cases,2026-08-07,20,False,good,https://www.perthnow.com.au/news/business/challenge-for-native-bird-colony-amid-flu-outbreak-c-22694384,1
Influenza,"Victoria, Australia",birds,confirmed_cases,2026-08-18,74,False,good,https://www.bordermail.com.au/story/9332317/finley-show-society-cancels-2026-poultry-event-impact-of-h5n1/,1
Influenza,"Victoria, Australia",birds,suspected_cases,2026-08-07,2,False,good,https://www.perthnow.com.au/news/business/challenge-for-native-bird-colony-amid-flu-outbreak-c-22694384,1
Influenza,"Victoria, Australia",birds,suspected_cases,2026-08-18,74,False,good,https://www.bordermail.com.au/story/9332317/finley-show-society-cancels-2026-poultry-event-impact-of-h5n1/,1
Influenza,"Victoria, Australia",chickens,confirmed_cases,2026-08-07,47,False,good,https://www.standard.net.au/story/9325632/royal-show-cancels-poultry-exhibits-over-bird-flu-fears/,1
Influenza,"Victoria, Australia",chickens,confirmed_cases,2026-08-08,10,True,monotonicity,https://www.standard.net.au/story/9326465/first-inland-bird-flu-case-sparks-alarm-bells/,1
Influenza,"Victoria, Australia",chickens,suspected_cases,2026-08-07,47,False,good,https://www.standard.net.au/story/9325632/royal-show-cancels-poultry-exhibits-over-bird-flu-fears/,1
Influenza,"Victoria, Australia",crested terns,confirmed_cases,2026-08-07,20,False,good,https://www.perthnow.com.au/news/business/challenge-for-native-bird-colony-amid-flu-outbreak-c-22694384,1
Influenza,"Victoria, Australia",crested terns,suspected_cases,2026-08-07,20,False,good,https://www.perthnow.com.au/news/business/challenge-for-native-bird-colony-amid-flu-outbreak-c-22694384,1
Influenza,"Victoria, Australia",penguins,confirmed_cases,2026-08-15,1,False,good,https://www.geelongadvertiser.com.au/news/victoria/deadly-h5n1-bird-flu-infiltrates-phillip-island-penguin-population/news-story/dfd241f1f9a5906a04e935171b252290?nk=cf68150328cb0215c0a5331d9bcdf39d-1786782682,1
Influenza,"Victoria, Australia",penguins,confirmed_cases,2026-08-16,1,False,good,https://www.abc.net.au/news/2026-08-17/victoria-h5n1-bird-flu-penguin-phillip-island-vaccination/107043680,1
Influenza,"Victoria, Australia",penguins,confirmed_deaths,2026-08-15,1,False,good,https://www.geelongadvertiser.com.au/news/victoria/deadly-h5n1-bird-flu-infiltrates-phillip-island-penguin-population/news-story/dfd241f1f9a5906a04e935171b252290?nk=cf68150328cb0215c0a5331d9bcdf39d-1786782682,1
Influenza,"Victoria, Australia",penguins,confirmed_deaths,2026-08-16,1,False,good,https://www.abc.net.au/news/2026-08-17/victoria-h5n1-bird-flu-penguin-phillip-island-vaccination/107043680,1
Influenza,"Victoria, Australia",penguins,suspected_cases,2026-08-15,1,False,good,https://www.geelongadvertiser.com.au/news/victoria/deadly-h5n1-bird-flu-infiltrates-phillip-island-penguin-population/news-story/dfd241f1f9a5906a04e935171b252290?nk=cf68150328cb0215c0a5331d9bcdf39d-1786782682,1
Influenza,"Victoria, Australia",penguins,suspected_cases,2026-08-16,1,False,good,https://www.abc.net.au/news/2026-08-17/victoria-h5n1-bird-flu-penguin-phillip-island-vaccination/107043680,1
Influenza,"Victoria, Australia",penguins,suspected_cases,2026-08-17,5000,False,good,https://aif.ru/society/v-avstralii-provodyat-massovuyu-vakcinaciyu-pingvinov-iz-za-ptichego-grippa,1
Influenza,"Victoria, Australia",penguins,suspected_deaths,2026-08-15,1,False,good,https://www.geelongadvertiser.com.au/news/victoria/deadly-h5n1-bird-flu-infiltrates-phillip-island-penguin-population/news-story/dfd241f1f9a5906a04e935171b252290?nk=cf68150328cb0215c0a5331d9bcdf39d-1786782682,1
Influenza,"Victoria, Australia",penguins,suspected_deaths,2026-08-16,1,False,good,https://www.abc.net.au/news/2026-08-17/victoria-h5n1-bird-flu-penguin-phillip-island-vaccination/107043680,1
Influenza,"Victoria, Australia",seals,suspected_cases,2026-08-07,1,False,good,https://www.standard.net.au/story/9325632/royal-show-cancels-poultry-exhibits-over-bird-flu-fears/,1
Influenza,"Victoria, Australia",seals,suspected_deaths,2026-08-07,1,False,good,https://www.standard.net.au/story/9325632/royal-show-cancels-poultry-exhibits-over-bird-flu-fears/,1
Influenza,"Victoria, Australia",terns,confirmed_cases,2026-08-07,20,False,good,https://www.perthnow.com.au/news/business/challenge-for-native-bird-colony-amid-flu-outbreak-c-22694384,1
Influenza,"Victoria, Australia",terns,confirmed_cases,2026-08-15,2,True,monotonicity,https://www.geelongadvertiser.com.au/news/victoria/deadly-h5n1-bird-flu-infiltrates-phillip-island-penguin-population/news-story/dfd241f1f9a5906a04e935171b252290?nk=cf68150328cb0215c0a5331d9bcdf39d-1786782682,1
Influenza,"Victoria, Australia",terns,confirmed_deaths,2026-08-15,2,False,good,https://www.geelongadvertiser.com.au/news/victoria/deadly-h5n1-bird-flu-infiltrates-phillip-island-penguin-population/news-story/dfd241f1f9a5906a04e935171b252290?nk=cf68150328cb0215c0a5331d9bcdf39d-1786782682,1
Influenza,"Victoria, Australia",terns,suspected_cases,2026-08-07,20,False,good,https://www.perthnow.com.au/news/business/challenge-for-native-bird-colony-amid-flu-outbreak-c-22694384,1
Influenza,"Victoria, Australia",terns,suspected_cases,2026-08-15,2,True,monotonicity,https://www.geelongadvertiser.com.au/news/victoria/deadly-h5n1-bird-flu-infiltrates-phillip-island-penguin-population/news-story/dfd241f1f9a5906a04e935171b252290?nk=cf68150328cb0215c0a5331d9bcdf39d-1786782682,1
Influenza,"Victorian Poultry Farms, Australia",chickens,suspected_cases,2026-08-07,47,False,good,https://www.standard.net.au/story/9325632/royal-show-cancels-poultry-exhibits-over-bird-flu-fears/,1
Influenza,"Victorian Poultry Farms, Australia",poultry,suspected_cases,2026-08-07,47,False,good,https://www.standard.net.au/story/9325632/royal-show-cancels-poultry-exhibits-over-bird-flu-fears/,1
Influenza,"Victorian Poultry Farms, Australia",seals,suspected_cases,2026-08-07,1,False,good,https://www.standard.net.au/story/9325632/royal-show-cancels-poultry-exhibits-over-bird-flu-fears/,1
Influenza,"Waipukurau, New Zealand",humans,suspected_cases,2026-08-17,5,False,good,https://www.nzherald.co.nz/hawkes-bay-today/news/hawkes-bay-rise-in-school-absences-and-ed-visits-as-winter-bugs-spread/VBLLWURH3JAEXN3KIQFW6DICII/,1
Influenza,"Wairarapa, New Zealand",birds,confirmed_cases,2026-08-07,1,False,good,https://www.rnz.co.nz/news/environment/928539/bird-flu-preparations-ramp-up-as-cases-rise-in-australia,1
Influenza,"Wairarapa, New Zealand",kāhu,confirmed_cases,2026-08-07,1,False,good,https://www.rnz.co.nz/news/environment/928539/bird-flu-preparations-ramp-up-as-cases-rise-in-australia,1
Influenza,"Warrnambool, Australia",birds,suspected_cases,2026-08-07,1,False,good,https://www.perthnow.com.au/news/business/challenge-for-native-bird-colony-amid-flu-outbreak-c-22694384,1
Influenza,"Warrnambool, Australia",greater crested terns,suspected_cases,2026-08-07,1,False,good,https://www.perthnow.com.au/news/business/challenge-for-native-bird-colony-amid-flu-outbreak-c-22694384,1
Influenza,"Warrnambool, Australia",seals,suspected_cases,2026-08-07,1,False,good,https://www.perthnow.com.au/news/business/challenge-for-native-bird-colony-amid-flu-outbreak-c-22694384,1
Influenza,"Warrnambool, Australia",terns,suspected_cases,2026-08-07,1,False,good,https://www.perthnow.com.au/news/business/challenge-for-native-bird-colony-amid-flu-outbreak-c-22694384,1
Influenza,"Wellington Region, New Zealand",birds,confirmed_cases,2026-08-07,1,False,good,https://www.rnz.co.nz/news/environment/928539/bird-flu-preparations-ramp-up-as-cases-rise-in-australia,1
Influenza,"Wellington Region, New Zealand",birds,confirmed_cases,2026-08-17,2,False,good,https://www.scoop.co.nz/stories/SC2608/S00022/nz-has-spent-years-preparing-for-h5n1-bird-flu-for-some-species-it-may-not-be-enough.htm,1
Influenza,"Wellington Region, New Zealand",kāhu,confirmed_cases,2026-08-07,1,False,good,https://www.rnz.co.nz/news/environment/928539/bird-flu-preparations-ramp-up-as-cases-rise-in-australia,1
Influenza,"Wellington, New Zealand",birds,confirmed_cases,2026-08-07,1,False,good,https://www.rnz.co.nz/news/environment/928539/bird-flu-preparations-ramp-up-as-cases-rise-in-australia,1
Influenza,"Wellington, New Zealand",kāhu,confirmed_cases,2026-08-07,1,False,good,https://www.rnz.co.nz/news/environment/928539/bird-flu-preparations-ramp-up-as-cases-rise-in-australia,1
Influenza,"Western NSW, Australia",Greater Crested Terns,confirmed_cases,2026-08-15,1,False,good,https://www.gloucesteradvocate.com.au/story/9330870/nsw-confirms-fifth-h5-bird-flu-case-expands-vaccine-plans/,1
Influenza,"Western NSW, Australia",Greater Crested Terns,suspected_cases,2026-08-15,1,False,good,https://www.gloucesteradvocate.com.au/story/9330870/nsw-confirms-fifth-h5-bird-flu-case-expands-vaccine-plans/,1
Influenza,"Western NSW, Australia",Greater Crested Terns,suspected_deaths,2026-08-15,1,False,good,https://www.gloucesteradvocate.com.au/story/9330870/nsw-confirms-fifth-h5-bird-flu-case-expands-vaccine-plans/,1
Influenza,"Western NSW, Australia",birds,confirmed_cases,2026-08-15,1,False,good,https://www.gloucesteradvocate.com.au/story/9330870/nsw-confirms-fifth-h5-bird-flu-case-expands-vaccine-plans/,1
Influenza,"Western NSW, Australia",birds,suspected_cases,2026-08-15,2,False,good,https://www.gloucesteradvocate.com.au/story/9330870/nsw-confirms-fifth-h5-bird-flu-case-expands-vaccine-plans/,1
Influenza,"Western NSW, Australia",birds,suspected_deaths,2026-08-15,2,False,good,https://www.gloucesteradvocate.com.au/story/9330870/nsw-confirms-fifth-h5-bird-flu-case-expands-vaccine-plans/,1
Influenza,"Western regions, Australia",Baudin’s black cockatoos,confirmed_cases,2026-08-13,10,False,good,https://www.smh.com.au/national/western-australia/wa-s-endangered-black-cockatoos-are-under-threat-here-s-what-perth-zoo-is-doing-about-it-20260813-p60o1c.html,1
Influenza,"Western regions, Australia",Baudin’s black cockatoos,suspected_cases,2026-08-13,10,False,good,https://www.smh.com.au/national/western-australia/wa-s-endangered-black-cockatoos-are-under-threat-here-s-what-perth-zoo-is-doing-about-it-20260813-p60o1c.html,1
Influenza,"Western regions, Australia",Carnaby’s black cockatoos,confirmed_cases,2026-08-13,10,False,good,https://www.smh.com.au/national/western-australia/wa-s-endangered-black-cockatoos-are-under-threat-here-s-what-perth-zoo-is-doing-about-it-20260813-p60o1c.html,1
Influenza,"Western regions, Australia",Carnaby’s black cockatoos,suspected_cases,2026-08-13,10,False,good,https://www.smh.com.au/national/western-australia/wa-s-endangered-black-cockatoos-are-under-threat-here-s-what-perth-zoo-is-doing-about-it-20260813-p60o1c.html,1
Influenza,"Western regions, Australia",birds,confirmed_cases,2026-08-13,10,False,good,https://www.smh.com.au/national/western-australia/wa-s-endangered-black-cockatoos-are-under-threat-here-s-what-perth-zoo-is-doing-about-it-20260813-p60o1c.html,1
Influenza,"Western regions, Australia",birds,suspected_cases,2026-08-13,10,False,good,https://www.smh.com.au/national/western-australia/wa-s-endangered-black-cockatoos-are-under-threat-here-s-what-perth-zoo-is-doing-about-it-20260813-p60o1c.html,1
Influenza,"Western regions, Australia",black cockatoos,suspected_cases,2026-08-13,10,False,good,https://www.smh.com.au/national/western-australia/wa-s-endangered-black-cockatoos-are-under-threat-here-s-what-perth-zoo-is-doing-about-it-20260813-p60o1c.html,1
Influenza,"Western regions, Australia",forest red-tailed black cockatoos,confirmed_cases,2026-08-13,10,False,good,https://www.smh.com.au/national/western-australia/wa-s-endangered-black-cockatoos-are-under-threat-here-s-what-perth-zoo-is-doing-about-it-20260813-p60o1c.html,1
Influenza,"Western regions, Australia",forest red-tailed black cockatoos,suspected_cases,2026-08-13,10,False,good,https://www.smh.com.au/national/western-australia/wa-s-endangered-black-cockatoos-are-under-threat-here-s-what-perth-zoo-is-doing-about-it-20260813-p60o1c.html,1
Influenza,Zimbabwe,humans,confirmed_deaths,2026-08-18,4,False,good,https://www.newsday.co.zw/editorials/article/200059418/dont-just-calm-us-down-watch-our-backs,1
Influenza,Zimbabwe,humans,suspected_deaths,2026-08-18,4,False,good,https://www.newsday.co.zw/editorials/article/200059418/dont-just-calm-us-down-watch-our-backs,1
Illness of Unknown Etiology,"Adori, India",humans,confirmed_deaths,2026-08-13,7,False,good,https://www.dailythanthi.com/news/india/7-children-die-of-mysterious-illness-in-madhya-pradesh,1
Illness of Unknown Etiology,"Balaghat District, India",humans,confirmed_deaths,2026-08-13,7,False,good,https://www.dailythanthi.com/news/india/7-children-die-of-mysterious-illness-in-madhya-pradesh,1
Illness of Unknown Etiology,"Balaghat District, India",humans,suspected_deaths,2026-08-13,7,False,good,https://www.dailythanthi.com/news/india/7-children-die-of-mysterious-illness-in-madhya-pradesh,1
Illness of Unknown Etiology,"Bondari, India",humans,confirmed_deaths,2026-08-13,7,False,good,https://www.dailythanthi.com/news/india/7-children-die-of-mysterious-illness-in-madhya-pradesh,1
Illness of Unknown Etiology,"Madhya Pradesh, India",humans,confirmed_deaths,2026-08-13,7,False,good,https://www.dailythanthi.com/news/india/7-children-die-of-mysterious-illness-in-madhya-pradesh,1
Illness of Unknown Etiology,"Madhya Pradesh, India",humans,suspected_deaths,2026-08-13,7,False,good,https://www.dailythanthi.com/news/india/7-children-die-of-mysterious-illness-in-madhya-pradesh,1
West Nile Virus,"Agia Paraskevi Municipality, Greece",humans,confirmed_cases,2026-08-13,7,False,good,https://athina984.gr/2026/08/13/eody-45-kroysmata-loimoxis-toy-ioy-toy-dytikoy-neiloy-tin-teleytaia-evdomada-110-synolika-9-thanatoi/; https://www.protothema.gr/greece/article/1864258/se-ellada-kai-italia-i-megaluteri-exaplosi-tou-iou-tou-dutikou-neilou-stin-europi-oi-dimoi-me-ta-perissotera-krousmata/,2
West Nile Virus,"Agia Paraskevi Municipality, Greece",humans,confirmed_cases,2026-08-15,7,False,good,https://www.newsit.gr/ellada/ios-tou-dytikou-neilou-ayksisi-krousmaton-stin-attiki-magiorkinis-sto-epikentro-spata-kai-markopoulo/4751403/,1
West Nile Virus,"Agia Paraskevi Municipality, Greece",humans,suspected_cases,2026-08-13,7,False,good,https://athina984.gr/2026/08/13/eody-45-kroysmata-loimoxis-toy-ioy-toy-dytikoy-neiloy-tin-teleytaia-evdomada-110-synolika-9-thanatoi/; https://www.protothema.gr/greece/article/1864258/se-ellada-kai-italia-i-megaluteri-exaplosi-tou-iou-tou-dutikou-neilou-stin-europi-oi-dimoi-me-ta-perissotera-krousmata/,2
West Nile Virus,"Agia Paraskevi Municipality, Greece",humans,suspected_cases,2026-08-13,5,True,monotonicity,https://www.sofokleousin.gr/epixeiriseis/ygeia/eody-45-krousmata-loimoksis-tou-iou-tou-dytikou-neilou-tin-teleyt,1
West Nile Virus,"Agia Paraskevi Municipality, Greece",humans,suspected_cases,2026-08-15,7,False,good,https://www.newsit.gr/ellada/ios-tou-dytikou-neilou-ayksisi-krousmaton-stin-attiki-magiorkinis-sto-epikentro-spata-kai-markopoulo/4751403/,1
West Nile Virus,"Akontio, Greece",humans,confirmed_deaths,2026-08-13,9,False,good,https://athina984.gr/2026/08/13/deltio-eidiseon-stis-17-00-2141/,1
West Nile Virus,"Almensilla, Spain",humans,confirmed_cases,2026-08-11,1,False,good,https://www.europapress.es/andalucia/sevilla-00357/noticia-andalucia-suma-26-casos-virus-nilo-detectar-cinco-nuevos-provincia-sevilla-20260810135714.html,1
West Nile Virus,"Ambelokipi - Menemeni, Greece",humans,confirmed_cases,2026-08-13,1,False,good,https://www.sofokleousin.gr/epixeiriseis/ygeia/eody-45-krousmata-loimoksis-tou-iou-tou-dytikou-neilou-tin-teleyt,1
West Nile Virus,"Andalucía, Spain",humans,confirmed_cases,2026-08-13,34,False,good,https://www.notimerica.com/vida/noticia-andalucia-eleva-34-casos-virus-nilo-detectar-tres-nuevos-provincia-sevilla-ellos-grave-20260813113113.html,1
West Nile Virus,"Andalucía, Spain",humans,confirmed_cases,2026-08-18,46,False,good,https://www.sevillaactualidad.com/provincia/597227-andalucia-alcanza-los-46-casos-de-fiebre-del-nilo-tras-tres-nuevos-positivos-en-sevilla/,1
West Nile Virus,"Andalucía, Spain",humans,confirmed_deaths,2026-08-13,1,False,good,https://www.notimerica.com/vida/noticia-andalucia-eleva-34-casos-virus-nilo-detectar-tres-nuevos-provincia-sevilla-ellos-grave-20260813113113.html,1
West Nile Virus,"Andalucía, Spain",humans,confirmed_deaths,2026-08-18,1,False,good,https://www.sevillaactualidad.com/provincia/597227-andalucia-alcanza-los-46-casos-de-fiebre-del-nilo-tras-tres-nuevos-positivos-en-sevilla/,1
West Nile Virus,"Andalucía, Spain",humans,suspected_cases,2026-08-13,34,False,good,https://www.notimerica.com/vida/noticia-andalucia-eleva-34-casos-virus-nilo-detectar-tres-nuevos-provincia-sevilla-ellos-grave-20260813113113.html,1
West Nile Virus,"Andalusia, Spain",humans,confirmed_cases,2026-08-09,118,False,good,https://www.abc.es/sevilla/ciudad/jordi-figuerola-investigador-virus-nilo-casos-asintomaticos-20260809154209-nts.html,1
West Nile Virus,"Andalusia, Spain",humans,confirmed_cases,2026-08-09,21,True,monotonicity,https://www.laregion.es/salud/virus-nilo-alerta-suroeste-espana-casos-fallecido_1_20260809-4379729.html,1
West Nile Virus,"Andalusia, Spain",humans,confirmed_cases,2026-08-10,26,True,monotonicity,https://www.larazon.es/sociedad/aumenta-numero-casos-fiebre-nilo_202608106a79f66471b42a0b5de7f704.html,1
West Nile Virus,"Andalusia, Spain",humans,confirmed_cases,2026-08-14,38,True,monotonicity,https://www.laopiniondemalaga.es/andalucia/2026/08/14/virus-nilo-avanza-andalucia-38-133368759.html,1
West Nile Virus,"Andalusia, Spain",humans,confirmed_cases,2026-08-17,43,True,monotonicity,https://www.que.es/2026/08/17/fiebre-del-nilo-perros-hinojos/,1
West Nile Virus,"Andalusia, Spain",humans,confirmed_cases,2026-08-18,9,True,monotonicity,https://www.abc.es/sevilla/provincia/villamanrique-pueblo-casos-virus-nilo-concienciar-duenos-20260818143928-nts.html,1
West Nile Virus,"Andalusia, Spain",humans,confirmed_deaths,2026-08-09,1,False,good,https://www.laregion.es/salud/virus-nilo-alerta-suroeste-espana-casos-fallecido_1_20260809-4379729.html,1
West Nile Virus,"Andalusia, Spain",humans,confirmed_deaths,2026-08-10,1,False,good,https://www.larazon.es/sociedad/aumenta-numero-casos-fiebre-nilo_202608106a79f66471b42a0b5de7f704.html,1
West Nile Virus,"Andalusia, Spain",humans,confirmed_deaths,2026-08-17,1,False,good,https://www.que.es/2026/08/17/fiebre-del-nilo-perros-hinojos/,1
West Nile Virus,"Andalusia, Spain",humans,suspected_cases,2026-08-09,21,False,good,https://www.laregion.es/salud/virus-nilo-alerta-suroeste-espana-casos-fallecido_1_20260809-4379729.html,1
West Nile Virus,"Andalusia, Spain",humans,suspected_cases,2026-08-10,5,True,monotonicity,https://www.larazon.es/sociedad/aumenta-numero-casos-fiebre-nilo_202608106a79f66471b42a0b5de7f704.html,1
West Nile Virus,"Andalusia, Spain",humans,suspected_cases,2026-08-17,43,False,good,https://www.que.es/2026/08/17/fiebre-del-nilo-perros-hinojos/,1
West Nile Virus,"Antirrio, Greece",humans,confirmed_deaths,2026-08-13,9,False,good,https://athina984.gr/2026/08/13/deltio-eidiseon-stis-17-00-2141/,1
West Nile Virus,"Aquebogue, United States",mosquitoes,confirmed_cases,2026-08-14,26,False,good,https://suffolkcountyny.gov/News/ArtMID/583/ArticleID/15269/Twenty-Five-Mosquito-Samples-Test-Positive-for-West-Nile-Virus,1
West Nile Virus,"Argolida, Greece",humans,confirmed_deaths,2026-08-13,9,False,good,https://athina984.gr/2026/08/13/deltio-eidiseon-stis-17-00-2141/,1
West Nile Virus,"Arizona, United States",birds,confirmed_cases,2026-08-18,73,False,good,https://www.independent.co.uk/news/world/americas/west-nile-virus-mosquito-cases-deaths-us-b3034893.html,1
West Nile Virus,"Arizona, United States",birds,confirmed_deaths,2026-08-18,5,False,good,https://www.independent.co.uk/news/world/americas/west-nile-virus-mosquito-cases-deaths-us-b3034893.html,1
West Nile Virus,"Arizona, United States",birds,suspected_cases,2026-08-11,5,False,good,https://www.independent.co.uk/news/world/americas/mosquitoes-us-summer-drought-climate-west-nile-virus-b3030595.html,1
West Nile Virus,"Arizona, United States",birds,suspected_cases,2026-08-18,78,False,good,https://www.independent.co.uk/news/world/americas/west-nile-virus-mosquito-cases-deaths-us-b3034893.html,1
West Nile Virus,"Arizona, United States",birds,suspected_deaths,2026-08-18,5,False,good,https://www.independent.co.uk/news/world/americas/west-nile-virus-mosquito-cases-deaths-us-b3034893.html,1
West Nile Virus,"Arizona, United States",humans,confirmed_cases,2026-08-07,71,False,good,https://nypost.com/2026/08/07/health/brain-swelling-disease-carried-by-mosquitos-is-surging-with-highest-numbers-so-far-in-22-years/,1
West Nile Virus,"Arizona, United States",humans,confirmed_cases,2026-08-18,73,False,good,https://www.independent.co.uk/news/world/americas/west-nile-virus-mosquito-cases-deaths-us-b3034893.html,1
West Nile Virus,"Arizona, United States",humans,confirmed_deaths,2026-08-18,5,False,good,https://www.independent.co.uk/news/world/americas/west-nile-virus-mosquito-cases-deaths-us-b3034893.html,1
West Nile Virus,"Arizona, United States",humans,suspected_cases,2026-08-18,5,False,good,https://www.independent.co.uk/news/world/americas/west-nile-virus-mosquito-cases-deaths-us-b3034893.html,1
West Nile Virus,"Athens, Greece",birds,confirmed_deaths,2026-08-17,6,False,good,https://www.achaianews.gr/index.php/%CF%8C%CE%BB%CE%B1-%CF%84%CE%B1-%CE%BD%CE%AD%CE%B1-h/%CF%85%CE%B3%CE%B5%CE%AF%CE%B1%CF%82-%CE%B8%CE%B5%CE%BC%CE%B1%CF%84%CE%B1/230843-a948ae20,1
West Nile Virus,"Athens, Greece",birds,suspected_cases,2026-08-17,6,False,good,https://www.achaianews.gr/index.php/%CF%8C%CE%BB%CE%B1-%CF%84%CE%B1-%CE%BD%CE%AD%CE%B1-h/%CF%85%CE%B3%CE%B5%CE%AF%CE%B1%CF%82-%CE%B8%CE%B5%CE%BC%CE%B1%CF%84%CE%B1/230843-a948ae20,1
West Nile Virus,"Athens, Greece",birds,suspected_deaths,2026-08-17,6,False,good,https://www.achaianews.gr/index.php/%CF%8C%CE%BB%CE%B1-%CF%84%CE%B1-%CE%BD%CE%AD%CE%B1-h/%CF%85%CE%B3%CE%B5%CE%AF%CE%B1%CF%82-%CE%B8%CE%B5%CE%BC%CE%B1%CF%84%CE%B1/230843-a948ae20,1
West Nile Virus,"Athens, Greece",humans,confirmed_cases,2026-08-07,65,False,good,https://www.inewsgr.com/27/pos-na-mi-sas-tsibane-ta-kounoupia-ta-4-pio-koina-metra-prostasias--ti-proteinoun-oi-eidikoi.htm,1
West Nile Virus,"Athens, Greece",humans,confirmed_cases,2026-08-13,1,True,monotonicity,https://www.sofokleousin.gr/epixeiriseis/ygeia/eody-45-krousmata-loimoksis-tou-iou-tou-dytikou-neilou-tin-teleyt,1
West Nile Virus,"Athens, Greece",humans,confirmed_cases,2026-08-13,110,False,good,https://athina984.gr/2026/08/13/deltio-eidiseon-stis-13-00-2132/,1
West Nile Virus,"Athens, Greece",humans,confirmed_cases,2026-08-15,3,True,monotonicity,https://www.newsit.gr/ellada/ios-tou-dytikou-neilou-ayksisi-krousmaton-stin-attiki-magiorkinis-sto-epikentro-spata-kai-markopoulo/4751403/,1
West Nile Virus,"Athens, Greece",humans,confirmed_deaths,2026-08-09,6,False,good,https://www.inewsgr.com/184/ios-tou-dytikou-neilou-i-attiki-sto-epikentro--anisychia-apo-tous-6-thanatous-ta-metra-profylaxis.htm,1
West Nile Virus,"Athens, Greece",humans,confirmed_deaths,2026-08-13,9,False,good,https://athina984.gr/2026/08/13/deltio-eidiseon-stis-13-00-2132/; https://athina984.gr/2026/08/13/eody-45-kroysmata-loimoxis-toy-ioy-toy-dytikoy-neiloy-tin-teleytaia-evdomada-110-synolika-9-thanatoi/,2
West Nile Virus,"Athens, Greece",humans,confirmed_deaths,2026-08-17,6,True,monotonicity,https://www.achaianews.gr/index.php/%CF%8C%CE%BB%CE%B1-%CF%84%CE%B1-%CE%BD%CE%AD%CE%B1-h/%CF%85%CE%B3%CE%B5%CE%AF%CE%B1%CF%82-%CE%B8%CE%B5%CE%BC%CE%B1%CF%84%CE%B1/230843-a948ae20,1
West Nile Virus,"Athens, Greece",humans,confirmed_deaths,2026-08-17,9,False,good,https://frognews.bg/novini/35-sluchaya-zapadnonilska-treska-severna-makedoniya-trima-pochinaha.html,1
West Nile Virus,"Athens, Greece",humans,suspected_cases,2026-08-15,5,False,good,https://www.newsit.gr/ellada/ios-tou-dytikou-neilou-ayksisi-krousmaton-stin-attiki-magiorkinis-sto-epikentro-spata-kai-markopoulo/4751403/,1
West Nile Virus,"Athens, Greece",humans,suspected_deaths,2026-08-09,6,False,good,https://www.inewsgr.com/184/ios-tou-dytikou-neilou-i-attiki-sto-epikentro--anisychia-apo-tous-6-thanatous-ta-metra-profylaxis.htm,1
West Nile Virus,"Attica Region, Greece",birds,confirmed_deaths,2026-08-08,6,False,good,https://www.inewsgr.com/184/ekrixi-krousmaton-tou-iou-tou-dytikou-neilou-sto-kokkino-i-attiki--kabanaki-apo-ton-isa-ta-metra-prostasias.htm,1
West Nile Virus,"Attica Region, Greece",birds,suspected_cases,2026-08-08,65,False,good,https://www.inewsgr.com/184/ekrixi-krousmaton-tou-iou-tou-dytikou-neilou-sto-kokkino-i-attiki--kabanaki-apo-ton-isa-ta-metra-prostasias.htm,1
West Nile Virus,"Attica Region, Greece",birds,suspected_cases,2026-08-17,6,True,monotonicity,https://www.achaianews.gr/index.php/%CF%8C%CE%BB%CE%B1-%CF%84%CE%B1-%CE%BD%CE%AD%CE%B1-h/%CF%85%CE%B3%CE%B5%CE%AF%CE%B1%CF%82-%CE%B8%CE%B5%CE%BC%CE%B1%CF%84%CE%B1/230843-a948ae20,1
West Nile Virus,"Attica Region, Greece",birds,suspected_deaths,2026-08-08,6,False,good,https://www.inewsgr.com/184/ekrixi-krousmaton-tou-iou-tou-dytikou-neilou-sto-kokkino-i-attiki--kabanaki-apo-ton-isa-ta-metra-prostasias.htm,1
West Nile Virus,"Attica Region, Greece",birds,suspected_deaths,2026-08-17,6,False,good,https://www.achaianews.gr/index.php/%CF%8C%CE%BB%CE%B1-%CF%84%CE%B1-%CE%BD%CE%AD%CE%B1-h/%CF%85%CE%B3%CE%B5%CE%AF%CE%B1%CF%82-%CE%B8%CE%B5%CE%BC%CE%B1%CF%84%CE%B1/230843-a948ae20,1
West Nile Virus,"Attica Region, Greece",humans,confirmed_cases,2026-08-07,65,False,good,https://www.inewsgr.com/27/pos-na-mi-sas-tsibane-ta-kounoupia-ta-4-pio-koina-metra-prostasias--ti-proteinoun-oi-eidikoi.htm,1
West Nile Virus,"Attica Region, Greece",humans,confirmed_cases,2026-08-07,54,True,monotonicity,https://kosmoslarissa.gr/ellada/%CE%B9%CF%8C%CF%82-%CF%84%CE%BF%CF%85-%CE%B4%CF%85%CF%84%CE%B9%CE%BA%CE%BF%CF%8D-%CE%BD%CE%B5%CE%AF%CE%BB%CE%BF%CF%85-%CE%B1%CE%BD%CE%B7%CF%83%CF%85%CF%87%CE%AF%CE%B1-%CE%B1%CF%80%CF%8C-%CF%84%CE%BF/,1
West Nile Virus,"Attica Region, Greece",humans,confirmed_cases,2026-08-08,65,False,good,https://www.iefimerida.gr/ellada/ekrixi-kroysmaton-toy-ioy-toy-dytikoy-neiloy; https://www.inewsgr.com/184/ekrixi-krousmaton-tou-iou-tou-dytikou-neilou-sto-kokkino-i-attiki--kabanaki-apo-ton-isa-ta-metra-prostasias.htm,2
West Nile Virus,"Attica Region, Greece",humans,confirmed_cases,2026-08-09,4,True,chi-sq,https://www.thetoc.gr/ygeia/article/exarsi-tou-iou-tou-dutikou-neilou-me-epikentro-tin-attiki---se-egrigorsi-oi-arxes-gia-tin-exaplosi/,1
West Nile Virus,"Attica Region, Greece",humans,confirmed_cases,2026-08-13,110,False,good,https://athina984.gr/2026/08/13/deltio-eidiseon-stis-13-00-2132/; https://athina984.gr/2026/08/13/deltio-eidiseon-stis-17-00-2141/,2
West Nile Virus,"Attica Region, Greece",humans,confirmed_cases,2026-08-15,110,True,monotonicity,https://www.newsit.gr/ellada/ios-tou-dytikou-neilou-ayksisi-krousmaton-stin-attiki-magiorkinis-sto-epikentro-spata-kai-markopoulo/4751403/,1
West Nile Virus,"Attica Region, Greece",humans,confirmed_cases,2026-08-16,81,False,good,https://gr.euronews.com/2026/08/16/synagermos-gia-ta-afxomena-krousmata-tou-iou-tou-dytikou-neilou-stin-ellada-erxetai-dyskol; https://typos.com.cy/ellada/ta-dyskola-einai-brosta-mas-leei-o-eody-gia-io-dytikou-neilou-pote-anamenetai-i-koryfosi/; https://www.businessnews.gr/ellada/item/344250-eody-gia-io-dytikoy-neilou-i-fetini-periodos-theoreitai-mia-apo-tis-pio-dyskoles-symvoules-prostasias; https://www.efsyn.gr/ellada/1448493/eody-gia-io-dytikoy-neiloy-apo-tis-pio-dyskoles-i-fetini-periodos-hristims-symvoyles/; https://www.inewsgr.com/227/ios-tou-dytikou-neilou-saronei-stin-attiki-pote-anamenetai-koryfosi-tis-loimoxis--se-synagermo-ygeionomikes-arches-kai-eody.htm; https://www.inewsgr.com/441/eody-dyskoli-i-fetini-periodos-gia-ton-io-tou-dytikou-neilou--ti-prepei-na-prosechoume.htm; https://www.newsbeast.gr/health/arthro/13296586/eody-gia-ton-io-tou-dytikou-neilou-i-fetini-periodos-theoreitai-mia-apo-tis-pio-dyskoles-symvoules-prostasias; https://www.protothema.gr/ugeia/article/1865394/eodu-gia-io-dutikou-neilou-i-fetini-periodos-theoreitai-mia-apo-tis-pio-duskoles-oi-sumvoules-prostasias/; https://www.thebest.gr/article/841820-ios-dutikou-neilou-krisimes-oi-epomenes-ebdomades-protofanis-exarsi; https://www.topontiki.gr/2026/08/16/proidopiisi-eodi-gia-ton-io-tou-ditikou-nilou-ta-diskola-ine-brosta-mas-pote-anamenete-na-korifothi-i-fetini-exarsi/,10
West Nile Virus,"Attica Region, Greece",humans,confirmed_cases,2026-08-16,110,False,good,https://empisteutiko.gr/ios-toy-dytikoy-neiloy-sta-110-ta-kroysmata-sto-epikentro-i-attiki-oi-odigies-toy-eody-pros-toys-polites/; https://www.capital.gr/health/4010918/ios-tou-dutikou-neilou-i-elliniki-etaireia-loimoxeon-zita-amesi-klimakosi-ton-draseon/; https://www.cretalive.gr/ygeia/eody-gia-io-dytikoy-neiloy-apo-tis-pio-dyskoles-i-fetini-periodos; https://www.inewsgr.com/351/ios-tou-dytikou-neilou-o-isa-krouei-ton-kodona--oi-systaseis-pros-tous-polites.htm,4
West Nile Virus,"Attica Region, Greece",humans,confirmed_cases,2026-08-17,110,True,monotonicity,https://www.e-radio.gr/post/330806/ios-dytikoy-neiloy-poies-perioxes-tis-attikis-exoyn-ta-perissotera-kroysmata-poia-symptwmata-prepei-na-prosexoyme; https://www.huffingtonpost.gr/kinonia/ios-tou-dytikou-neilou-sto-kokkino-i-attiki-oi-perioches-pou-vriskontai-sto-epikentro-tis-exarsis/,2
West Nile Virus,"Attica Region, Greece",humans,confirmed_cases,2026-08-18,90,False,good,https://www.iefimerida.gr/ellada/pagoni-prostateytoyme-io-dytikoy-neiloy; https://www.lykavitos.gr/news/greece/matina-pagoni-gia-io-dytikou-neilou-den-perimename-toso-polla-peristatika-stin-attiki; https://www.protothema.gr/greece/article/1866243/pagoni-gia-io-dutikou-neilou-den-perimename-tosa-polla-peristatika-stin-attiki/,3
West Nile Virus,"Attica Region, Greece",humans,confirmed_cases,2026-08-18,35,True,monotonicity,https://newpost.gr/eidiseis/synagermos-gia-ton-io-toy-dytikoy-neiloy-anevainoyn-ta-kroysmata-sto-epikentro-i-attiki-vinteo/,1
West Nile Virus,"Attica Region, Greece",humans,confirmed_deaths,2026-08-07,6,False,good,https://kosmoslarissa.gr/ellada/%CE%B9%CF%8C%CF%82-%CF%84%CE%BF%CF%85-%CE%B4%CF%85%CF%84%CE%B9%CE%BA%CE%BF%CF%8D-%CE%BD%CE%B5%CE%AF%CE%BB%CE%BF%CF%85-%CE%B1%CE%BD%CE%B7%CF%83%CF%85%CF%87%CE%AF%CE%B1-%CE%B1%CF%80%CF%8C-%CF%84%CE%BF/,1
West Nile Virus,"Attica Region, Greece",humans,confirmed_deaths,2026-08-08,6,False,good,https://www.iefimerida.gr/ellada/ekrixi-kroysmaton-toy-ioy-toy-dytikoy-neiloy; https://www.inewsgr.com/184/ekrixi-krousmaton-tou-iou-tou-dytikou-neilou-sto-kokkino-i-attiki--kabanaki-apo-ton-isa-ta-metra-prostasias.htm,2
West Nile Virus,"Attica Region, Greece",humans,confirmed_deaths,2026-08-09,6,False,good,https://www.cretalive.gr/ellada/ios-dytikoy-neiloy-oli-i-attiki-sto-epikentro-ton-kroysmaton; https://www.iefimerida.gr/ellada/ios-toy-dytikoy-neiloy-i-attiki-sto-epikentro; https://www.inewsgr.com/184/ios-tou-dytikou-neilou-i-attiki-sto-epikentro--anisychia-apo-tous-6-thanatous-ta-metra-profylaxis.htm; https://www.inewsgr.com/93/ios-dytikou-neilou-stin-attiki-ta-perissotera-krousmata--exi-thanatoi-tis-teleftaies-imeres.htm; https://www.thebest.gr/article/841001-ios-dutikou-neilou-stin-attiki-ta-perissotera-krousmata-exi-thanatoi-tis-teleutaies-imeres,5
West Nile Virus,"Attica Region, Greece",humans,confirmed_deaths,2026-08-10,6,False,good,https://www.achaianews.gr/index.php/%CF%8C%CE%BB%CE%B1-%CF%84%CE%B1-%CE%BD%CE%AD%CE%B1-h/%CE%B1%CE%B8%CE%BB%CE%B7%CF%84%CE%B9%CF%83%CE%BC%CF%8C%CF%82/230416-1-beaf5824,1
West Nile Virus,"Attica Region, Greece",humans,confirmed_deaths,2026-08-13,9,False,good,https://athina984.gr/2026/08/13/deltio-eidiseon-stis-13-00-2132/; https://athina984.gr/2026/08/13/deltio-eidiseon-stis-17-00-2141/; https://www.protothema.gr/greece/article/1864258/se-ellada-kai-italia-i-megaluteri-exaplosi-tou-iou-tou-dutikou-neilou-stin-europi-oi-dimoi-me-ta-perissotera-krousmata/,3
West Nile Virus,"Attica Region, Greece",humans,confirmed_deaths,2026-08-16,9,False,good,https://www.capital.gr/health/4010918/ios-tou-dutikou-neilou-i-elliniki-etaireia-loimoxeon-zita-amesi-klimakosi-ton-draseon/; https://www.lifo.gr/now/greece/ios-dytikoy-neiloy-anisyhia-gia-tin-attiki-ta-7-metra-poy-synistoyn-oi-giatroi; https://www.thetoc.gr/ygeia/article/ios-dutikou-neilou-entoni-anisuxia-isa-gia-tin-exarsi-stin-attiki---den-arkei-na-kinitopoioumaste-otan-emfanistoun-ta-krousmata/,3
West Nile Virus,"Attica Region, Greece",humans,confirmed_deaths,2026-08-17,9,False,good,https://www.e-radio.gr/post/330806/ios-dytikoy-neiloy-poies-perioxes-tis-attikis-exoyn-ta-perissotera-kroysmata-poia-symptwmata-prepei-na-prosexoyme; https://www.tanea.gr/2026/08/17/greece/ios-dytikou-neilou-stin-attiki-to-70-ton-krousmaton-mexri-oktovri-se-synagermo-gia-kounoupia/,2
West Nile Virus,"Attica Region, Greece",humans,confirmed_deaths,2026-08-17,6,True,monotonicity,https://www.achaianews.gr/index.php/%CF%8C%CE%BB%CE%B1-%CF%84%CE%B1-%CE%BD%CE%AD%CE%B1-h/%CF%85%CE%B3%CE%B5%CE%AF%CE%B1%CF%82-%CE%B8%CE%B5%CE%BC%CE%B1%CF%84%CE%B1/230843-a948ae20,1
West Nile Virus,"Attica Region, Greece",humans,confirmed_deaths,2026-08-18,9,False,good,https://www.iefimerida.gr/ellada/pagoni-prostateytoyme-io-dytikoy-neiloy; https://www.lykavitos.gr/news/greece/matina-pagoni-gia-io-dytikou-neilou-den-perimename-toso-polla-peristatika-stin-attiki; https://www.lykavitos.gr/news/wellness/ios-tou-dytikou-neilou-oi-treis-perioxes-tis-attikis-me-ta-perissotera-krousmata; https://www.protothema.gr/greece/article/1866243/pagoni-gia-io-dutikou-neilou-den-perimename-tosa-polla-peristatika-stin-attiki/,4
West Nile Virus,"Attica Region, Greece",humans,suspected_cases,2026-08-07,54,False,good,https://kosmoslarissa.gr/ellada/%CE%B9%CF%8C%CF%82-%CF%84%CE%BF%CF%85-%CE%B4%CF%85%CF%84%CE%B9%CE%BA%CE%BF%CF%8D-%CE%BD%CE%B5%CE%AF%CE%BB%CE%BF%CF%85-%CE%B1%CE%BD%CE%B7%CF%83%CF%85%CF%87%CE%AF%CE%B1-%CE%B1%CF%80%CF%8C-%CF%84%CE%BF/,1
West Nile Virus,"Attica Region, Greece",humans,suspected_cases,2026-08-08,65,False,good,https://www.iefimerida.gr/ellada/ekrixi-kroysmaton-toy-ioy-toy-dytikoy-neiloy; https://www.inewsgr.com/184/ekrixi-krousmaton-tou-iou-tou-dytikou-neilou-sto-kokkino-i-attiki--kabanaki-apo-ton-isa-ta-metra-prostasias.htm,2
West Nile Virus,"Attica Region, Greece",humans,suspected_cases,2026-08-16,110,True,monotonicity,https://www.cretalive.gr/ygeia/eody-gia-io-dytikoy-neiloy-apo-tis-pio-dyskoles-i-fetini-periodos; https://www.topontiki.gr/2026/08/16/proidopiisi-eodi-gia-ton-io-tou-ditikou-nilou-ta-diskola-ine-brosta-mas-pote-anamenete-na-korifothi-i-fetini-exarsi/,2
West Nile Virus,"Attica Region, Greece",humans,suspected_cases,2026-08-16,81,False,good,https://gr.euronews.com/2026/08/16/synagermos-gia-ta-afxomena-krousmata-tou-iou-tou-dytikou-neilou-stin-ellada-erxetai-dyskol; https://www.businessnews.gr/ellada/item/344250-eody-gia-io-dytikoy-neilou-i-fetini-periodos-theoreitai-mia-apo-tis-pio-dyskoles-symvoules-prostasias; https://www.inewsgr.com/441/eody-dyskoli-i-fetini-periodos-gia-ton-io-tou-dytikou-neilou--ti-prepei-na-prosechoume.htm; https://www.thebest.gr/article/841820-ios-dutikou-neilou-krisimes-oi-epomenes-ebdomades-protofanis-exarsi,4
West Nile Virus,"Attica Region, Greece",humans,suspected_cases,2026-08-18,90,False,good,https://www.iefimerida.gr/ellada/pagoni-prostateytoyme-io-dytikoy-neiloy; https://www.lykavitos.gr/news/greece/matina-pagoni-gia-io-dytikou-neilou-den-perimename-toso-polla-peristatika-stin-attiki; https://www.protothema.gr/greece/article/1866243/pagoni-gia-io-dutikou-neilou-den-perimename-tosa-polla-peristatika-stin-attiki/,3
West Nile Virus,"Attica Region, Greece",humans,suspected_cases,2026-08-18,35,True,chi-sq,https://newpost.gr/eidiseis/synagermos-gia-ton-io-toy-dytikoy-neiloy-anevainoyn-ta-kroysmata-sto-epikentro-i-attiki-vinteo/,1
West Nile Virus,"Attica Region, Greece",humans,suspected_deaths,2026-08-08,2,False,good,https://www.inewsgr.com/184/ekrixi-krousmaton-tou-iou-tou-dytikou-neilou-sto-kokkino-i-attiki--kabanaki-apo-ton-isa-ta-metra-prostasias.htm,1
West Nile Virus,"Attica Region, Greece",humans,suspected_deaths,2026-08-13,9,False,good,https://www.protothema.gr/greece/article/1864258/se-ellada-kai-italia-i-megaluteri-exaplosi-tou-iou-tou-dutikou-neilou-stin-europi-oi-dimoi-me-ta-perissotera-krousmata/,1
West Nile Virus,"Attica Region, Greece",humans,suspected_deaths,2026-08-16,2,True,monotonicity,https://typos.com.cy/ellada/ta-dyskola-einai-brosta-mas-leei-o-eody-gia-io-dytikou-neilou-pote-anamenetai-i-koryfosi/,1
West Nile Virus,"Attica Region, Greece",humans,suspected_deaths,2026-08-16,9,False,good,https://www.lifo.gr/now/greece/ios-dytikoy-neiloy-anisyhia-gia-tin-attiki-ta-7-metra-poy-synistoyn-oi-giatroi; https://www.thetoc.gr/ygeia/article/ios-dutikou-neilou-entoni-anisuxia-isa-gia-tin-exarsi-stin-attiki---den-arkei-na-kinitopoioumaste-otan-emfanistoun-ta-krousmata/,2
West Nile Virus,"Aznalcázar, Spain",humans,confirmed_cases,2026-08-11,2,False,good,https://www.europapress.es/andalucia/sevilla-00357/noticia-andalucia-suma-26-casos-virus-nilo-detectar-cinco-nuevos-provincia-sevilla-20260810135714.html,1
West Nile Virus,"Aznalcázar, Spain",humans,confirmed_cases,2026-08-13,4,False,good,https://www.notimerica.com/vida/noticia-andalucia-eleva-34-casos-virus-nilo-detectar-tres-nuevos-provincia-sevilla-ellos-grave-20260813113113.html,1
West Nile Virus,"Aznalcázar, Spain",humans,confirmed_cases,2026-08-18,4,False,good,https://www.sevillaactualidad.com/provincia/597227-andalucia-alcanza-los-46-casos-de-fiebre-del-nilo-tras-tres-nuevos-positivos-en-sevilla/,1
West Nile Virus,"Aznalcázar, Spain",humans,suspected_cases,2026-08-11,2,False,good,https://www.europapress.es/andalucia/sevilla-00357/noticia-andalucia-suma-26-casos-virus-nilo-detectar-cinco-nuevos-provincia-sevilla-20260810135714.html,1
West Nile Virus,"Bajo Guadalquivir Region, Spain",humans,confirmed_deaths,2026-08-09,10,False,good,https://www.abc.es/sevilla/ciudad/jordi-figuerola-investigador-virus-nilo-casos-asintomaticos-20260809154209-nts.html,1
West Nile Virus,"Bajo Guadalquivir Region, Spain",humans,confirmed_deaths,2026-08-09,1,True,monotonicity,https://www.laregion.es/salud/virus-nilo-alerta-suroeste-espana-casos-fallecido_1_20260809-4379729.html,1
West Nile Virus,"Berkshire County, United States",mosquitoes,confirmed_cases,2026-08-15,137,False,good,https://www.berkshireeagle.com/news/local/west-nile-berkshire-county-update/article_ad38d8b7-3435-48b4-864f-7ff01fc1f549.html,1
West Nile Virus,"Berkshire County, United States",mosquitoes,suspected_cases,2026-08-15,137,False,good,https://www.berkshireeagle.com/news/local/west-nile-berkshire-county-update/article_ad38d8b7-3435-48b4-864f-7ff01fc1f549.html,1
West Nile Virus,"Bollullos De La Mitación, Spain",humans,confirmed_cases,2026-08-11,1,False,good,https://www.europapress.es/andalucia/sevilla-00357/noticia-andalucia-suma-26-casos-virus-nilo-detectar-cinco-nuevos-provincia-sevilla-20260810135714.html,1
West Nile Virus,"California, United States",birds,confirmed_cases,2026-08-16,373,False,good,https://www.latimes.com/science/story/2026-08-16/insects-ticks-coming-for-us,1
West Nile Virus,"California, United States",birds,confirmed_deaths,2026-08-16,373,False,good,https://www.latimes.com/science/story/2026-08-16/insects-ticks-coming-for-us,1
West Nile Virus,"California, United States",birds,suspected_cases,2026-08-16,373,False,good,https://www.latimes.com/science/story/2026-08-16/insects-ticks-coming-for-us,1
West Nile Virus,"California, United States",birds,suspected_deaths,2026-08-16,373,False,good,https://www.latimes.com/science/story/2026-08-16/insects-ticks-coming-for-us,1
West Nile Virus,"California, United States",fleas,confirmed_cases,2026-08-16,220,False,good,https://www.latimes.com/science/story/2026-08-16/insects-ticks-coming-for-us,1
West Nile Virus,"California, United States",fleas,suspected_cases,2026-08-16,220,False,good,https://www.latimes.com/science/story/2026-08-16/insects-ticks-coming-for-us,1
West Nile Virus,"California, United States",humans,confirmed_cases,2026-08-07,11,False,good,https://nypost.com/2026/08/07/health/brain-swelling-disease-carried-by-mosquitos-is-surging-with-highest-numbers-so-far-in-22-years/,1
West Nile Virus,"California, United States",humans,confirmed_cases,2026-08-18,30,False,good,https://www.independent.co.uk/news/world/americas/west-nile-virus-mosquito-cases-deaths-us-b3034893.html,1
West Nile Virus,"California, United States",humans,confirmed_deaths,2026-08-18,3,False,good,https://www.independent.co.uk/news/world/americas/west-nile-virus-mosquito-cases-deaths-us-b3034893.html,1
West Nile Virus,"California, United States",humans,suspected_cases,2026-08-07,11,False,good,https://nypost.com/2026/08/07/health/brain-swelling-disease-carried-by-mosquitos-is-surging-with-highest-numbers-so-far-in-22-years/,1
West Nile Virus,"California, United States",humans,suspected_cases,2026-08-18,30,False,good,https://www.independent.co.uk/news/world/americas/west-nile-virus-mosquito-cases-deaths-us-b3034893.html,1
West Nile Virus,"California, United States",humans,suspected_deaths,2026-08-18,3,False,good,https://www.independent.co.uk/news/world/americas/west-nile-virus-mosquito-cases-deaths-us-b3034893.html,1
West Nile Virus,"Cass County, United States",humans,confirmed_cases,2026-08-08,8,False,good,https://www.valleynewslive.com/2026/08/07/first-human-case-west-nile-virus-confirmed-north-dakota-cass-county-resident-hospitalized/,1
West Nile Virus,"Cass County, United States",humans,confirmed_cases,2026-08-08,1,True,monotonicity,https://www.kvrr.com/news/health/nd-announces-first-case-of-west-nile-found-in-state-this-year/article_b4ea6b8c-66f1-4764-8b0c-b1421bd6c2c6.html,1
West Nile Virus,"Cass County, United States",humans,suspected_cases,2026-08-08,5,False,good,https://www.valleynewslive.com/2026/08/07/first-human-case-west-nile-virus-confirmed-north-dakota-cass-county-resident-hospitalized/,1
West Nile Virus,"Castilblanco De Los Arroyos, Spain",humans,suspected_cases,2026-08-11,5,False,good,https://www.europapress.es/andalucia/sevilla-00357/noticia-andalucia-suma-26-casos-virus-nilo-detectar-cinco-nuevos-provincia-sevilla-20260810135714.html,1
West Nile Virus,Central Greece,humans,confirmed_deaths,2026-08-18,9,False,good,https://www.protothema.gr/greece/article/1866243/pagoni-gia-io-dutikou-neilou-den-perimename-tosa-polla-peristatika-stin-attiki/,1
West Nile Virus,"Central Macedonia Region, Greece",humans,confirmed_deaths,2026-08-13,9,False,good,https://www.epikaira.gr/saronei-o-ios-tou-dytikou-neilou-45-krousmasta-kai-9-thanatoi-oi-dimoi-me-ti-megalyteri-exarsi/,1
West Nile Virus,"Central Macedonia Region, Greece",humans,confirmed_deaths,2026-08-16,9,False,good,https://www.capital.gr/health/4010918/ios-tou-dutikou-neilou-i-elliniki-etaireia-loimoxeon-zita-amesi-klimakosi-ton-draseon/,1
West Nile Virus,"Central Valley, United States",birds,confirmed_deaths,2026-08-16,373,False,good,https://www.latimes.com/science/story/2026-08-16/insects-ticks-coming-for-us,1
West Nile Virus,"Clarington, Canada",mosquitoes,confirmed_cases,2026-08-09,13,False,good,https://www.durhamregion.com/news/clarington-mosquitoes-test-positive-for-west-nile-virus/article_df098c8c-c675-52d9-a6e2-35287d340212.html,1
West Nile Virus,"Clinic For Infectious Diseases, North Macedonia",humans,confirmed_deaths,2026-08-17,3,False,good,https://frognews.bg/novini/35-sluchaya-zapadnonilska-treska-severna-makedoniya-trima-pochinaha.html,1
West Nile Virus,"Contiguous United State, United States",birds,confirmed_deaths,2026-08-11,5,False,good,https://www.independent.co.uk/news/world/americas/mosquitoes-us-summer-drought-climate-west-nile-virus-b3030595.html,1
West Nile Virus,"Contiguous United State, United States",birds,suspected_cases,2026-08-11,148,False,good,https://www.independent.co.uk/news/world/americas/mosquitoes-us-summer-drought-climate-west-nile-virus-b3030595.html,1
West Nile Virus,"Contiguous United State, United States",birds,suspected_deaths,2026-08-11,5,False,good,https://www.independent.co.uk/news/world/americas/mosquitoes-us-summer-drought-climate-west-nile-virus-b3030595.html,1
West Nile Virus,"Contiguous United State, United States",humans,confirmed_cases,2026-08-11,143,False,good,https://www.independent.co.uk/news/world/americas/mosquitoes-us-summer-drought-climate-west-nile-virus-b3030595.html,1
West Nile Virus,"Contiguous United State, United States",humans,confirmed_cases,2026-08-18,180,False,good,https://www.independent.co.uk/news/world/americas/west-nile-virus-mosquito-cases-deaths-us-b3034893.html,1
West Nile Virus,"Contiguous United State, United States",humans,confirmed_deaths,2026-08-11,5,False,good,https://www.independent.co.uk/news/world/americas/mosquitoes-us-summer-drought-climate-west-nile-virus-b3030595.html,1
West Nile Virus,"Contiguous United State, United States",humans,suspected_cases,2026-08-11,143,False,good,https://www.independent.co.uk/news/world/americas/mosquitoes-us-summer-drought-climate-west-nile-virus-b3030595.html,1
West Nile Virus,"Contiguous United State, United States",humans,suspected_cases,2026-08-18,180,False,good,https://www.independent.co.uk/news/world/americas/west-nile-virus-mosquito-cases-deaths-us-b3034893.html,1
West Nile Virus,"Copiague, United States",mosquitos,confirmed_cases,2026-08-14,25,False,good,https://suffolkcountyny.gov/News/ArtMID/583/ArticleID/15269/Twenty-Five-Mosquito-Samples-Test-Positive-for-West-Nile-Virus,1
West Nile Virus,"Copiague, United States",mosquitos,suspected_cases,2026-08-14,1,False,good,https://suffolkcountyny.gov/News/ArtMID/583/ArticleID/15269/Twenty-Five-Mosquito-Samples-Test-Positive-for-West-Nile-Virus,1
West Nile Virus,"Coria Del Río, Spain",humans,confirmed_cases,2026-08-11,4,False,good,https://www.europapress.es/andalucia/sevilla-00357/noticia-andalucia-suma-26-casos-virus-nilo-detectar-cinco-nuevos-provincia-sevilla-20260810135714.html,1
West Nile Virus,"Coria Del Río, Spain",humans,confirmed_cases,2026-08-13,5,False,good,https://www.notimerica.com/vida/noticia-andalucia-eleva-34-casos-virus-nilo-detectar-tres-nuevos-provincia-sevilla-ellos-grave-20260813113113.html,1
West Nile Virus,"Coria Del Río, Spain",humans,confirmed_cases,2026-08-18,6,False,good,https://www.sevillaactualidad.com/provincia/597227-andalucia-alcanza-los-46-casos-de-fiebre-del-nilo-tras-tres-nuevos-positivos-en-sevilla/,1
West Nile Virus,"Coria Del Río, Spain",humans,suspected_cases,2026-08-11,5,False,good,https://www.europapress.es/andalucia/sevilla-00357/noticia-andalucia-suma-26-casos-virus-nilo-detectar-cinco-nuevos-provincia-sevilla-20260810135714.html,1
West Nile Virus,"Crete, Greece",humans,confirmed_cases,2026-08-13,110,False,good,https://athina984.gr/2026/08/13/deltio-eidiseon-stis-17-00-2141/,1
West Nile Virus,"Crete, Greece",humans,confirmed_deaths,2026-08-13,9,False,good,https://athina984.gr/2026/08/13/deltio-eidiseon-stis-17-00-2141/,1
West Nile Virus,"Department Of Neuroinfections, North Macedonia",humans,confirmed_cases,2026-08-15,19,False,good,https://english.republika.mk/macedonia/second-patient-died-from-the-west-nile-fever/,1
West Nile Virus,"Department Of Neuroinfections, North Macedonia",humans,suspected_cases,2026-08-15,5,False,good,https://english.republika.mk/macedonia/second-patient-died-from-the-west-nile-fever/,1
West Nile Virus,"Dix Hills, United States",mosquitoes,confirmed_cases,2026-08-14,2,False,good,https://suffolkcountyny.gov/News/ArtMID/583/ArticleID/15269/Twenty-Five-Mosquito-Samples-Test-Positive-for-West-Nile-Virus,1
West Nile Virus,"Dos Hermanas, Spain",humans,confirmed_cases,2026-08-13,4,False,good,https://www.notimerica.com/vida/noticia-andalucia-eleva-34-casos-virus-nilo-detectar-tres-nuevos-provincia-sevilla-ellos-grave-20260813113113.html,1
West Nile Virus,"Dos Hermanas, Spain",humans,confirmed_cases,2026-08-18,6,False,good,https://www.sevillaactualidad.com/provincia/597227-andalucia-alcanza-los-46-casos-de-fiebre-del-nilo-tras-tres-nuevos-positivos-en-sevilla/,1
West Nile Virus,"Durham Region, Canada",mosquitoes,confirmed_cases,2026-08-09,13,False,good,https://www.durhamregion.com/news/clarington-mosquitoes-test-positive-for-west-nile-virus/article_df098c8c-c675-52d9-a6e2-35287d340212.html,1
West Nile Virus,"Eastern Attica, Greece",humans,confirmed_cases,2026-08-15,13,False,good,https://www.newsit.gr/ellada/ios-tou-dytikou-neilou-ayksisi-krousmaton-stin-attiki-magiorkinis-sto-epikentro-spata-kai-markopoulo/4751403/,1
West Nile Virus,"Eastern Attica, Greece",humans,confirmed_cases,2026-08-17,110,False,good,https://www.huffingtonpost.gr/kinonia/ios-tou-dytikou-neilou-sto-kokkino-i-attiki-oi-perioches-pou-vriskontai-sto-epikentro-tis-exarsis/,1
West Nile Virus,"Eastern Attica, Greece",humans,confirmed_deaths,2026-08-17,6,False,good,https://www.huffingtonpost.gr/kinonia/ios-tou-dytikou-neilou-sto-kokkino-i-attiki-oi-perioches-pou-vriskontai-sto-epikentro-tis-exarsis/,1
West Nile Virus,"Eastern Iowa, United States",humans,confirmed_cases,2026-08-07,1,False,good,https://www.mississippivalleypublishing.com/daily_gate/daily_gate/first-2026-case-of-west-nile-virus-reported-in-iowa/article_156cc9a3-3861-487b-a8b2-5247ea85b76a.html,1
West Nile Virus,"Elliniko - Argyroupoli, Greece",humans,confirmed_cases,2026-08-13,1,False,good,https://www.sofokleousin.gr/epixeiriseis/ygeia/eody-45-krousmata-loimoksis-tou-iou-tou-dytikou-neilou-tin-teleyt,1
West Nile Virus,"Elliniko - Argyroupoli, Greece",humans,suspected_cases,2026-08-13,1,False,good,https://www.sofokleousin.gr/epixeiriseis/ygeia/eody-45-krousmata-loimoksis-tou-iou-tou-dytikou-neilou-tin-teleyt,1
West Nile Virus,Elliniko Argyroupoli Municipality,humans,confirmed_cases,2026-08-13,1,False,good,https://athina984.gr/2026/08/13/eody-45-kroysmata-loimoxis-toy-ioy-toy-dytikoy-neiloy-tin-teleytaia-evdomada-110-synolika-9-thanatoi/,1
West Nile Virus,Elliniko Argyroupoli Municipality,humans,suspected_cases,2026-08-13,1,False,good,https://athina984.gr/2026/08/13/eody-45-kroysmata-loimoxis-toy-ioy-toy-dytikoy-neiloy-tin-teleytaia-evdomada-110-synolika-9-thanatoi/,1
West Nile Virus,Europe,birds,confirmed_cases,2026-08-08,241,False,good,https://www.lrytas.lt/sveikata/ligos-ir-gydymas/2026/08/08/news/europoje-registruota-daugiau-kaip-240-vakaru-nilo-karstliges-atveju-43445159,1
West Nile Virus,Europe,humans,confirmed_cases,2026-08-08,241,False,good,https://sana.sy/es/world/2326257/; https://www.lrytas.lt/sveikata/ligos-ir-gydymas/2026/08/08/news/europoje-registruota-daugiau-kaip-240-vakaru-nilo-karstliges-atveju-43445159,2
West Nile Virus,Europe,humans,confirmed_cases,2026-08-08,240,False,good,https://sana.sy/health/2548239/,1
West Nile Virus,Europe,humans,confirmed_cases,2026-08-10,241,False,good,https://www.n-tv.de/wissen/West-Nil-Virus-breitet-sich-in-beliebten-Urlaubslaendern-aus-id31176062.html,1
West Nile Virus,Europe,humans,confirmed_deaths,2026-08-08,6,False,good,https://www.lrytas.lt/sveikata/ligos-ir-gydymas/2026/08/08/news/europoje-registruota-daugiau-kaip-240-vakaru-nilo-karstliges-atveju-43445159,1
West Nile Virus,Europe,humans,suspected_cases,2026-08-08,241,False,good,https://sana.sy/es/world/2326257/; https://www.lrytas.lt/sveikata/ligos-ir-gydymas/2026/08/08/news/europoje-registruota-daugiau-kaip-240-vakaru-nilo-karstliges-atveju-43445159,2
West Nile Virus,Europe,humans,suspected_cases,2026-08-08,240,False,good,https://sana.sy/health/2548239/,1
West Nile Virus,Europe,humans,suspected_cases,2026-08-10,241,False,good,https://www.n-tv.de/wissen/West-Nil-Virus-breitet-sich-in-beliebten-Urlaubslaendern-aus-id31176062.html,1
West Nile Virus,"Europe, Greece",humans,confirmed_cases,2026-08-08,241,False,good,https://dariknews.bg/novini/bylgariia/prof.-kantardzhiev-zapadnonilskata-treska-veche-e-tuk-pacienti-se-vryshtat-ot-gyrciia-s-bolki-v-muskulite-2463157,1
West Nile Virus,"Europe, Greece",humans,confirmed_cases,2026-08-13,110,True,monotonicity,https://www.protothema.gr/greece/article/1864258/se-ellada-kai-italia-i-megaluteri-exaplosi-tou-iou-tou-dutikou-neilou-stin-europi-oi-dimoi-me-ta-perissotera-krousmata/,1
West Nile Virus,"Europe, Greece",humans,confirmed_cases,2026-08-17,429,False,good,https://www.inewsgr.com/93/ios-tou-dytikou-neilou-oi-treis-perioches-stin-attiki-opou-vrisketai-se-exarsi--tha-afxithoun-ta-varia-krousmata-mechri-telos-oktovriou.htm,1
West Nile Virus,"Europe, Greece",humans,confirmed_deaths,2026-08-13,9,False,good,https://www.protothema.gr/greece/article/1864258/se-ellada-kai-italia-i-megaluteri-exaplosi-tou-iou-tou-dutikou-neilou-stin-europi-oi-dimoi-me-ta-perissotera-krousmata/,1
West Nile Virus,"Europe, Greece",humans,suspected_cases,2026-08-13,45,False,good,https://www.protothema.gr/greece/article/1864258/se-ellada-kai-italia-i-megaluteri-exaplosi-tou-iou-tou-dutikou-neilou-stin-europi-oi-dimoi-me-ta-perissotera-krousmata/,1
West Nile Virus,"Europe, Greece",humans,suspected_cases,2026-08-17,429,False,good,https://www.inewsgr.com/93/ios-tou-dytikou-neilou-oi-treis-perioches-stin-attiki-opou-vrisketai-se-exarsi--tha-afxithoun-ta-varia-krousmata-mechri-telos-oktovriou.htm,1
West Nile Virus,"Europe, Greece",humans,suspected_deaths,2026-08-13,9,False,good,https://www.protothema.gr/greece/article/1864258/se-ellada-kai-italia-i-megaluteri-exaplosi-tou-iou-tou-dutikou-neilou-stin-europi-oi-dimoi-me-ta-perissotera-krousmata/,1
West Nile Virus,"Europe, Italy",humans,confirmed_cases,2026-08-08,240,False,good,https://www.gmx.at/magazine/gesundheit/240-faelle-west-nil-fieber-europa-42590984,1
West Nile Virus,"Europe, Italy",humans,suspected_cases,2026-08-08,240,False,good,https://www.gmx.at/magazine/gesundheit/240-faelle-west-nil-fieber-europa-42590984,1
West Nile Virus,"Extremadura, Spain",humans,confirmed_cases,2026-08-09,2,False,good,https://www.laregion.es/salud/virus-nilo-alerta-suroeste-espana-casos-fallecido_1_20260809-4379729.html,1
West Nile Virus,"Extremadura, Spain",humans,confirmed_cases,2026-08-10,2,False,good,https://www.larazon.es/sociedad/aumenta-numero-casos-fiebre-nilo_202608106a79f66471b42a0b5de7f704.html,1
West Nile Virus,"Fourka, Greece",humans,confirmed_deaths,2026-08-13,9,False,good,https://athina984.gr/2026/08/13/deltio-eidiseon-stis-17-00-2141/,1
West Nile Virus,France,birds,confirmed_cases,2026-08-08,4,False,good,https://www.lrytas.lt/sveikata/ligos-ir-gydymas/2026/08/08/news/europoje-registruota-daugiau-kaip-240-vakaru-nilo-karstliges-atveju-43445159,1
West Nile Virus,France,birds,suspected_cases,2026-08-08,4,False,good,https://www.lrytas.lt/sveikata/ligos-ir-gydymas/2026/08/08/news/europoje-registruota-daugiau-kaip-240-vakaru-nilo-karstliges-atveju-43445159,1
West Nile Virus,France,humans,confirmed_cases,2026-08-08,4,False,good,https://dariknews.bg/novini/bylgariia/prof.-kantardzhiev-zapadnonilskata-treska-veche-e-tuk-pacienti-se-vryshtat-ot-gyrciia-s-bolki-v-muskulite-2463157; https://sana.sy/es/world/2326257/; https://www.gmx.at/magazine/gesundheit/240-faelle-west-nil-fieber-europa-42590984; https://www.lrytas.lt/sveikata/ligos-ir-gydymas/2026/08/08/news/europoje-registruota-daugiau-kaip-240-vakaru-nilo-karstliges-atveju-43445159,4
West Nile Virus,France,humans,confirmed_cases,2026-08-17,6,False,good,https://www.inewsgr.com/93/ios-tou-dytikou-neilou-oi-treis-perioches-stin-attiki-opou-vrisketai-se-exarsi--tha-afxithoun-ta-varia-krousmata-mechri-telos-oktovriou.htm,1
West Nile Virus,France,humans,confirmed_cases,2026-08-18,6,False,good,https://www.stoxos.gr/2026/08/blog-post_2765.html,1
West Nile Virus,France,humans,suspected_cases,2026-08-08,4,False,good,https://sana.sy/es/world/2326257/; https://www.lrytas.lt/sveikata/ligos-ir-gydymas/2026/08/08/news/europoje-registruota-daugiau-kaip-240-vakaru-nilo-karstliges-atveju-43445159,2
West Nile Virus,France,humans,suspected_cases,2026-08-17,6,False,good,https://www.inewsgr.com/93/ios-tou-dytikou-neilou-oi-treis-perioches-stin-attiki-opou-vrisketai-se-exarsi--tha-afxithoun-ta-varia-krousmata-mechri-telos-oktovriou.htm,1
West Nile Virus,France,humans,suspected_cases,2026-08-17,4,True,chi-sq,https://www.huffingtonpost.gr/kinonia/ios-tou-dytikou-neilou-sto-kokkino-i-attiki-oi-perioches-pou-vriskontai-sto-epikentro-tis-exarsis/,1
West Nile Virus,France,humans,suspected_cases,2026-08-18,6,False,good,https://www.stoxos.gr/2026/08/blog-post_2765.html,1
West Nile Virus,"Georgetown County, United States",mosquitoes,confirmed_cases,2026-08-14,1,False,good,https://wpde.com/news/local/mosquito-tests-positive-for-west-nile-virus-in-georgetown-county-georgetown-county-mosquito-control-and-the-south-carolina-department-of-public-health; https://www.wmbfnews.com/2026/08/14/mosquito-georgetown-county-tests-positive-west-nile-virus/,2
West Nile Virus,Germany,humans,confirmed_cases,2026-08-08,1,False,good,https://sana.sy/es/world/2326257/; https://www.lrytas.lt/sveikata/ligos-ir-gydymas/2026/08/08/news/europoje-registruota-daugiau-kaip-240-vakaru-nilo-karstliges-atveju-43445159,2
West Nile Virus,Germany,humans,confirmed_cases,2026-08-08,5,False,good,https://www.gmx.at/magazine/gesundheit/240-faelle-west-nil-fieber-europa-42590984,1
West Nile Virus,Germany,humans,confirmed_cases,2026-08-10,5,True,monotonicity,https://www.n-tv.de/wissen/West-Nil-Virus-breitet-sich-in-beliebten-Urlaubslaendern-aus-id31176062.html,1
West Nile Virus,Germany,humans,confirmed_cases,2026-08-17,1,False,good,https://www.huffingtonpost.gr/kinonia/ios-tou-dytikou-neilou-sto-kokkino-i-attiki-oi-perioches-pou-vriskontai-sto-epikentro-tis-exarsis/; https://www.inewsgr.com/93/ios-tou-dytikou-neilou-oi-treis-perioches-stin-attiki-opou-vrisketai-se-exarsi--tha-afxithoun-ta-varia-krousmata-mechri-telos-oktovriou.htm; https://www.tanea.gr/2026/08/17/greece/ios-dytikou-neilou-stin-attiki-to-70-ton-krousmaton-mexri-oktovri-se-synagermo-gia-kounoupia/,3
West Nile Virus,Germany,humans,suspected_cases,2026-08-08,5,False,good,https://www.gmx.at/magazine/gesundheit/240-faelle-west-nil-fieber-europa-42590984,1
West Nile Virus,Germany,humans,suspected_cases,2026-08-10,5,True,monotonicity,https://www.n-tv.de/wissen/West-Nil-Virus-breitet-sich-in-beliebten-Urlaubslaendern-aus-id31176062.html,1
West Nile Virus,Germany,humans,suspected_cases,2026-08-17,1,False,good,https://www.huffingtonpost.gr/kinonia/ios-tou-dytikou-neilou-sto-kokkino-i-attiki-oi-perioches-pou-vriskontai-sto-epikentro-tis-exarsis/; https://www.tanea.gr/2026/08/17/greece/ios-dytikou-neilou-stin-attiki-to-70-ton-krousmaton-mexri-oktovri-se-synagermo-gia-kounoupia/,2
West Nile Virus,"Glyfada, Greece",humans,confirmed_cases,2026-08-09,4,False,good,https://www.thetoc.gr/ygeia/article/exarsi-tou-iou-tou-dutikou-neilou-me-epikentro-tin-attiki---se-egrigorsi-oi-arxes-gia-tin-exaplosi/,1
West Nile Virus,"Glyfada, Greece",humans,suspected_cases,2026-08-09,4,False,good,https://www.thetoc.gr/ygeia/article/exarsi-tou-iou-tou-dutikou-neilou-me-epikentro-tin-attiki---se-egrigorsi-oi-arxes-gia-tin-exaplosi/,1
West Nile Virus,Greece,birds,confirmed_cases,2026-08-08,65,False,good,https://www.inewsgr.com/184/ekrixi-krousmaton-tou-iou-tou-dytikou-neilou-sto-kokkino-i-attiki--kabanaki-apo-ton-isa-ta-metra-prostasias.htm,1
West Nile Virus,Greece,birds,confirmed_cases,2026-08-08,61,False,good,https://www.lrytas.lt/sveikata/ligos-ir-gydymas/2026/08/08/news/europoje-registruota-daugiau-kaip-240-vakaru-nilo-karstliges-atveju-43445159,1
West Nile Virus,Greece,birds,confirmed_deaths,2026-08-08,6,False,good,https://www.inewsgr.com/184/ekrixi-krousmaton-tou-iou-tou-dytikou-neilou-sto-kokkino-i-attiki--kabanaki-apo-ton-isa-ta-metra-prostasias.htm,1
West Nile Virus,Greece,birds,suspected_cases,2026-08-08,65,False,good,https://www.inewsgr.com/184/ekrixi-krousmaton-tou-iou-tou-dytikou-neilou-sto-kokkino-i-attiki--kabanaki-apo-ton-isa-ta-metra-prostasias.htm,1
West Nile Virus,Greece,birds,suspected_cases,2026-08-08,61,False,good,https://www.lrytas.lt/sveikata/ligos-ir-gydymas/2026/08/08/news/europoje-registruota-daugiau-kaip-240-vakaru-nilo-karstliges-atveju-43445159,1
West Nile Virus,Greece,birds,suspected_deaths,2026-08-08,6,False,good,https://www.inewsgr.com/184/ekrixi-krousmaton-tou-iou-tou-dytikou-neilou-sto-kokkino-i-attiki--kabanaki-apo-ton-isa-ta-metra-prostasias.htm,1
West Nile Virus,Greece,humans,confirmed_cases,2026-08-07,65,False,good,https://kosmoslarissa.gr/ellada/%CE%B9%CF%8C%CF%82-%CF%84%CE%BF%CF%85-%CE%B4%CF%85%CF%84%CE%B9%CE%BA%CE%BF%CF%8D-%CE%BD%CE%B5%CE%AF%CE%BB%CE%BF%CF%85-%CE%B1%CE%BD%CE%B7%CF%83%CF%85%CF%87%CE%AF%CE%B1-%CE%B1%CF%80%CF%8C-%CF%84%CE%BF/,1
West Nile Virus,Greece,humans,confirmed_cases,2026-08-08,65,False,good,https://www.iefimerida.gr/ellada/ekrixi-kroysmaton-toy-ioy-toy-dytikoy-neiloy; https://www.inewsgr.com/184/ekrixi-krousmaton-tou-iou-tou-dytikou-neilou-sto-kokkino-i-attiki--kabanaki-apo-ton-isa-ta-metra-prostasias.htm,2
West Nile Virus,Greece,humans,confirmed_cases,2026-08-08,61,False,good,https://dariknews.bg/novini/bylgariia/prof.-kantardzhiev-zapadnonilskata-treska-veche-e-tuk-pacienti-se-vryshtat-ot-gyrciia-s-bolki-v-muskulite-2463157; https://sana.sy/en/health/2335070/; https://sana.sy/es/world/2326257/; https://sana.sy/health/2548239/; https://www.lrytas.lt/sveikata/ligos-ir-gydymas/2026/08/08/news/europoje-registruota-daugiau-kaip-240-vakaru-nilo-karstliges-atveju-43445159,5
West Nile Virus,Greece,humans,confirmed_cases,2026-08-09,65,False,good,https://www.patrasevents.gr/article/753895-ios-d-neilou-ekklisi-gia-entatikopoiisi-ton-metron-kata-ton-kounoupion,1
West Nile Virus,Greece,humans,confirmed_cases,2026-08-09,75,False,good,https://www.thetoc.gr/ygeia/article/exarsi-tou-iou-tou-dutikou-neilou-me-epikentro-tin-attiki---se-egrigorsi-oi-arxes-gia-tin-exaplosi/,1
West Nile Virus,Greece,humans,confirmed_cases,2026-08-13,110,False,good,https://athina984.gr/2026/08/13/eody-45-kroysmata-loimoxis-toy-ioy-toy-dytikoy-neiloy-tin-teleytaia-evdomada-110-synolika-9-thanatoi/; https://www.epikaira.gr/saronei-o-ios-tou-dytikou-neilou-45-krousmasta-kai-9-thanatoi-oi-dimoi-me-ti-megalyteri-exarsi/; https://www.protothema.gr/greece/article/1864258/se-ellada-kai-italia-i-megaluteri-exaplosi-tou-iou-tou-dutikou-neilou-stin-europi-oi-dimoi-me-ta-perissotera-krousmata/; https://www.sofokleousin.gr/epixeiriseis/ygeia/eody-45-krousmata-loimoksis-tou-iou-tou-dytikou-neilou-tin-teleyt,4
West Nile Virus,Greece,humans,confirmed_cases,2026-08-16,110,False,good,https://empisteutiko.gr/ios-toy-dytikoy-neiloy-sta-110-ta-kroysmata-sto-epikentro-i-attiki-oi-odigies-toy-eody-pros-toys-polites/; https://gr.euronews.com/2026/08/16/synagermos-gia-ta-afxomena-krousmata-tou-iou-tou-dytikou-neilou-stin-ellada-erxetai-dyskol; https://typos.com.cy/ellada/ta-dyskola-einai-brosta-mas-leei-o-eody-gia-io-dytikou-neilou-pote-anamenetai-i-koryfosi/; https://www.athensvoice.gr/epikairotita/ellada/980834/ta-12-metra-pou-zitoun-oi-loimoxiologoi-gia-ton-io-tou-dutikou-neilou/; https://www.businessnews.gr/ellada/item/344250-eody-gia-io-dytikoy-neilou-i-fetini-periodos-theoreitai-mia-apo-tis-pio-dyskoles-symvoules-prostasias; https://www.capital.gr/health/4010918/ios-tou-dutikou-neilou-i-elliniki-etaireia-loimoxeon-zita-amesi-klimakosi-ton-draseon/; https://www.cretalive.gr/ygeia/eody-gia-io-dytikoy-neiloy-apo-tis-pio-dyskoles-i-fetini-periodos; https://www.efsyn.gr/ellada/1448493/eody-gia-io-dytikoy-neiloy-apo-tis-pio-dyskoles-i-fetini-periodos-hristims-symvoyles/; https://www.ekriti.gr/epistimi/i-antimetopisi-toy-ioy-toy-dytikoy-neiloy-poia-einai-ta-12-amesa-metra-prolipsis; https://www.emakedonia.gr/anisychia-gia-tin-ayxanomeni-kykloforia-toy-ioy-toy-dytikoy-neiloy-poia-einai-ta-12-amesa-metra-prolipsis; https://www.inewsgr.com/227/elliniki-etaireia-loimoxeon-i-antimetopisi-tou-iou-tou-dytikou-neilou-apaitei-drasi-tora--ta-12-amesa-metra-prolipsis-pou-proteinei.htm; https://www.inewsgr.com/227/ios-tou-dytikou-neilou-saronei-stin-attiki-pote-anamenetai-koryfosi-tis-loimoxis--se-synagermo-ygeionomikes-arches-kai-eody.htm; https://www.inewsgr.com/27/etaireia-loimoxeon-gia-io-tou-dytikou-neilou-apaiteitai-epanektimisi-kai-amesa-nea-metra.htm; https://www.inewsgr.com/351/ios-tou-dytikou-neilou-o-isa-krouei-ton-kodona--oi-systaseis-pros-tous-polites.htm; https://www.inewsgr.com/441/eody-dyskoli-i-fetini-periodos-gia-ton-io-tou-dytikou-neilou--ti-prepei-na-prosechoume.htm; https://www.lykavitos.gr/news/greece/synagermos-ston-io-tou-dytikou-neilou; https://www.news247.gr/ygeia/eodi-gia-io-ditikou-neilou-pote-anamenetai-i-korifosi-tis-fetinis-exarsis/; https://www.newsbeast.gr/health/arthro/13296586/eody-gia-ton-io-tou-dytikou-neilou-i-fetini-periodos-theoreitai-mia-apo-tis-pio-dyskoles-symvoules-prostasias; https://www.newsbeast.gr/health/arthro/13296861/ekklisi-gia-amesa-metra-gia-tin-exarsi-tou-iou-tou-dytikou-neilou-oi-12-protaseis-ton-loimoxiologon; https://www.protothema.gr/ugeia/article/1865394/eodu-gia-io-dutikou-neilou-i-fetini-periodos-theoreitai-mia-apo-tis-pio-duskoles-oi-sumvoules-prostasias/; https://www.tanea.gr/2026/08/16/greece/etaireia-loimokseon-gia-io-tou-dytikou-neilou-apaiteitai-epanektimisi-kai-amesa-nea-metra/; https://www.thebest.gr/article/841820-ios-dutikou-neilou-krisimes-oi-epomenes-ebdomades-protofanis-exarsi; https://www.thebest.gr/article/841832-elliniki-etaireia-loimoxeon-o-ios-tou-dutikou-neilou-apaitei-drasi-tora-poia-einai-ta-12-amesa-metra-prolipsis; https://www.topontiki.gr/2026/08/16/proidopiisi-eodi-gia-ton-io-tou-ditikou-nilou-ta-diskola-ine-brosta-mas-pote-anamenete-na-korifothi-i-fetini-exarsi/,24
West Nile Virus,Greece,humans,confirmed_cases,2026-08-17,110,False,good,https://www.iefimerida.gr/english/greece-faces-worst-west-nile-virus-season-years-health-officials-warn; https://www.inewsgr.com/93/ios-tou-dytikou-neilou-oi-treis-perioches-stin-attiki-opou-vrisketai-se-exarsi--tha-afxithoun-ta-varia-krousmata-mechri-telos-oktovriou.htm,2
West Nile Virus,Greece,humans,confirmed_cases,2026-08-17,105,False,good,https://www.tanea.gr/2026/08/17/greece/ios-dytikou-neilou-stin-attiki-to-70-ton-krousmaton-mexri-oktovri-se-synagermo-gia-kounoupia/,1
West Nile Virus,Greece,humans,confirmed_cases,2026-08-17,13,True,chi-sq,https://www.huffingtonpost.gr/kinonia/ios-tou-dytikou-neilou-sto-kokkino-i-attiki-oi-perioches-pou-vriskontai-sto-epikentro-tis-exarsis/,1
West Nile Virus,Greece,humans,confirmed_cases,2026-08-17,81,True,monotonicity,https://frognews.bg/novini/35-sluchaya-zapadnonilska-treska-severna-makedoniya-trima-pochinaha.html,1
West Nile Virus,Greece,humans,confirmed_cases,2026-08-18,110,False,good,https://newpost.gr/eidiseis/synagermos-gia-ton-io-toy-dytikoy-neiloy-anevainoyn-ta-kroysmata-sto-epikentro-i-attiki-vinteo/; https://www.kathimerini.gr/visual/infographics/564406543/diarkis-ayxisi-sta-kroysmata-apo-ton-io-toy-dytikoy-neiloy/; https://www.stoxos.gr/2026/08/blog-post_2765.html,3
West Nile Virus,Greece,humans,confirmed_deaths,2026-08-07,6,False,good,https://kosmoslarissa.gr/ellada/%CE%B9%CF%8C%CF%82-%CF%84%CE%BF%CF%85-%CE%B4%CF%85%CF%84%CE%B9%CE%BA%CE%BF%CF%8D-%CE%BD%CE%B5%CE%AF%CE%BB%CE%BF%CF%85-%CE%B1%CE%BD%CE%B7%CF%83%CF%85%CF%87%CE%AF%CE%B1-%CE%B1%CF%80%CF%8C-%CF%84%CE%BF/,1
West Nile Virus,Greece,humans,confirmed_deaths,2026-08-08,6,False,good,https://www.iefimerida.gr/ellada/ekrixi-kroysmaton-toy-ioy-toy-dytikoy-neiloy; https://www.inewsgr.com/184/ekrixi-krousmaton-tou-iou-tou-dytikou-neilou-sto-kokkino-i-attiki--kabanaki-apo-ton-isa-ta-metra-prostasias.htm,2
West Nile Virus,Greece,humans,confirmed_deaths,2026-08-09,6,False,good,https://www.inewsgr.com/93/ios-dytikou-neilou-stin-attiki-ta-perissotera-krousmata--exi-thanatoi-tis-teleftaies-imeres.htm; https://www.patrasevents.gr/article/753895-ios-d-neilou-ekklisi-gia-entatikopoiisi-ton-metron-kata-ton-kounoupion; https://www.thebest.gr/article/841001-ios-dutikou-neilou-stin-attiki-ta-perissotera-krousmata-exi-thanatoi-tis-teleutaies-imeres,3
West Nile Virus,Greece,humans,confirmed_deaths,2026-08-10,6,False,good,https://www.achaianews.gr/index.php/%CF%8C%CE%BB%CE%B1-%CF%84%CE%B1-%CE%BD%CE%AD%CE%B1-h/%CE%B1%CE%B8%CE%BB%CE%B7%CF%84%CE%B9%CF%83%CE%BC%CF%8C%CF%82/230416-1-beaf5824,1
West Nile Virus,Greece,humans,confirmed_deaths,2026-08-13,9,False,good,https://athina984.gr/2026/08/13/eody-45-kroysmata-loimoxis-toy-ioy-toy-dytikoy-neiloy-tin-teleytaia-evdomada-110-synolika-9-thanatoi/; https://www.epikaira.gr/saronei-o-ios-tou-dytikou-neilou-45-krousmasta-kai-9-thanatoi-oi-dimoi-me-ti-megalyteri-exarsi/; https://www.protothema.gr/greece/article/1864258/se-ellada-kai-italia-i-megaluteri-exaplosi-tou-iou-tou-dutikou-neilou-stin-europi-oi-dimoi-me-ta-perissotera-krousmata/; https://www.sofokleousin.gr/epixeiriseis/ygeia/eody-45-krousmata-loimoksis-tou-iou-tou-dytikou-neilou-tin-teleyt,4
West Nile Virus,Greece,humans,confirmed_deaths,2026-08-16,9,False,good,https://empisteutiko.gr/ios-toy-dytikoy-neiloy-sta-110-ta-kroysmata-sto-epikentro-i-attiki-oi-odigies-toy-eody-pros-toys-polites/; https://www.athensvoice.gr/epikairotita/ellada/980834/ta-12-metra-pou-zitoun-oi-loimoxiologoi-gia-ton-io-tou-dutikou-neilou/; https://www.capital.gr/health/4010918/ios-tou-dutikou-neilou-i-elliniki-etaireia-loimoxeon-zita-amesi-klimakosi-ton-draseon/; https://www.ekriti.gr/epistimi/i-antimetopisi-toy-ioy-toy-dytikoy-neiloy-poia-einai-ta-12-amesa-metra-prolipsis; https://www.emakedonia.gr/anisychia-gia-tin-ayxanomeni-kykloforia-toy-ioy-toy-dytikoy-neiloy-poia-einai-ta-12-amesa-metra-prolipsis; https://www.inewsgr.com/227/elliniki-etaireia-loimoxeon-i-antimetopisi-tou-iou-tou-dytikou-neilou-apaitei-drasi-tora--ta-12-amesa-metra-prolipsis-pou-proteinei.htm; https://www.inewsgr.com/27/etaireia-loimoxeon-gia-io-tou-dytikou-neilou-apaiteitai-epanektimisi-kai-amesa-nea-metra.htm; https://www.inewsgr.com/351/ios-tou-dytikou-neilou-o-isa-krouei-ton-kodona--oi-systaseis-pros-tous-polites.htm; https://www.newsbeast.gr/health/arthro/13296861/ekklisi-gia-amesa-metra-gia-tin-exarsi-tou-iou-tou-dytikou-neilou-oi-12-protaseis-ton-loimoxiologon; https://www.tanea.gr/2026/08/16/greece/etaireia-loimokseon-gia-io-tou-dytikou-neilou-apaiteitai-epanektimisi-kai-amesa-nea-metra/; https://www.thebest.gr/article/841832-elliniki-etaireia-loimoxeon-o-ios-tou-dutikou-neilou-apaitei-drasi-tora-poia-einai-ta-12-amesa-metra-prolipsis,11
West Nile Virus,Greece,humans,confirmed_deaths,2026-08-17,9,False,good,https://en.shafaqna.com/471648/eu-centre-for-disease-prevention-calls-for-protection-against-west-nile-virus/; https://frognews.bg/novini/35-sluchaya-zapadnonilska-treska-severna-makedoniya-trima-pochinaha.html; https://www.huffingtonpost.gr/kinonia/ios-tou-dytikou-neilou-sto-kokkino-i-attiki-oi-perioches-pou-vriskontai-sto-epikentro-tis-exarsis/; https://www.tanea.gr/2026/08/17/greece/ios-dytikou-neilou-stin-attiki-to-70-ton-krousmaton-mexri-oktovri-se-synagermo-gia-kounoupia/,4
West Nile Virus,Greece,humans,confirmed_deaths,2026-08-18,9,False,good,https://www.lykavitos.gr/news/wellness/ios-tou-dytikou-neilou-oi-treis-perioxes-tis-attikis-me-ta-perissotera-krousmata,1
West Nile Virus,Greece,humans,confirmed_deaths,2026-08-18,6,True,monotonicity,https://www.stoxos.gr/2026/08/blog-post_2765.html,1
West Nile Virus,Greece,humans,suspected_cases,2026-08-07,65,False,good,https://kosmoslarissa.gr/ellada/%CE%B9%CF%8C%CF%82-%CF%84%CE%BF%CF%85-%CE%B4%CF%85%CF%84%CE%B9%CE%BA%CE%BF%CF%8D-%CE%BD%CE%B5%CE%AF%CE%BB%CE%BF%CF%85-%CE%B1%CE%BD%CE%B7%CF%83%CF%85%CF%87%CE%AF%CE%B1-%CE%B1%CF%80%CF%8C-%CF%84%CE%BF/,1
West Nile Virus,Greece,humans,suspected_cases,2026-08-08,23,True,chi-sq,https://www.iefimerida.gr/ellada/ekrixi-kroysmaton-toy-ioy-toy-dytikoy-neiloy,1
West Nile Virus,Greece,humans,suspected_cases,2026-08-08,65,False,good,https://www.inewsgr.com/184/ekrixi-krousmaton-tou-iou-tou-dytikou-neilou-sto-kokkino-i-attiki--kabanaki-apo-ton-isa-ta-metra-prostasias.htm,1
West Nile Virus,Greece,humans,suspected_cases,2026-08-08,61,False,good,https://sana.sy/en/health/2335070/; https://sana.sy/health/2548239/,2
West Nile Virus,Greece,humans,suspected_cases,2026-08-13,45,True,chi-sq,https://www.epikaira.gr/saronei-o-ios-tou-dytikou-neilou-45-krousmasta-kai-9-thanatoi-oi-dimoi-me-ti-megalyteri-exarsi/; https://www.protothema.gr/greece/article/1864258/se-ellada-kai-italia-i-megaluteri-exaplosi-tou-iou-tou-dutikou-neilou-stin-europi-oi-dimoi-me-ta-perissotera-krousmata/,2
West Nile Virus,Greece,humans,suspected_cases,2026-08-16,110,False,good,https://gr.euronews.com/2026/08/16/synagermos-gia-ta-afxomena-krousmata-tou-iou-tou-dytikou-neilou-stin-ellada-erxetai-dyskol; https://typos.com.cy/ellada/ta-dyskola-einai-brosta-mas-leei-o-eody-gia-io-dytikou-neilou-pote-anamenetai-i-koryfosi/; https://www.athensvoice.gr/epikairotita/ellada/980834/ta-12-metra-pou-zitoun-oi-loimoxiologoi-gia-ton-io-tou-dutikou-neilou/; https://www.businessnews.gr/ellada/item/344250-eody-gia-io-dytikoy-neilou-i-fetini-periodos-theoreitai-mia-apo-tis-pio-dyskoles-symvoules-prostasias; https://www.cretalive.gr/ygeia/eody-gia-io-dytikoy-neiloy-apo-tis-pio-dyskoles-i-fetini-periodos; https://www.efsyn.gr/ellada/1448493/eody-gia-io-dytikoy-neiloy-apo-tis-pio-dyskoles-i-fetini-periodos-hristims-symvoyles/; https://www.inewsgr.com/227/ios-tou-dytikou-neilou-saronei-stin-attiki-pote-anamenetai-koryfosi-tis-loimoxis--se-synagermo-ygeionomikes-arches-kai-eody.htm; https://www.inewsgr.com/27/etaireia-loimoxeon-gia-io-tou-dytikou-neilou-apaiteitai-epanektimisi-kai-amesa-nea-metra.htm; https://www.inewsgr.com/351/ios-tou-dytikou-neilou-o-isa-krouei-ton-kodona--oi-systaseis-pros-tous-polites.htm; https://www.inewsgr.com/441/eody-dyskoli-i-fetini-periodos-gia-ton-io-tou-dytikou-neilou--ti-prepei-na-prosechoume.htm; https://www.lykavitos.gr/news/greece/synagermos-ston-io-tou-dytikou-neilou; https://www.news247.gr/ygeia/eodi-gia-io-ditikou-neilou-pote-anamenetai-i-korifosi-tis-fetinis-exarsis/; https://www.newsbeast.gr/health/arthro/13296586/eody-gia-ton-io-tou-dytikou-neilou-i-fetini-periodos-theoreitai-mia-apo-tis-pio-dyskoles-symvoules-prostasias; https://www.newsbeast.gr/health/arthro/13296861/ekklisi-gia-amesa-metra-gia-tin-exarsi-tou-iou-tou-dytikou-neilou-oi-12-protaseis-ton-loimoxiologon; https://www.protothema.gr/ugeia/article/1865394/eodu-gia-io-dutikou-neilou-i-fetini-periodos-theoreitai-mia-apo-tis-pio-duskoles-oi-sumvoules-prostasias/; https://www.thebest.gr/article/841820-ios-dutikou-neilou-krisimes-oi-epomenes-ebdomades-protofanis-exarsi; https://www.topontiki.gr/2026/08/16/proidopiisi-eodi-gia-ton-io-tou-ditikou-nilou-ta-diskola-ine-brosta-mas-pote-anamenete-na-korifothi-i-fetini-exarsi/,17
West Nile Virus,Greece,humans,suspected_cases,2026-08-17,110,False,good,https://www.inewsgr.com/93/ios-tou-dytikou-neilou-oi-treis-perioches-stin-attiki-opou-vrisketai-se-exarsi--tha-afxithoun-ta-varia-krousmata-mechri-telos-oktovriou.htm,1
West Nile Virus,Greece,humans,suspected_cases,2026-08-17,105,False,good,https://www.tanea.gr/2026/08/17/greece/ios-dytikou-neilou-stin-attiki-to-70-ton-krousmaton-mexri-oktovri-se-synagermo-gia-kounoupia/,1
West Nile Virus,Greece,humans,suspected_cases,2026-08-17,13,True,chi-sq,https://www.huffingtonpost.gr/kinonia/ios-tou-dytikou-neilou-sto-kokkino-i-attiki-oi-perioches-pou-vriskontai-sto-epikentro-tis-exarsis/,1
West Nile Virus,Greece,humans,suspected_cases,2026-08-18,110,False,good,https://www.stoxos.gr/2026/08/blog-post_2765.html,1
West Nile Virus,Greece,humans,suspected_deaths,2026-08-08,2,False,good,https://www.inewsgr.com/184/ekrixi-krousmaton-tou-iou-tou-dytikou-neilou-sto-kokkino-i-attiki--kabanaki-apo-ton-isa-ta-metra-prostasias.htm,1
West Nile Virus,Greece,humans,suspected_deaths,2026-08-13,9,False,good,https://www.epikaira.gr/saronei-o-ios-tou-dytikou-neilou-45-krousmasta-kai-9-thanatoi-oi-dimoi-me-ti-megalyteri-exarsi/; https://www.protothema.gr/greece/article/1864258/se-ellada-kai-italia-i-megaluteri-exaplosi-tou-iou-tou-dutikou-neilou-stin-europi-oi-dimoi-me-ta-perissotera-krousmata/,2
West Nile Virus,"Guadalhorce River, Spain",mosquitoes,confirmed_cases,2026-08-09,1,False,good,https://www.malagahoy.es/malaga/colegio-veterinarios-pide-reforzar-seguridad-detectarse-virus-nilo-campanillas_0_2007678680.html,1
West Nile Virus,"Halkidiki, Greece",humans,confirmed_deaths,2026-08-13,9,False,good,https://athina984.gr/2026/08/13/deltio-eidiseon-stis-17-00-2141/,1
West Nile Virus,"Hays County, United States",humans,confirmed_cases,2026-08-13,1,False,good,https://www.kut.org/health/2026-08-13/hays-county-human-case-west-nile-virus-tx-mosquito,1
West Nile Virus,"Hinojos, Spain",humans,confirmed_cases,2026-08-17,1,False,good,https://www.que.es/2026/08/17/fiebre-del-nilo-perros-hinojos/,1
West Nile Virus,"Hinojos, Spain",humans,confirmed_deaths,2026-08-17,1,False,good,https://www.que.es/2026/08/17/fiebre-del-nilo-perros-hinojos/,1
West Nile Virus,"Hinojos, Spain",humans,suspected_cases,2026-08-17,1,False,good,https://www.que.es/2026/08/17/fiebre-del-nilo-perros-hinojos/,1
West Nile Virus,"Iberian Peninsula, Spain",birds,confirmed_cases,2026-08-10,26,False,good,https://www.larazon.es/sociedad/aumenta-numero-casos-fiebre-nilo_202608106a79f66471b42a0b5de7f704.html,1
West Nile Virus,"Iberian Peninsula, Spain",humans,confirmed_cases,2026-08-10,26,False,good,https://www.larazon.es/sociedad/aumenta-numero-casos-fiebre-nilo_202608106a79f66471b42a0b5de7f704.html,1
West Nile Virus,"Iberian Peninsula, Spain",humans,confirmed_deaths,2026-08-10,1,False,good,https://www.larazon.es/sociedad/aumenta-numero-casos-fiebre-nilo_202608106a79f66471b42a0b5de7f704.html,1
West Nile Virus,"Iowa, United States",humans,confirmed_cases,2026-08-07,1,False,good,https://www.mississippivalleypublishing.com/daily_gate/daily_gate/first-2026-case-of-west-nile-virus-reported-in-iowa/article_156cc9a3-3861-487b-a8b2-5247ea85b76a.html,1
West Nile Virus,"Iowa, United States",humans,confirmed_deaths,2026-08-13,3,False,good,https://www.communitynewspapergroup.com/vinton_newspapers/iowa-hhs-reports-first-west-nile-virus-case-for-2026/article_7b677e96-d0af-42ba-9527-fcd8b5e987da.html,1
West Nile Virus,Israel,humans,confirmed_cases,2026-08-13,13,False,good,https://alhourriah.org/article/171154,1
West Nile Virus,Israel,humans,confirmed_deaths,2026-08-13,1,False,good,https://alhourriah.org/article/171154,1
West Nile Virus,Israel,humans,suspected_cases,2026-08-13,13,False,good,https://alhourriah.org/article/171154,1
West Nile Virus,Italy,humans,confirmed_cases,2026-08-08,139,False,good,https://dariknews.bg/novini/bylgariia/prof.-kantardzhiev-zapadnonilskata-treska-veche-e-tuk-pacienti-se-vryshtat-ot-gyrciia-s-bolki-v-muskulite-2463157; https://sana.sy/en/health/2335070/; https://sana.sy/es/world/2326257/; https://sana.sy/health/2548239/; https://www.gmx.at/magazine/gesundheit/240-faelle-west-nil-fieber-europa-42590984,5
West Nile Virus,Italy,humans,confirmed_cases,2026-08-08,240,True,monotonicity,https://sana.sy/health/2548239/,1
West Nile Virus,Italy,humans,confirmed_cases,2026-08-10,99,False,good,https://www.europeonline-magazine.eu/west-nil-fieber-konsequenter-mueckenschutz-ist-wichtig/; https://www.schwaebische.de/ratgeber/gesundheit/aktuelles/west-nil-fieber-konsequenter-mueckenschutz-ist-wichtig-4776908; https://www.shz.de/lebenswelten/gesundheit-fitness/artikel/west-nil-fieber-konsequenter-mueckenschutz-ist-wichtig-51056550,3
West Nile Virus,Italy,humans,confirmed_cases,2026-08-17,224,False,good,https://www.inewsgr.com/93/ios-tou-dytikou-neilou-oi-treis-perioches-stin-attiki-opou-vrisketai-se-exarsi--tha-afxithoun-ta-varia-krousmata-mechri-telos-oktovriou.htm; https://www.tanea.gr/2026/08/17/greece/ios-dytikou-neilou-stin-attiki-to-70-ton-krousmaton-mexri-oktovri-se-synagermo-gia-kounoupia/,2
West Nile Virus,Italy,humans,confirmed_cases,2026-08-17,40,True,chi-sq,https://www.huffingtonpost.gr/kinonia/ios-tou-dytikou-neilou-sto-kokkino-i-attiki-oi-perioches-pou-vriskontai-sto-epikentro-tis-exarsis/,1
West Nile Virus,Italy,humans,confirmed_cases,2026-08-18,224,False,good,https://www.stoxos.gr/2026/08/blog-post_2765.html,1
West Nile Virus,Italy,humans,confirmed_deaths,2026-08-17,5,False,good,https://www.huffingtonpost.gr/kinonia/ios-tou-dytikou-neilou-sto-kokkino-i-attiki-oi-perioches-pou-vriskontai-sto-epikentro-tis-exarsis/; https://www.inewsgr.com/93/ios-tou-dytikou-neilou-oi-treis-perioches-stin-attiki-opou-vrisketai-se-exarsi--tha-afxithoun-ta-varia-krousmata-mechri-telos-oktovriou.htm; https://www.tanea.gr/2026/08/17/greece/ios-dytikou-neilou-stin-attiki-to-70-ton-krousmaton-mexri-oktovri-se-synagermo-gia-kounoupia/,3
West Nile Virus,Italy,humans,confirmed_deaths,2026-08-17,7,False,good,https://en.shafaqna.com/471648/eu-centre-for-disease-prevention-calls-for-protection-against-west-nile-virus/,1
West Nile Virus,Italy,humans,confirmed_deaths,2026-08-18,5,True,monotonicity,https://www.stoxos.gr/2026/08/blog-post_2765.html,1
West Nile Virus,Italy,humans,suspected_cases,2026-08-08,139,False,good,https://sana.sy/en/health/2335070/; https://sana.sy/es/world/2326257/; https://sana.sy/health/2548239/,3
West Nile Virus,Italy,humans,suspected_cases,2026-08-17,224,False,good,https://www.inewsgr.com/93/ios-tou-dytikou-neilou-oi-treis-perioches-stin-attiki-opou-vrisketai-se-exarsi--tha-afxithoun-ta-varia-krousmata-mechri-telos-oktovriou.htm,1
West Nile Virus,Italy,humans,suspected_deaths,2026-08-17,7,False,good,https://en.shafaqna.com/471648/eu-centre-for-disease-prevention-calls-for-protection-against-west-nile-virus/,1
West Nile Virus,"Junta De Andalucía, Spain",humans,confirmed_cases,2026-08-17,43,False,good,https://www.que.es/2026/08/17/fiebre-del-nilo-perros-hinojos/,1
West Nile Virus,"Junta De Andalucía, Spain",humans,confirmed_deaths,2026-08-17,1,False,good,https://www.que.es/2026/08/17/fiebre-del-nilo-perros-hinojos/,1
West Nile Virus,"Junta De Andalucía, Spain",humans,suspected_cases,2026-08-17,43,False,good,https://www.que.es/2026/08/17/fiebre-del-nilo-perros-hinojos/,1
West Nile Virus,"Kalamazoo County Health And Community Services Department, United States",hawks,confirmed_cases,2026-08-07,1,False,good,https://wwmt.com/news/local/west-nile-virus-kalamazoo-county-hawk-detected-found-red-tail-health-department-human-cases-monitor-test-disease-michigan-wwmt,1
West Nile Virus,"Kalamazoo County Health And Community Services Department, United States",hawks,confirmed_deaths,2026-08-07,1,False,good,https://wwmt.com/news/local/west-nile-virus-kalamazoo-county-hawk-detected-found-red-tail-health-department-human-cases-monitor-test-disease-michigan-wwmt,1
West Nile Virus,"Kalamazoo County Health And Community Services Department, United States",hawks,suspected_cases,2026-08-07,1,False,good,https://wwmt.com/news/local/west-nile-virus-kalamazoo-county-hawk-detected-found-red-tail-health-department-human-cases-monitor-test-disease-michigan-wwmt,1
West Nile Virus,"Kalamazoo County Health And Community Services Department, United States",hawks,suspected_deaths,2026-08-07,1,False,good,https://wwmt.com/news/local/west-nile-virus-kalamazoo-county-hawk-detected-found-red-tail-health-department-human-cases-monitor-test-disease-michigan-wwmt,1
West Nile Virus,"Kalamazoo County, United States",hawks,confirmed_cases,2026-08-07,1,False,good,https://wwmt.com/news/local/west-nile-virus-kalamazoo-county-hawk-detected-found-red-tail-health-department-human-cases-monitor-test-disease-michigan-wwmt,1
West Nile Virus,"Kalamazoo County, United States",hawks,confirmed_deaths,2026-08-07,1,False,good,https://wwmt.com/news/local/west-nile-virus-kalamazoo-county-hawk-detected-found-red-tail-health-department-human-cases-monitor-test-disease-michigan-wwmt,1
West Nile Virus,"Kalamazoo County, United States",hawks,suspected_cases,2026-08-07,1,False,good,https://wwmt.com/news/local/west-nile-virus-kalamazoo-county-hawk-detected-found-red-tail-health-department-human-cases-monitor-test-disease-michigan-wwmt,1
West Nile Virus,"Kalamazoo County, United States",hawks,suspected_deaths,2026-08-07,1,False,good,https://wwmt.com/news/local/west-nile-virus-kalamazoo-county-hawk-detected-found-red-tail-health-department-human-cases-monitor-test-disease-michigan-wwmt,1
West Nile Virus,Kosovo,humans,confirmed_cases,2026-08-17,1,False,good,https://www.huffingtonpost.gr/kinonia/ios-tou-dytikou-neilou-sto-kokkino-i-attiki-oi-perioches-pou-vriskontai-sto-epikentro-tis-exarsis/; https://www.inewsgr.com/93/ios-tou-dytikou-neilou-oi-treis-perioches-stin-attiki-opou-vrisketai-se-exarsi--tha-afxithoun-ta-varia-krousmata-mechri-telos-oktovriou.htm; https://www.tanea.gr/2026/08/17/greece/ios-dytikou-neilou-stin-attiki-to-70-ton-krousmaton-mexri-oktovri-se-synagermo-gia-kounoupia/,3
West Nile Virus,Kosovo,humans,confirmed_cases,2026-08-18,1,False,good,https://www.stoxos.gr/2026/08/blog-post_2765.html,1
West Nile Virus,Kosovo,humans,suspected_cases,2026-08-17,1,False,good,https://www.huffingtonpost.gr/kinonia/ios-tou-dytikou-neilou-sto-kokkino-i-attiki-oi-perioches-pou-vriskontai-sto-epikentro-tis-exarsis/; https://www.tanea.gr/2026/08/17/greece/ios-dytikou-neilou-stin-attiki-to-70-ton-krousmaton-mexri-oktovri-se-synagermo-gia-kounoupia/,2
West Nile Virus,L A County,birds,confirmed_cases,2026-08-16,373,False,good,https://www.latimes.com/science/story/2026-08-16/insects-ticks-coming-for-us,1
West Nile Virus,L A County,birds,suspected_cases,2026-08-16,373,False,good,https://www.latimes.com/science/story/2026-08-16/insects-ticks-coming-for-us,1
West Nile Virus,L A County,birds,suspected_deaths,2026-08-16,373,False,good,https://www.latimes.com/science/story/2026-08-16/insects-ticks-coming-for-us,1
West Nile Virus,L A County,humans,confirmed_cases,2026-08-16,220,False,good,https://www.latimes.com/science/story/2026-08-16/insects-ticks-coming-for-us,1
West Nile Virus,L A County,humans,suspected_cases,2026-08-16,14,False,good,https://www.latimes.com/science/story/2026-08-16/insects-ticks-coming-for-us,1
West Nile Virus,"La Puebla Del Río, Spain",humans,confirmed_cases,2026-08-11,4,False,good,https://www.europapress.es/andalucia/sevilla-00357/noticia-andalucia-suma-26-casos-virus-nilo-detectar-cinco-nuevos-provincia-sevilla-20260810135714.html,1
West Nile Virus,"La Puebla Del Río, Spain",humans,confirmed_cases,2026-08-13,5,False,good,https://www.notimerica.com/vida/noticia-andalucia-eleva-34-casos-virus-nilo-detectar-tres-nuevos-provincia-sevilla-ellos-grave-20260813113113.html,1
West Nile Virus,"La Puebla Del Río, Spain",humans,confirmed_cases,2026-08-18,5,False,good,https://www.sevillaactualidad.com/provincia/597227-andalucia-alcanza-los-46-casos-de-fiebre-del-nilo-tras-tres-nuevos-positivos-en-sevilla/,1
West Nile Virus,"La Puebla Del Río, Spain",humans,suspected_cases,2026-08-11,4,False,good,https://www.europapress.es/andalucia/sevilla-00357/noticia-andalucia-suma-26-casos-virus-nilo-detectar-cinco-nuevos-provincia-sevilla-20260810135714.html,1
West Nile Virus,"La Puebla Del Río, Spain",humans,suspected_cases,2026-08-18,5,False,good,https://www.sevillaactualidad.com/provincia/597227-andalucia-alcanza-los-46-casos-de-fiebre-del-nilo-tras-tres-nuevos-positivos-en-sevilla/,1
West Nile Virus,"Larissa, Greece",humans,confirmed_cases,2026-08-15,7,False,good,https://www.newsit.gr/ellada/ios-tou-dytikou-neilou-ayksisi-krousmaton-stin-attiki-magiorkinis-sto-epikentro-spata-kai-markopoulo/4751403/,1
West Nile Virus,"Larissa, Greece",humans,suspected_cases,2026-08-15,7,False,good,https://www.newsit.gr/ellada/ios-tou-dytikou-neilou-ayksisi-krousmaton-stin-attiki-magiorkinis-sto-epikentro-spata-kai-markopoulo/4751403/,1
West Nile Virus,"Lavreotiki, Greece",humans,confirmed_cases,2026-08-15,2,False,good,https://www.newsit.gr/ellada/ios-tou-dytikou-neilou-ayksisi-krousmaton-stin-attiki-magiorkinis-sto-epikentro-spata-kai-markopoulo/4751403/,1
West Nile Virus,"Lavreotiki, Greece",humans,suspected_cases,2026-08-15,2,False,good,https://www.newsit.gr/ellada/ios-tou-dytikou-neilou-ayksisi-krousmaton-stin-attiki-magiorkinis-sto-epikentro-spata-kai-markopoulo/4751403/,1
West Nile Virus,"Lesbos, Greece",humans,confirmed_deaths,2026-08-13,9,False,good,https://athina984.gr/2026/08/13/deltio-eidiseon-stis-13-00-2132/; https://athina984.gr/2026/08/13/deltio-eidiseon-stis-17-00-2141/,2
West Nile Virus,"Livadia, Greece",humans,confirmed_deaths,2026-08-13,9,False,good,https://athina984.gr/2026/08/13/deltio-eidiseon-stis-17-00-2141/,1
West Nile Virus,"Lopera, Spain",humans,confirmed_cases,2026-08-10,26,False,good,https://www.larazon.es/sociedad/aumenta-numero-casos-fiebre-nilo_202608106a79f66471b42a0b5de7f704.html,1
West Nile Virus,"Lopera, Spain",humans,suspected_cases,2026-08-10,20,False,good,https://www.andaluciainformacion.es/articulo/torredonjimeno/torredonjimeno-sale-alerta-virus-nilo/202608101747043452208.html,1
West Nile Virus,"Los Angeles County, United States",birds,suspected_cases,2026-08-16,373,False,good,https://www.latimes.com/science/story/2026-08-16/insects-ticks-coming-for-us,1
West Nile Virus,"Lykovrysi - Peuki, Greece",humans,suspected_cases,2026-08-13,5,False,good,https://www.sofokleousin.gr/epixeiriseis/ygeia/eody-45-krousmata-loimoksis-tou-iou-tou-dytikou-neilou-tin-teleyt,1
West Nile Virus,Lykovrysi Peukis Municipality,humans,suspected_cases,2026-08-13,5,False,good,https://athina984.gr/2026/08/13/eody-45-kroysmata-loimoxis-toy-ioy-toy-dytikoy-neiloy-tin-teleytaia-evdomada-110-synolika-9-thanatoi/,1
West Nile Virus,"Marathon, Greece",humans,confirmed_cases,2026-08-15,2,False,good,https://www.newsit.gr/ellada/ios-tou-dytikou-neilou-ayksisi-krousmaton-stin-attiki-magiorkinis-sto-epikentro-spata-kai-markopoulo/4751403/,1
West Nile Virus,"Marathon, Greece",humans,suspected_cases,2026-08-15,2,False,good,https://www.newsit.gr/ellada/ios-tou-dytikou-neilou-ayksisi-krousmaton-stin-attiki-magiorkinis-sto-epikentro-spata-kai-markopoulo/4751403/,1
West Nile Virus,"Marin County, United States",birds,confirmed_cases,2026-08-16,373,False,good,https://www.latimes.com/science/story/2026-08-16/insects-ticks-coming-for-us,1
West Nile Virus,"Marin County, United States",birds,suspected_cases,2026-08-16,373,False,good,https://www.latimes.com/science/story/2026-08-16/insects-ticks-coming-for-us,1
West Nile Virus,"Markopoulo Mesogaias Municipality, Greece",humans,confirmed_cases,2026-08-13,11,False,good,https://www.protothema.gr/greece/article/1864258/se-ellada-kai-italia-i-megaluteri-exaplosi-tou-iou-tou-dutikou-neilou-stin-europi-oi-dimoi-me-ta-perissotera-krousmata/; https://www.sofokleousin.gr/epixeiriseis/ygeia/eody-45-krousmata-loimoksis-tou-iou-tou-dytikou-neilou-tin-teleyt,2
West Nile Virus,"Markopoulo Mesogaias Municipality, Greece",humans,confirmed_cases,2026-08-15,11,False,good,https://www.newsit.gr/ellada/ios-tou-dytikou-neilou-ayksisi-krousmaton-stin-attiki-magiorkinis-sto-epikentro-spata-kai-markopoulo/4751403/,1
West Nile Virus,"Markopoulo Mesogaias Municipality, Greece",humans,suspected_cases,2026-08-13,11,False,good,https://www.sofokleousin.gr/epixeiriseis/ygeia/eody-45-krousmata-loimoksis-tou-iou-tou-dytikou-neilou-tin-teleyt,1
West Nile Virus,"Markopoulo Mesogaias Municipality, Greece",humans,suspected_cases,2026-08-15,11,False,good,https://www.newsit.gr/ellada/ios-tou-dytikou-neilou-ayksisi-krousmaton-stin-attiki-magiorkinis-sto-epikentro-spata-kai-markopoulo/4751403/,1
West Nile Virus,"Massachusetts, United States",mosquitoes,confirmed_cases,2026-08-15,137,False,good,https://www.berkshireeagle.com/news/local/west-nile-berkshire-county-update/article_ad38d8b7-3435-48b4-864f-7ff01fc1f549.html,1
West Nile Virus,"Massachusetts, United States",mosquitoes,suspected_cases,2026-08-15,137,False,good,https://www.berkshireeagle.com/news/local/west-nile-berkshire-county-update/article_ad38d8b7-3435-48b4-864f-7ff01fc1f549.html,1
West Nile Virus,"Minnesota, United States",horses,confirmed_cases,2026-08-14,1,False,good,https://www.perhamfocus.com/news/local/unvaccinated-polk-county-horse-contracts-west-nile-virus,1
West Nile Virus,Multiple Areas In Italy,humans,confirmed_cases,2026-08-08,139,False,good,https://www.gmx.at/magazine/gesundheit/240-faelle-west-nil-fieber-europa-42590984,1
West Nile Virus,"Multiple countries, Italy",humans,confirmed_cases,2026-08-08,241,False,good,https://www.lrytas.lt/sveikata/ligos-ir-gydymas/2026/08/08/news/europoje-registruota-daugiau-kaip-240-vakaru-nilo-karstliges-atveju-43445159,1
West Nile Virus,"Multiple countries, Multiple - Italy Greece Spain North Macedonia Romania France Germany",humans,confirmed_cases,2026-08-10,241,False,good,https://www.n-tv.de/wissen/West-Nil-Virus-breitet-sich-in-beliebten-Urlaubslaendern-aus-id31176062.html,1
West Nile Virus,"Multiple countries, Multiple - Italy Greece Spain North Macedonia Romania France Germany",humans,suspected_cases,2026-08-10,241,False,good,https://www.n-tv.de/wissen/West-Nil-Virus-breitet-sich-in-beliebten-Urlaubslaendern-aus-id31176062.html,1
West Nile Virus,"Multiple regions, Greece",mosquitoes,suspected_cases,2026-08-16,119,False,good,https://www.lykavitos.gr/news/greece/ios-dytikou-neilou-oi-12-protaseis-tis-ellinikis-etaireias-loimokseon-gia-ton-xarti-pros,1
West Nile Virus,"Multiple, Italy",humans,confirmed_cases,2026-08-08,241,False,good,https://www.lrytas.lt/sveikata/ligos-ir-gydymas/2026/08/08/news/europoje-registruota-daugiau-kaip-240-vakaru-nilo-karstliges-atveju-43445159,1
West Nile Virus,"Multiple, Italy",humans,confirmed_cases,2026-08-08,139,True,monotonicity,https://www.gmx.at/magazine/gesundheit/240-faelle-west-nil-fieber-europa-42590984,1
West Nile Virus,"Multiple, Multiple - Italy Greece Spain North Macedonia Romania France Germany",humans,confirmed_cases,2026-08-10,241,False,good,https://www.n-tv.de/wissen/West-Nil-Virus-breitet-sich-in-beliebten-Urlaubslaendern-aus-id31176062.html,1
West Nile Virus,"Multiple, Multiple - Italy Greece Spain North Macedonia Romania France Germany",humans,suspected_cases,2026-08-10,241,False,good,https://www.n-tv.de/wissen/West-Nil-Virus-breitet-sich-in-beliebten-Urlaubslaendern-aus-id31176062.html,1
West Nile Virus,"Municipalities With Human Cases, Greece",humans,confirmed_cases,2026-08-16,110,False,good,https://www.athensvoice.gr/epikairotita/ellada/980834/ta-12-metra-pou-zitoun-oi-loimoxiologoi-gia-ton-io-tou-dutikou-neilou/,1
West Nile Virus,"Municipalities With Human Cases, Greece",humans,confirmed_deaths,2026-08-16,9,False,good,https://www.athensvoice.gr/epikairotita/ellada/980834/ta-12-metra-pou-zitoun-oi-loimoxiologoi-gia-ton-io-tou-dutikou-neilou/,1
West Nile Virus,"Municipalities, Greece",humans,confirmed_cases,2026-08-16,110,False,good,https://www.ekriti.gr/epistimi/i-antimetopisi-toy-ioy-toy-dytikoy-neiloy-poia-einai-ta-12-amesa-metra-prolipsis; https://www.thebest.gr/article/841832-elliniki-etaireia-loimoxeon-o-ios-tou-dutikou-neilou-apaitei-drasi-tora-poia-einai-ta-12-amesa-metra-prolipsis,2
West Nile Virus,"Municipality Of Amarousion, Greece",humans,confirmed_cases,2026-08-18,1,False,good,https://www.inewsgr.com/379/d-amarousiou-amesi-energopoiisi-meta-apo-epivevaiomeno-krousma-tou-iou-dyt-neilou.htm,1
West Nile Virus,"Myrtle Beach, United States",humans,confirmed_cases,2026-08-14,2,False,good,https://www.wmbfnews.com/2026/08/14/mosquito-georgetown-county-tests-positive-west-nile-virus/,1
West Nile Virus,"NHS, Greece",humans,confirmed_cases,2026-08-16,110,False,good,https://www.newsbeast.gr/health/arthro/13296861/ekklisi-gia-amesa-metra-gia-tin-exarsi-tou-iou-tou-dytikou-neilou-oi-12-protaseis-ton-loimoxiologon,1
West Nile Virus,"Nea Ionia Municipality, Greece",humans,suspected_cases,2026-08-13,5,False,good,https://athina984.gr/2026/08/13/eody-45-kroysmata-loimoxis-toy-ioy-toy-dytikoy-neiloy-tin-teleytaia-evdomada-110-synolika-9-thanatoi/; https://www.sofokleousin.gr/epixeiriseis/ygeia/eody-45-krousmata-loimoksis-tou-iou-tou-dytikou-neilou-tin-teleyt,2
West Nile Virus,"Nea Zichni, Greece",humans,suspected_cases,2026-08-13,5,False,good,https://www.sofokleousin.gr/epixeiriseis/ygeia/eody-45-krousmata-loimoksis-tou-iou-tou-dytikou-neilou-tin-teleyt,1
West Nile Virus,"Nebraska, United States",humans,confirmed_cases,2026-08-14,30,False,good,https://www.klkntv.com/douglas-county-reports-first-human-west-nile-virus-case-of-the-summer-season/,1
West Nile Virus,"Nesconset, United States",crows,confirmed_cases,2026-08-14,2,False,good,https://suffolkcountyny.gov/News/ArtMID/583/ArticleID/15269/Twenty-Five-Mosquito-Samples-Test-Positive-for-West-Nile-Virus,1
West Nile Virus,"Nesconset, United States",crows,confirmed_deaths,2026-08-14,2,False,good,https://suffolkcountyny.gov/News/ArtMID/583/ArticleID/15269/Twenty-Five-Mosquito-Samples-Test-Positive-for-West-Nile-Virus,1
West Nile Virus,"Nesconset, United States",crows,suspected_cases,2026-08-14,2,False,good,https://suffolkcountyny.gov/News/ArtMID/583/ArticleID/15269/Twenty-Five-Mosquito-Samples-Test-Positive-for-West-Nile-Virus,1
West Nile Virus,"Nesconset, United States",crows,suspected_deaths,2026-08-14,1,False,good,https://suffolkcountyny.gov/News/ArtMID/583/ArticleID/15269/Twenty-Five-Mosquito-Samples-Test-Positive-for-West-Nile-Virus,1
West Nile Virus,Netherlands,humans,confirmed_cases,2026-08-13,110,False,good,https://athina984.gr/2026/08/13/deltio-eidiseon-stis-17-00-2141/,1
West Nile Virus,Netherlands,humans,confirmed_cases,2026-08-17,1,True,monotonicity,https://frognews.bg/novini/35-sluchaya-zapadnonilska-treska-severna-makedoniya-trima-pochinaha.html,1
West Nile Virus,Netherlands,humans,confirmed_deaths,2026-08-13,9,False,good,https://athina984.gr/2026/08/13/deltio-eidiseon-stis-17-00-2141/,1
West Nile Virus,"New York City, United States",mosquitoes,confirmed_cases,2026-08-18,100,False,good,https://www.bkreader.com/health-wellness/nyc-plans-mosquito-spraying-in-south-brooklyn-in-response-to-west-nile-virus-12676724,1
West Nile Virus,"North Dakota, United States",birds,confirmed_cases,2026-08-08,1,False,good,https://www.kvrr.com/news/health/nd-announces-first-case-of-west-nile-found-in-state-this-year/article_b4ea6b8c-66f1-4764-8b0c-b1421bd6c2c6.html; https://www.valleynewslive.com/2026/08/07/first-human-case-west-nile-virus-confirmed-north-dakota-cass-county-resident-hospitalized/,2
West Nile Virus,"North Dakota, United States",birds,suspected_cases,2026-08-08,1,False,good,https://www.kvrr.com/news/health/nd-announces-first-case-of-west-nile-found-in-state-this-year/article_b4ea6b8c-66f1-4764-8b0c-b1421bd6c2c6.html; https://www.valleynewslive.com/2026/08/07/first-human-case-west-nile-virus-confirmed-north-dakota-cass-county-resident-hospitalized/,2
West Nile Virus,"North Dakota, United States",humans,confirmed_cases,2026-08-08,1,False,good,https://www.inforum.com/news/north-dakota/north-dakota-reports-1st-west-nile-case-of-2026-cass-county-resident-hospitalized; https://www.kvrr.com/news/health/nd-announces-first-case-of-west-nile-found-in-state-this-year/article_b4ea6b8c-66f1-4764-8b0c-b1421bd6c2c6.html; https://www.valleynewslive.com/2026/08/07/first-human-case-west-nile-virus-confirmed-north-dakota-cass-county-resident-hospitalized/,3
West Nile Virus,North Macedonia,humans,confirmed_cases,2026-08-08,13,False,good,https://dariknews.bg/novini/bylgariia/prof.-kantardzhiev-zapadnonilskata-treska-veche-e-tuk-pacienti-se-vryshtat-ot-gyrciia-s-bolki-v-muskulite-2463157; https://sana.sy/es/world/2326257/; https://www.gmx.at/magazine/gesundheit/240-faelle-west-nil-fieber-europa-42590984; https://www.lrytas.lt/sveikata/ligos-ir-gydymas/2026/08/08/news/europoje-registruota-daugiau-kaip-240-vakaru-nilo-karstliges-atveju-43445159,4
West Nile Virus,North Macedonia,humans,confirmed_cases,2026-08-10,13,False,good,https://www.n-tv.de/wissen/West-Nil-Virus-breitet-sich-in-beliebten-Urlaubslaendern-aus-id31176062.html,1
West Nile Virus,North Macedonia,humans,confirmed_cases,2026-08-17,30,False,good,https://www.inewsgr.com/93/ios-tou-dytikou-neilou-oi-treis-perioches-stin-attiki-opou-vrisketai-se-exarsi--tha-afxithoun-ta-varia-krousmata-mechri-telos-oktovriou.htm,1
West Nile Virus,North Macedonia,humans,confirmed_cases,2026-08-17,3,True,chi-sq,https://www.huffingtonpost.gr/kinonia/ios-tou-dytikou-neilou-sto-kokkino-i-attiki-oi-perioches-pou-vriskontai-sto-epikentro-tis-exarsis/,1
West Nile Virus,North Macedonia,humans,confirmed_cases,2026-08-17,35,False,good,https://frognews.bg/novini/35-sluchaya-zapadnonilska-treska-severna-makedoniya-trima-pochinaha.html,1
West Nile Virus,North Macedonia,humans,confirmed_cases,2026-08-18,30,True,monotonicity,https://www.stoxos.gr/2026/08/blog-post_2765.html,1
West Nile Virus,North Macedonia,humans,confirmed_deaths,2026-08-13,1,False,good,https://duma.bg/v-skopie-obyaviha-epidemiya-ot-zapadnonilska-treska-n324041,1
West Nile Virus,North Macedonia,humans,confirmed_deaths,2026-08-17,3,False,good,https://frognews.bg/novini/35-sluchaya-zapadnonilska-treska-severna-makedoniya-trima-pochinaha.html,1
West Nile Virus,North Macedonia,humans,suspected_cases,2026-08-08,13,False,good,https://www.lrytas.lt/sveikata/ligos-ir-gydymas/2026/08/08/news/europoje-registruota-daugiau-kaip-240-vakaru-nilo-karstliges-atveju-43445159,1
West Nile Virus,North Macedonia,humans,suspected_cases,2026-08-17,3,True,monotonicity,https://www.huffingtonpost.gr/kinonia/ios-tou-dytikou-neilou-sto-kokkino-i-attiki-oi-perioches-pou-vriskontai-sto-epikentro-tis-exarsis/,1
West Nile Virus,"Palomares Del Río, Spain",humans,confirmed_cases,2026-08-11,3,False,good,https://www.europapress.es/andalucia/sevilla-00357/noticia-andalucia-suma-26-casos-virus-nilo-detectar-cinco-nuevos-provincia-sevilla-20260810135714.html,1
West Nile Virus,"Palomares Del Río, Spain",humans,confirmed_cases,2026-08-13,3,False,good,https://www.notimerica.com/vida/noticia-andalucia-eleva-34-casos-virus-nilo-detectar-tres-nuevos-provincia-sevilla-ellos-grave-20260813113113.html,1
West Nile Virus,"Palomares Del Río, Spain",humans,suspected_cases,2026-08-11,3,False,good,https://www.europapress.es/andalucia/sevilla-00357/noticia-andalucia-suma-26-casos-virus-nilo-detectar-cinco-nuevos-provincia-sevilla-20260810135714.html,1
West Nile Virus,"Papagou - Cholargos, Greece",humans,suspected_cases,2026-08-13,5,False,good,https://www.sofokleousin.gr/epixeiriseis/ygeia/eody-45-krousmata-loimoksis-tou-iou-tou-dytikou-neilou-tin-teleyt,1
West Nile Virus,"Paros, Greece",humans,confirmed_deaths,2026-08-13,9,False,good,https://athina984.gr/2026/08/13/deltio-eidiseon-stis-17-00-2141/,1
West Nile Virus,"Pee Dee Region, United States",mosquitos,confirmed_cases,2026-08-14,1,False,good,https://www.wmbfnews.com/2026/08/14/mosquito-georgetown-county-tests-positive-west-nile-virus/,1
West Nile Virus,"Pella, Greece",humans,confirmed_cases,2026-08-15,6,False,good,https://www.newsit.gr/ellada/ios-tou-dytikou-neilou-ayksisi-krousmaton-stin-attiki-magiorkinis-sto-epikentro-spata-kai-markopoulo/4751403/,1
West Nile Virus,"Polk County, United States",horses,confirmed_cases,2026-08-14,1,False,good,https://www.perhamfocus.com/news/local/unvaccinated-polk-county-horse-contracts-west-nile-virus,1
West Nile Virus,"Polk County, United States",horses,suspected_cases,2026-08-14,1,False,good,https://www.perhamfocus.com/news/local/unvaccinated-polk-county-horse-contracts-west-nile-virus,1
West Nile Virus,Provinces Of Italy,humans,confirmed_deaths,2026-08-17,7,False,good,https://en.shafaqna.com/471648/eu-centre-for-disease-prevention-calls-for-protection-against-west-nile-virus/,1
West Nile Virus,Provinces Of Italy,humans,suspected_deaths,2026-08-17,7,False,good,https://en.shafaqna.com/471648/eu-centre-for-disease-prevention-calls-for-protection-against-west-nile-virus/,1
West Nile Virus,"Rafina Pikermi Municipality, Greece",humans,confirmed_cases,2026-08-15,7,False,good,https://www.newsit.gr/ellada/ios-tou-dytikou-neilou-ayksisi-krousmaton-stin-attiki-magiorkinis-sto-epikentro-spata-kai-markopoulo/4751403/,1
West Nile Virus,"Rafina Pikermi Municipality, Greece",humans,suspected_cases,2026-08-13,5,False,good,https://www.sofokleousin.gr/epixeiriseis/ygeia/eody-45-krousmata-loimoksis-tou-iou-tou-dytikou-neilou-tin-teleyt,1
West Nile Virus,Regions Of Italy,humans,confirmed_deaths,2026-08-17,7,False,good,https://en.shafaqna.com/471648/eu-centre-for-disease-prevention-calls-for-protection-against-west-nile-virus/,1
West Nile Virus,Regions Of Italy,humans,suspected_deaths,2026-08-17,7,False,good,https://en.shafaqna.com/471648/eu-centre-for-disease-prevention-calls-for-protection-against-west-nile-virus/,1
West Nile Virus,"Rhein-Pfalz District, Germany",humans,confirmed_cases,2026-08-10,1,False,good,https://www.n-tv.de/wissen/West-Nil-Virus-breitet-sich-in-beliebten-Urlaubslaendern-aus-id31176062.html,1
West Nile Virus,"Rhein-Pfalz District, Germany",humans,suspected_cases,2026-08-10,1,False,good,https://www.n-tv.de/wissen/West-Nil-Virus-breitet-sich-in-beliebten-Urlaubslaendern-aus-id31176062.html,1
West Nile Virus,"Rhodes, Greece",humans,confirmed_cases,2026-08-13,110,False,good,https://athina984.gr/2026/08/13/deltio-eidiseon-stis-13-00-2132/,1
West Nile Virus,"Rhodes, Greece",humans,confirmed_deaths,2026-08-13,9,False,good,https://athina984.gr/2026/08/13/deltio-eidiseon-stis-13-00-2132/,1
West Nile Virus,"Richland County, United States",animals,confirmed_cases,2026-08-08,1,False,good,https://www.valleynewslive.com/2026/08/07/first-human-case-west-nile-virus-confirmed-north-dakota-cass-county-resident-hospitalized/,1
West Nile Virus,"Richland County, United States",birds,confirmed_cases,2026-08-08,1,False,good,https://www.kvrr.com/news/health/nd-announces-first-case-of-west-nile-found-in-state-this-year/article_b4ea6b8c-66f1-4764-8b0c-b1421bd6c2c6.html,1
West Nile Virus,"Richland County, United States",birds,suspected_cases,2026-08-08,1,False,good,https://www.kvrr.com/news/health/nd-announces-first-case-of-west-nile-found-in-state-this-year/article_b4ea6b8c-66f1-4764-8b0c-b1421bd6c2c6.html,1
West Nile Virus,"Richland County, United States",birds,suspected_deaths,2026-08-08,1,False,good,https://www.kvrr.com/news/health/nd-announces-first-case-of-west-nile-found-in-state-this-year/article_b4ea6b8c-66f1-4764-8b0c-b1421bd6c2c6.html,1
West Nile Virus,"Rocky Point, United States",mosquitoes,confirmed_cases,2026-08-14,2,False,good,https://suffolkcountyny.gov/News/ArtMID/583/ArticleID/15269/Twenty-Five-Mosquito-Samples-Test-Positive-for-West-Nile-Virus,1
West Nile Virus,Romania,humans,confirmed_cases,2026-08-08,6,False,good,https://dariknews.bg/novini/bylgariia/prof.-kantardzhiev-zapadnonilskata-treska-veche-e-tuk-pacienti-se-vryshtat-ot-gyrciia-s-bolki-v-muskulite-2463157; https://sana.sy/es/world/2326257/; https://www.gmx.at/magazine/gesundheit/240-faelle-west-nil-fieber-europa-42590984; https://www.lrytas.lt/sveikata/ligos-ir-gydymas/2026/08/08/news/europoje-registruota-daugiau-kaip-240-vakaru-nilo-karstliges-atveju-43445159,4
West Nile Virus,Romania,humans,confirmed_cases,2026-08-10,6,False,good,https://www.n-tv.de/wissen/West-Nil-Virus-breitet-sich-in-beliebten-Urlaubslaendern-aus-id31176062.html,1
West Nile Virus,Romania,humans,confirmed_cases,2026-08-17,18,False,good,https://www.inewsgr.com/93/ios-tou-dytikou-neilou-oi-treis-perioches-stin-attiki-opou-vrisketai-se-exarsi--tha-afxithoun-ta-varia-krousmata-mechri-telos-oktovriou.htm,1
West Nile Virus,Romania,humans,confirmed_cases,2026-08-17,12,True,monotonicity,https://www.huffingtonpost.gr/kinonia/ios-tou-dytikou-neilou-sto-kokkino-i-attiki-oi-perioches-pou-vriskontai-sto-epikentro-tis-exarsis/,1
West Nile Virus,Romania,humans,confirmed_deaths,2026-08-17,1,False,good,https://www.inewsgr.com/93/ios-tou-dytikou-neilou-oi-treis-perioches-stin-attiki-opou-vrisketai-se-exarsi--tha-afxithoun-ta-varia-krousmata-mechri-telos-oktovriou.htm; https://www.tanea.gr/2026/08/17/greece/ios-dytikou-neilou-stin-attiki-to-70-ton-krousmaton-mexri-oktovri-se-synagermo-gia-kounoupia/,2
West Nile Virus,Romania,humans,confirmed_deaths,2026-08-17,9,False,good,https://www.huffingtonpost.gr/kinonia/ios-tou-dytikou-neilou-sto-kokkino-i-attiki-oi-perioches-pou-vriskontai-sto-epikentro-tis-exarsis/,1
West Nile Virus,Romania,humans,suspected_cases,2026-08-08,6,False,good,https://dariknews.bg/novini/bylgariia/prof.-kantardzhiev-zapadnonilskata-treska-veche-e-tuk-pacienti-se-vryshtat-ot-gyrciia-s-bolki-v-muskulite-2463157; https://sana.sy/es/world/2326257/; https://www.gmx.at/magazine/gesundheit/240-faelle-west-nil-fieber-europa-42590984,3
West Nile Virus,Romania,humans,suspected_cases,2026-08-10,6,False,good,https://www.n-tv.de/wissen/West-Nil-Virus-breitet-sich-in-beliebten-Urlaubslaendern-aus-id31176062.html,1
West Nile Virus,Romania,humans,suspected_cases,2026-08-17,12,False,good,https://www.huffingtonpost.gr/kinonia/ios-tou-dytikou-neilou-sto-kokkino-i-attiki-oi-perioches-pou-vriskontai-sto-epikentro-tis-exarsis/,1
West Nile Virus,"Salobreña, Spain",humans,confirmed_cases,2026-08-10,26,False,good,https://www.larazon.es/sociedad/aumenta-numero-casos-fiebre-nilo_202608106a79f66471b42a0b5de7f704.html,1
West Nile Virus,"San Diego Metro Areas, United States",birds,suspected_cases,2026-08-16,373,False,good,https://www.latimes.com/science/story/2026-08-16/insects-ticks-coming-for-us,1
West Nile Virus,Serbia,humans,confirmed_cases,2026-08-17,2,False,good,https://www.inewsgr.com/93/ios-tou-dytikou-neilou-oi-treis-perioches-stin-attiki-opou-vrisketai-se-exarsi--tha-afxithoun-ta-varia-krousmata-mechri-telos-oktovriou.htm; https://www.tanea.gr/2026/08/17/greece/ios-dytikou-neilou-stin-attiki-to-70-ton-krousmaton-mexri-oktovri-se-synagermo-gia-kounoupia/,2
West Nile Virus,Serbia,humans,confirmed_cases,2026-08-17,1,True,monotonicity,https://www.huffingtonpost.gr/kinonia/ios-tou-dytikou-neilou-sto-kokkino-i-attiki-oi-perioches-pou-vriskontai-sto-epikentro-tis-exarsis/,1
West Nile Virus,Serbia,humans,confirmed_cases,2026-08-18,2,False,good,https://www.stoxos.gr/2026/08/blog-post_2765.html,1
West Nile Virus,Serbia,humans,suspected_cases,2026-08-17,2,False,good,https://www.inewsgr.com/93/ios-tou-dytikou-neilou-oi-treis-perioches-stin-attiki-opou-vrisketai-se-exarsi--tha-afxithoun-ta-varia-krousmata-mechri-telos-oktovriou.htm; https://www.tanea.gr/2026/08/17/greece/ios-dytikou-neilou-stin-attiki-to-70-ton-krousmaton-mexri-oktovri-se-synagermo-gia-kounoupia/,2
West Nile Virus,"Seville Province, Spain",humans,confirmed_cases,2026-08-09,102,True,chi-sq,https://www.abc.es/sevilla/ciudad/jordi-figuerola-investigador-virus-nilo-casos-asintomaticos-20260809154209-nts.html,1
West Nile Virus,"Seville Province, Spain",humans,confirmed_cases,2026-08-10,26,False,good,https://www.andaluciainformacion.es/articulo/torredonjimeno/torredonjimeno-sale-alerta-virus-nilo/202608101747043452208.html; https://www.larazon.es/sociedad/aumenta-numero-casos-fiebre-nilo_202608106a79f66471b42a0b5de7f704.html,2
West Nile Virus,"Seville Province, Spain",humans,confirmed_cases,2026-08-11,26,False,good,https://www.europapress.es/andalucia/sevilla-00357/noticia-andalucia-suma-26-casos-virus-nilo-detectar-cinco-nuevos-provincia-sevilla-20260810135714.html,1
West Nile Virus,"Seville Province, Spain",humans,confirmed_cases,2026-08-13,34,False,good,https://www.notimerica.com/vida/noticia-andalucia-eleva-34-casos-virus-nilo-detectar-tres-nuevos-provincia-sevilla-ellos-grave-20260813113113.html,1
West Nile Virus,"Seville Province, Spain",humans,confirmed_cases,2026-08-14,38,False,good,https://www.laopiniondemalaga.es/andalucia/2026/08/14/virus-nilo-avanza-andalucia-38-133368759.html,1
West Nile Virus,"Seville Province, Spain",humans,confirmed_cases,2026-08-17,42,False,good,https://www.que.es/2026/08/17/fiebre-del-nilo-perros-hinojos/,1
West Nile Virus,"Seville Province, Spain",humans,confirmed_cases,2026-08-18,42,False,good,https://www.abc.es/sevilla/provincia/villamanrique-pueblo-casos-virus-nilo-concienciar-duenos-20260818143928-nts.html,1
West Nile Virus,"Seville Province, Spain",humans,confirmed_deaths,2026-08-10,1,False,good,https://www.larazon.es/sociedad/aumenta-numero-casos-fiebre-nilo_202608106a79f66471b42a0b5de7f704.html,1
West Nile Virus,"Seville Province, Spain",humans,confirmed_deaths,2026-08-17,1,False,good,https://www.que.es/2026/08/17/fiebre-del-nilo-perros-hinojos/,1
West Nile Virus,"Seville Province, Spain",humans,suspected_cases,2026-08-11,5,False,good,https://www.europapress.es/andalucia/sevilla-00357/noticia-andalucia-suma-26-casos-virus-nilo-detectar-cinco-nuevos-provincia-sevilla-20260810135714.html,1
West Nile Virus,"Seville Province, Spain",humans,suspected_cases,2026-08-18,42,False,good,https://www.abc.es/sevilla/provincia/villamanrique-pueblo-casos-virus-nilo-concienciar-duenos-20260818143928-nts.html,1
West Nile Virus,"Shelby County, United States",humans,confirmed_cases,2026-08-13,3,False,good,https://www.fox13memphis.com/news/shelby-county-reports-3-west-nile-cases-as-virus-appears-earlier-than-usual/article_dbbc20e0-dd5a-44be-be4c-0d5afde7db35.html,1
West Nile Virus,"Shelby County, United States",humans,suspected_cases,2026-08-13,3,False,good,https://www.fox13memphis.com/news/shelby-county-reports-3-west-nile-cases-as-virus-appears-earlier-than-usual/article_dbbc20e0-dd5a-44be-be4c-0d5afde7db35.html,1
West Nile Virus,"Sioux County, United States",animals,confirmed_cases,2026-08-08,1,False,good,https://www.kvrr.com/news/health/nd-announces-first-case-of-west-nile-found-in-state-this-year/article_b4ea6b8c-66f1-4764-8b0c-b1421bd6c2c6.html; https://www.valleynewslive.com/2026/08/07/first-human-case-west-nile-virus-confirmed-north-dakota-cass-county-resident-hospitalized/,2
West Nile Virus,"Skopje, North Macedonia",humans,confirmed_cases,2026-08-13,13,False,good,https://duma.bg/v-skopie-obyaviha-epidemiya-ot-zapadnonilska-treska-n324041,1
West Nile Virus,"Skopje, North Macedonia",humans,confirmed_cases,2026-08-15,24,False,good,https://english.republika.mk/macedonia/second-patient-died-from-the-west-nile-fever/,1
West Nile Virus,"Skopje, North Macedonia",humans,confirmed_deaths,2026-08-13,1,False,good,https://www.actualno.com/balkani/mickoski-izpusna-kontrola-smyrten-sluchaj-i-epidemija-ot-zapadnonilska-treska-v-rsm-news_2628468.html,1
West Nile Virus,"Skopje, North Macedonia",humans,confirmed_deaths,2026-08-15,2,False,good,https://english.republika.mk/macedonia/second-patient-died-from-the-west-nile-fever/,1
West Nile Virus,"Skopje, North Macedonia",humans,confirmed_deaths,2026-08-17,3,False,good,https://frognews.bg/novini/35-sluchaya-zapadnonilska-treska-severna-makedoniya-trima-pochinaha.html,1
West Nile Virus,"Skopje, North Macedonia",humans,suspected_cases,2026-08-15,5,False,good,https://english.republika.mk/macedonia/second-patient-died-from-the-west-nile-fever/,1
West Nile Virus,"Sonoma County, United States",birds,suspected_cases,2026-08-16,373,False,good,https://www.latimes.com/science/story/2026-08-16/insects-ticks-coming-for-us,1
West Nile Virus,"South Brooklyn, United States",mosquitoes,confirmed_cases,2026-08-18,100,False,good,https://www.bkreader.com/health-wellness/nyc-plans-mosquito-spraying-in-south-brooklyn-in-response-to-west-nile-virus-12676724,1
West Nile Virus,"South Carolina, United States",mosquitoes,confirmed_cases,2026-08-14,1,False,good,https://wpde.com/news/local/mosquito-tests-positive-for-west-nile-virus-in-georgetown-county-georgetown-county-mosquito-control-and-the-south-carolina-department-of-public-health; https://www.wmbfnews.com/2026/08/14/mosquito-georgetown-county-tests-positive-west-nile-virus/,2
West Nile Virus,"Southern California, United States",birds,confirmed_cases,2026-08-16,373,False,good,https://www.latimes.com/science/story/2026-08-16/insects-ticks-coming-for-us,1
West Nile Virus,"Southern California, United States",birds,confirmed_deaths,2026-08-16,373,False,good,https://www.latimes.com/science/story/2026-08-16/insects-ticks-coming-for-us,1
West Nile Virus,"Southern California, United States",birds,suspected_cases,2026-08-16,373,False,good,https://www.latimes.com/science/story/2026-08-16/insects-ticks-coming-for-us,1
West Nile Virus,"Southern California, United States",birds,suspected_deaths,2026-08-16,373,False,good,https://www.latimes.com/science/story/2026-08-16/insects-ticks-coming-for-us,1
West Nile Virus,"Southern Europe, Greece",humans,confirmed_cases,2026-08-08,61,False,good,https://dariknews.bg/novini/bylgariia/prof.-kantardzhiev-zapadnonilskata-treska-veche-e-tuk-pacienti-se-vryshtat-ot-gyrciia-s-bolki-v-muskulite-2463157,1
West Nile Virus,"Southern Europe, Italy",humans,confirmed_cases,2026-08-08,240,False,good,https://sana.sy/health/2548239/,1
West Nile Virus,"Southern Europe, Italy",humans,confirmed_cases,2026-08-10,99,True,monotonicity,https://www.shz.de/lebenswelten/gesundheit-fitness/artikel/west-nil-fieber-konsequenter-mueckenschutz-ist-wichtig-51056550,1
West Nile Virus,"Southern European Vacation Countries, Germany",humans,confirmed_cases,2026-08-10,100,False,good,https://www.shz.de/lebenswelten/gesundheit-fitness/artikel/west-nil-fieber-konsequenter-mueckenschutz-ist-wichtig-51056550,1
West Nile Virus,Southwestern Spain,humans,confirmed_cases,2026-08-09,22,False,good,https://www.laregion.es/salud/virus-nilo-alerta-suroeste-espana-casos-fallecido_1_20260809-4379729.html,1
West Nile Virus,Southwestern Spain,humans,confirmed_deaths,2026-08-09,1,False,good,https://www.laregion.es/salud/virus-nilo-alerta-suroeste-espana-casos-fallecido_1_20260809-4379729.html,1
West Nile Virus,Southwestern Spain,humans,suspected_cases,2026-08-09,22,False,good,https://www.laregion.es/salud/virus-nilo-alerta-suroeste-espana-casos-fallecido_1_20260809-4379729.html,1
West Nile Virus,"Southwestern regions, Spain",humans,confirmed_cases,2026-08-09,22,False,good,https://www.laregion.es/salud/virus-nilo-alerta-suroeste-espana-casos-fallecido_1_20260809-4379729.html,1
West Nile Virus,"Southwestern regions, Spain",humans,confirmed_deaths,2026-08-09,1,False,good,https://www.laregion.es/salud/virus-nilo-alerta-suroeste-espana-casos-fallecido_1_20260809-4379729.html,1
West Nile Virus,"Southwestern regions, Spain",humans,suspected_cases,2026-08-09,22,False,good,https://www.laregion.es/salud/virus-nilo-alerta-suroeste-espana-casos-fallecido_1_20260809-4379729.html,1
West Nile Virus,Spain,birds,confirmed_cases,2026-08-08,17,False,good,https://www.lrytas.lt/sveikata/ligos-ir-gydymas/2026/08/08/news/europoje-registruota-daugiau-kaip-240-vakaru-nilo-karstliges-atveju-43445159,1
West Nile Virus,Spain,humans,confirmed_cases,2026-08-08,17,False,good,https://sana.sy/es/world/2326257/; https://www.lrytas.lt/sveikata/ligos-ir-gydymas/2026/08/08/news/europoje-registruota-daugiau-kaip-240-vakaru-nilo-karstliges-atveju-43445159,2
West Nile Virus,Spain,humans,confirmed_cases,2026-08-09,158,False,good,https://www.abc.es/sevilla/ciudad/jordi-figuerola-investigador-virus-nilo-casos-asintomaticos-20260809154209-nts.html,1
West Nile Virus,Spain,humans,confirmed_cases,2026-08-17,42,True,monotonicity,https://www.inewsgr.com/93/ios-tou-dytikou-neilou-oi-treis-perioches-stin-attiki-opou-vrisketai-se-exarsi--tha-afxithoun-ta-varia-krousmata-mechri-telos-oktovriou.htm,1
West Nile Virus,Spain,humans,confirmed_cases,2026-08-17,2,True,monotonicity,https://www.huffingtonpost.gr/kinonia/ios-tou-dytikou-neilou-sto-kokkino-i-attiki-oi-perioches-pou-vriskontai-sto-epikentro-tis-exarsis/,1
West Nile Virus,Spain,humans,confirmed_cases,2026-08-18,9,True,monotonicity,https://www.abc.es/sevilla/provincia/villamanrique-pueblo-casos-virus-nilo-concienciar-duenos-20260818143928-nts.html,1
West Nile Virus,Spain,humans,confirmed_cases,2026-08-18,42,True,monotonicity,https://www.stoxos.gr/2026/08/blog-post_2765.html,1
West Nile Virus,Spain,humans,confirmed_deaths,2026-08-09,1,False,good,https://www.laregion.es/salud/virus-nilo-alerta-suroeste-espana-casos-fallecido_1_20260809-4379729.html,1
West Nile Virus,Spain,humans,suspected_cases,2026-08-17,42,False,good,https://www.inewsgr.com/93/ios-tou-dytikou-neilou-oi-treis-perioches-stin-attiki-opou-vrisketai-se-exarsi--tha-afxithoun-ta-varia-krousmata-mechri-telos-oktovriou.htm,1
West Nile Virus,Spain,humans,suspected_cases,2026-08-17,2,True,monotonicity,https://www.huffingtonpost.gr/kinonia/ios-tou-dytikou-neilou-sto-kokkino-i-attiki-oi-perioches-pou-vriskontai-sto-epikentro-tis-exarsis/,1
West Nile Virus,Spain,humans,suspected_cases,2026-08-18,42,False,good,https://www.stoxos.gr/2026/08/blog-post_2765.html,1
West Nile Virus,"Spata - Artemida, Greece",humans,confirmed_cases,2026-08-13,13,False,good,https://www.protothema.gr/greece/article/1864258/se-ellada-kai-italia-i-megaluteri-exaplosi-tou-iou-tou-dutikou-neilou-stin-europi-oi-dimoi-me-ta-perissotera-krousmata/,1
West Nile Virus,"Spata - Artemida, Greece",humans,suspected_cases,2026-08-13,5,False,good,https://www.sofokleousin.gr/epixeiriseis/ygeia/eody-45-krousmata-loimoksis-tou-iou-tou-dytikou-neilou-tin-teleyt,1
West Nile Virus,Spata Artemida,humans,confirmed_cases,2026-08-15,13,False,good,https://www.newsit.gr/ellada/ios-tou-dytikou-neilou-ayksisi-krousmaton-stin-attiki-magiorkinis-sto-epikentro-spata-kai-markopoulo/4751403/,1
West Nile Virus,Spata Artemida,humans,suspected_cases,2026-08-15,13,False,good,https://www.newsit.gr/ellada/ios-tou-dytikou-neilou-ayksisi-krousmaton-stin-attiki-magiorkinis-sto-epikentro-spata-kai-markopoulo/4751403/,1
West Nile Virus,"Spata, Greece",humans,confirmed_cases,2026-08-15,13,False,good,https://www.newsit.gr/ellada/ios-tou-dytikou-neilou-ayksisi-krousmaton-stin-attiki-magiorkinis-sto-epikentro-spata-kai-markopoulo/4751403/,1
West Nile Virus,"Spata, Greece",humans,suspected_cases,2026-08-15,13,False,good,https://www.newsit.gr/ellada/ios-tou-dytikou-neilou-ayksisi-krousmaton-stin-attiki-magiorkinis-sto-epikentro-spata-kai-markopoulo/4751403/,1
West Nile Virus,"Suffolk County, United States",crows,confirmed_cases,2026-08-14,2,False,good,https://suffolkcountyny.gov/News/ArtMID/583/ArticleID/15269/Twenty-Five-Mosquito-Samples-Test-Positive-for-West-Nile-Virus,1
West Nile Virus,"Suffolk County, United States",crows,confirmed_deaths,2026-08-14,2,False,good,https://suffolkcountyny.gov/News/ArtMID/583/ArticleID/15269/Twenty-Five-Mosquito-Samples-Test-Positive-for-West-Nile-Virus,1
West Nile Virus,"Suffolk County, United States",crows,suspected_cases,2026-08-14,2,False,good,https://suffolkcountyny.gov/News/ArtMID/583/ArticleID/15269/Twenty-Five-Mosquito-Samples-Test-Positive-for-West-Nile-Virus,1
West Nile Virus,"Suffolk County, United States",crows,suspected_deaths,2026-08-14,2,False,good,https://suffolkcountyny.gov/News/ArtMID/583/ArticleID/15269/Twenty-Five-Mosquito-Samples-Test-Positive-for-West-Nile-Virus,1
West Nile Virus,"Suffolk County, United States",mosquitoes,confirmed_cases,2026-08-14,54,False,good,https://suffolkcountyny.gov/News/ArtMID/583/ArticleID/15269/Twenty-Five-Mosquito-Samples-Test-Positive-for-West-Nile-Virus,1
West Nile Virus,"Texas, United States",humans,confirmed_cases,2026-08-07,18,False,good,https://nypost.com/2026/08/07/health/brain-swelling-disease-carried-by-mosquitos-is-surging-with-highest-numbers-so-far-in-22-years/,1
West Nile Virus,"Texas, United States",humans,confirmed_cases,2026-08-13,23,False,good,https://www.kut.org/health/2026-08-13/hays-county-human-case-west-nile-virus-tx-mosquito,1
West Nile Virus,"Texas, United States",humans,suspected_cases,2026-08-07,18,False,good,https://nypost.com/2026/08/07/health/brain-swelling-disease-carried-by-mosquitos-is-surging-with-highest-numbers-so-far-in-22-years/,1
West Nile Virus,"Texas, United States",humans,suspected_cases,2026-08-13,23,False,good,https://www.kut.org/health/2026-08-13/hays-county-human-case-west-nile-virus-tx-mosquito,1
West Nile Virus,"The Berkshires, United States",mosquitoes,confirmed_cases,2026-08-15,137,False,good,https://www.berkshireeagle.com/news/local/west-nile-berkshire-county-update/article_ad38d8b7-3435-48b4-864f-7ff01fc1f549.html,1
West Nile Virus,"The Berkshires, United States",mosquitoes,suspected_cases,2026-08-15,137,False,good,https://www.berkshireeagle.com/news/local/west-nile-berkshire-county-update/article_ad38d8b7-3435-48b4-864f-7ff01fc1f549.html,1
West Nile Virus,"The Clinic, North Macedonia",humans,confirmed_cases,2026-08-15,19,False,good,https://english.republika.mk/macedonia/second-patient-died-from-the-west-nile-fever/,1
West Nile Virus,"The Clinic, North Macedonia",humans,confirmed_deaths,2026-08-15,2,False,good,https://english.republika.mk/macedonia/second-patient-died-from-the-west-nile-fever/,1
West Nile Virus,"The Clinic, North Macedonia",humans,suspected_cases,2026-08-15,5,False,good,https://english.republika.mk/macedonia/second-patient-died-from-the-west-nile-fever/,1
West Nile Virus,"The Clinic, North Macedonia",humans,suspected_deaths,2026-08-15,2,False,good,https://english.republika.mk/macedonia/second-patient-died-from-the-west-nile-fever/,1
West Nile Virus,"Thessaly Region, Greece",humans,confirmed_deaths,2026-08-09,6,False,good,https://www.cretalive.gr/ellada/ios-dytikoy-neiloy-oli-i-attiki-sto-epikentro-ton-kroysmaton,1
West Nile Virus,"Thessaly Region, Greece",humans,confirmed_deaths,2026-08-16,9,False,good,https://www.capital.gr/health/4010918/ios-tou-dutikou-neilou-i-elliniki-etaireia-loimoxeon-zita-amesi-klimakosi-ton-draseon/,1
West Nile Virus,United States,birds,confirmed_deaths,2026-08-11,5,False,good,https://www.independent.co.uk/news/world/americas/mosquitoes-us-summer-drought-climate-west-nile-virus-b3030595.html,1
West Nile Virus,United States,birds,suspected_cases,2026-08-07,200,False,good,https://www.mississippivalleypublishing.com/daily_gate/daily_gate/first-2026-case-of-west-nile-virus-reported-in-iowa/article_156cc9a3-3861-487b-a8b2-5247ea85b76a.html,1
West Nile Virus,United States,birds,suspected_cases,2026-08-11,148,True,monotonicity,https://www.independent.co.uk/news/world/americas/mosquitoes-us-summer-drought-climate-west-nile-virus-b3030595.html,1
West Nile Virus,United States,birds,suspected_deaths,2026-08-11,5,False,good,https://www.independent.co.uk/news/world/americas/mosquitoes-us-summer-drought-climate-west-nile-virus-b3030595.html,1
West Nile Virus,United States,humans,confirmed_cases,2026-08-07,143,False,good,https://nypost.com/2026/08/07/health/brain-swelling-disease-carried-by-mosquitos-is-surging-with-highest-numbers-so-far-in-22-years/,1
West Nile Virus,United States,humans,confirmed_cases,2026-08-11,143,False,good,https://www.independent.co.uk/news/world/americas/mosquitoes-us-summer-drought-climate-west-nile-virus-b3030595.html,1
West Nile Virus,United States,humans,confirmed_cases,2026-08-13,23,True,chi-sq,https://www.kut.org/health/2026-08-13/hays-county-human-case-west-nile-virus-tx-mosquito,1
West Nile Virus,United States,humans,confirmed_cases,2026-08-14,181,False,good,https://www.klkntv.com/douglas-county-reports-first-human-west-nile-virus-case-of-the-summer-season/,1
West Nile Virus,United States,humans,confirmed_cases,2026-08-18,143,True,monotonicity,https://www.medicaldaily.com/cdc-advisory-rituximab-b-cell-drugs-severe-arboviral-risk-477432,1
West Nile Virus,United States,humans,confirmed_cases,2026-08-18,180,False,good,https://www.independent.co.uk/news/world/americas/west-nile-virus-mosquito-cases-deaths-us-b3034893.html,1
West Nile Virus,United States,humans,confirmed_deaths,2026-08-11,5,False,good,https://www.independent.co.uk/news/world/americas/mosquitoes-us-summer-drought-climate-west-nile-virus-b3030595.html,1
West Nile Virus,United States,humans,suspected_cases,2026-08-11,143,False,good,https://www.independent.co.uk/news/world/americas/mosquitoes-us-summer-drought-climate-west-nile-virus-b3030595.html,1
West Nile Virus,United States,humans,suspected_cases,2026-08-13,23,True,chi-sq,https://www.kut.org/health/2026-08-13/hays-county-human-case-west-nile-virus-tx-mosquito,1
West Nile Virus,United States,humans,suspected_cases,2026-08-18,143,False,good,https://www.medicaldaily.com/cdc-advisory-rituximab-b-cell-drugs-severe-arboviral-risk-477432,1
West Nile Virus,United States,humans,suspected_cases,2026-08-18,180,False,good,https://www.independent.co.uk/news/world/americas/west-nile-virus-mosquito-cases-deaths-us-b3034893.html,1
West Nile Virus,United States,humans,suspected_deaths,2026-08-11,5,False,good,https://www.independent.co.uk/news/world/americas/mosquitoes-us-summer-drought-climate-west-nile-virus-b3030595.html,1
West Nile Virus,"Vari - Voula - Voulagmeni municipality, Greece",humans,confirmed_cases,2026-08-13,7,False,good,https://www.protothema.gr/greece/article/1864258/se-ellada-kai-italia-i-megaluteri-exaplosi-tou-iou-tou-dutikou-neilou-stin-europi-oi-dimoi-me-ta-perissotera-krousmata/; https://www.sofokleousin.gr/epixeiriseis/ygeia/eody-45-krousmata-loimoksis-tou-iou-tou-dytikou-neilou-tin-teleyt,2
West Nile Virus,"Vari - Voula - Voulagmeni municipality, Greece",humans,confirmed_deaths,2026-08-13,9,False,good,https://www.protothema.gr/greece/article/1864258/se-ellada-kai-italia-i-megaluteri-exaplosi-tou-iou-tou-dutikou-neilou-stin-europi-oi-dimoi-me-ta-perissotera-krousmata/,1
West Nile Virus,"Vari - Voula - Voulagmeni municipality, Greece",humans,suspected_cases,2026-08-13,7,False,good,https://www.protothema.gr/greece/article/1864258/se-ellada-kai-italia-i-megaluteri-exaplosi-tou-iou-tou-dutikou-neilou-stin-europi-oi-dimoi-me-ta-perissotera-krousmata/; https://www.sofokleousin.gr/epixeiriseis/ygeia/eody-45-krousmata-loimoksis-tou-iou-tou-dytikou-neilou-tin-teleyt,2
West Nile Virus,Vari Voula Vuliagmeni Municipality,humans,confirmed_cases,2026-08-13,7,False,good,https://athina984.gr/2026/08/13/eody-45-kroysmata-loimoxis-toy-ioy-toy-dytikoy-neiloy-tin-teleytaia-evdomada-110-synolika-9-thanatoi/,1
West Nile Virus,Varis Voula Vouliagmeni,humans,confirmed_cases,2026-08-15,7,False,good,https://www.newsit.gr/ellada/ios-tou-dytikou-neilou-ayksisi-krousmaton-stin-attiki-magiorkinis-sto-epikentro-spata-kai-markopoulo/4751403/,1
West Nile Virus,"Villamanrique De La Condesa, Spain",humans,confirmed_cases,2026-08-11,2,False,good,https://www.europapress.es/andalucia/sevilla-00357/noticia-andalucia-suma-26-casos-virus-nilo-detectar-cinco-nuevos-provincia-sevilla-20260810135714.html,1
West Nile Virus,"Villamanrique De La Condesa, Spain",humans,confirmed_cases,2026-08-13,7,True,chi-sq,https://www.notimerica.com/vida/noticia-andalucia-eleva-34-casos-virus-nilo-detectar-tres-nuevos-provincia-sevilla-ellos-grave-20260813113113.html,1
West Nile Virus,"Villamanrique De La Condesa, Spain",humans,confirmed_cases,2026-08-18,9,False,good,https://www.abc.es/sevilla/provincia/villamanrique-pueblo-casos-virus-nilo-concienciar-duenos-20260818143928-nts.html,1
West Nile Virus,"Villamanrique De La Condesa, Spain",humans,confirmed_cases,2026-08-18,10,False,good,https://www.sevillaactualidad.com/provincia/597227-andalucia-alcanza-los-46-casos-de-fiebre-del-nilo-tras-tres-nuevos-positivos-en-sevilla/,1
West Nile Virus,"Villamanrique De La Condesa, Spain",humans,suspected_cases,2026-08-11,2,False,good,https://www.europapress.es/andalucia/sevilla-00357/noticia-andalucia-suma-26-casos-virus-nilo-detectar-cinco-nuevos-provincia-sevilla-20260810135714.html,1
West Nile Virus,"Villamanrique De La Condesa, Spain",humans,suspected_cases,2026-08-18,9,False,good,https://www.abc.es/sevilla/provincia/villamanrique-pueblo-casos-virus-nilo-concienciar-duenos-20260818143928-nts.html,1
West Nile Virus,"Villamanrique De La Condesa, Spain",humans,suspected_cases,2026-08-18,10,False,good,https://www.sevillaactualidad.com/provincia/597227-andalucia-alcanza-los-46-casos-de-fiebre-del-nilo-tras-tres-nuevos-positivos-en-sevilla/,1
West Nile Virus,"Western State, United States",humans,confirmed_deaths,2026-08-11,5,False,good,https://www.independent.co.uk/news/world/americas/mosquitoes-us-summer-drought-climate-west-nile-virus-b3030595.html,1
West Nile Virus,"Western states, United States",humans,confirmed_deaths,2026-08-11,5,False,good,https://www.independent.co.uk/news/world/americas/mosquitoes-us-summer-drought-climate-west-nile-virus-b3030595.html,1
West Nile Virus,"Yuba County, United States",humans,confirmed_cases,2026-08-15,1,False,good,https://yubanet.com/regional/first-confirmed-human-case-of-west-nile-in-yuba-county/,1
